TaskID,TaskType,MachineID,MachineType,MachineAgeYears,OperatorID,OperatorSkillLevel,OperatorExperienceYears,WeatherCondition,AmbientTemperatureC,HumidityPercent,WindSpeedKph,SiteTerrainType,MaterialType,LoadVolumeM3,DistanceCoveredM,TimeOfDay,ShiftHoursElapsed,NumberOfBreaks,PriorTaskDelayMin,IdlingDuringTaskMin,FuelConsumedDuringTaskL,EstimatedTimeMin,ActualTimeMin,SafetyIncidentDuringTask
T00001,Trenching,BLD001,Bulldozer,2,OP004,Beginner,1,Sunny,23.93,58.87,4.76,Hilly,Soil,26.65,466.03,Afternoon,2.10,0,11.08,10.42,3.55,51.75,73.08,No
T00002,Grading,GRD001,Grader,6,OP017,Intermediate,6,Cloudy,18.96,42.70,5.59,Rocky,Soil,56.11,25.32,Morning,1.28,2,6.25,5.35,3.07,42.26,47.96,No
T00003,Trenching,GRD001,Grader,6,OP017,Intermediate,6,Rainy,13.92,74.70,0.41,Sandy,Debris,41.72,484.91,Evening,6.06,0,0.00,9.06,4.19,56.92,68.03,No
T00004,Material Loading,BLD001,Bulldozer,2,OP015,Expert,9,Cloudy,15.28,31.54,22.40,Muddy,Rock,22.38,200.85,Afternoon,4.87,2,11.98,1.71,2.38,37.80,41.06,No
T00005,Material Loading,CRN002,Crane,6,OP018,Intermediate,4,Sunny,15.85,30.07,9.37,Sandy,Debris,51.71,203.61,Evening,3.31,0,10.33,0.00,2.67,33.00,42.86,No
T00006,Demolition,BLD003,Bulldozer,5,OP003,Beginner,2,Cloudy,21.66,26.65,2.42,Hilly,Sand,7.85,435.99,Night,3.51,1,0.00,10.00,9.37,108.67,161.71,No
T00007,Grading,GRD002,Grader,6,OP017,Intermediate,6,Sunny,21.72,48.19,10.27,Sandy,Sand,19.83,454.13,Afternoon,0.55,2,0.00,7.06,2.77,38.50,44.23,No
T00008,Digging,GRD001,Grader,6,OP010,Beginner,0,Foggy,25.12,38.11,7.58,Flat,Rock,38.09,186.47,Night,4.51,0,0.17,10.10,4.93,60.00,82.64,Yes
T00009,Demolition,EXC003,Excavator,5,OP010,Beginner,0,Cloudy,14.18,47.91,19.26,Rocky,Soil,35.80,166.64,Night,4.78,0,15.19,20.72,10.80,108.67,174.46,No
T00010,Digging,GRD002,Grader,6,OP009,Beginner,2,Windy,12.21,45.61,33.68,Rocky,Rock,23.11,458.87,Morning,6.19,2,11.70,12.69,6.06,63.25,97.85,No
T00011,Earth Excavation,BLD003,Bulldozer,5,OP006,Intermediate,6,Cloudy,23.19,57.19,11.76,Rocky,Rock,29.55,188.90,Afternoon,2.02,3,0.58,5.50,4.65,72.45,78.70,No
T00012,Earth Excavation,LDR002,Loader,4,OP001,Beginner,0,Sunny,19.51,77.75,7.40,Rocky,Debris,57.27,350.26,Morning,5.54,0,5.80,17.39,6.53,69.00,108.45,No
T00013,Grading,EXC002,Excavator,2,OP009,Beginner,2,Sunny,14.11,32.28,10.66,Hilly,Soil,13.37,271.45,Afternoon,6.85,3,2.96,5.89,3.52,40.25,66.62,No
T00014,Earth Excavation,LDR002,Loader,4,OP016,Expert,10,Cloudy,13.73,67.61,24.51,Rocky,Concrete,6.99,26.95,Night,0.68,2,9.89,4.06,3.91,72.45,70.33,No
T00015,Demolition,BLD003,Bulldozer,5,OP007,Intermediate,3,Rainy,18.80,68.36,17.26,Flat,Debris,57.37,147.95,Afternoon,5.53,2,3.63,11.50,8.13,103.50,128.47,No
T00016,Compacting,EXC003,Excavator,5,OP016,Expert,10,Rainy,19.46,91.53,13.47,Flat,Soil,36.94,92.63,Afternoon,3.17,3,4.43,8.36,3.27,63.25,62.66,No
T00017,Grading,BLD003,Bulldozer,5,OP003,Beginner,2,Cloudy,16.78,70.09,10.74,Muddy,Concrete,8.75,320.35,Evening,5.54,2,1.13,8.12,4.27,44.10,70.18,No
T00018,Compacting,BLD001,Bulldozer,2,OP016,Expert,10,Sunny,21.87,58.29,23.03,Hilly,Soil,24.49,466.20,Evening,1.19,2,0.89,2.43,2.52,63.25,54.23,No
T00019,Digging,LDR002,Loader,4,OP003,Beginner,2,Cloudy,25.18,28.50,15.47,Muddy,Soil,34.93,200.50,Afternoon,1.10,3,11.72,13.36,4.79,63.00,86.51,No
T00020,Lifting,CRN001,Crane,3,OP011,Intermediate,3,Sunny,30.09,54.44,9.83,Flat,Debris,18.36,357.89,Evening,2.79,0,11.28,4.51,2.28,40.00,44.75,No
T00021,Material Loading,GRD002,Grader,6,OP016,Expert,10,Cloudy,17.84,46.24,13.66,Rocky,Rock,37.63,426.02,Night,9.60,2,13.96,2.04,2.85,36.22,48.27,Yes
T00022,Digging,CRN001,Crane,3,OP017,Intermediate,6,Cloudy,21.51,41.15,3.29,Rocky,Concrete,56.93,432.76,Morning,8.12,3,1.75,9.61,3.80,60.37,79.08,No
T00023,Earth Excavation,CRN002,Crane,6,OP009,Beginner,2,Sunny,21.46,35.94,6.77,Sandy,Concrete,15.00,429.53,Night,6.14,2,8.18,12.12,6.53,66.00,102.97,No
T00024,Grading,BLD001,Bulldozer,2,OP002,Expert,10,Cloudy,23.85,42.70,0.00,Flat,Concrete,16.04,200.11,Evening,1.95,3,7.67,9.19,1.67,36.75,37.53,No
T00025,Trenching,CRN002,Crane,6,OP002,Expert,10,Sunny,29.68,54.29,2.45,Sandy,Soil,21.92,477.71,Evening,5.44,2,12.47,7.16,3.71,49.50,57.50,No
T00026,Lifting,EXC003,Excavator,5,OP014,Beginner,2,Sunny,15.74,47.02,10.03,Rocky,Rock,17.16,189.69,Evening,7.69,3,1.97,11.64,4.40,46.00,77.32,Yes
T00027,Grading,EXC001,Excavator,7,OP003,Beginner,2,Foggy,3.00,50.02,15.53,Rocky,Soil,57.93,391.28,Afternoon,5.58,2,10.96,15.42,4.41,48.30,79.88,No
T00028,Trenching,GRD002,Grader,6,OP017,Intermediate,6,Cloudy,3.54,45.79,1.76,Hilly,Concrete,47.74,448.48,Afternoon,7.51,0,13.52,6.92,3.85,54.34,69.59,No
T00029,Lifting,CRN002,Crane,6,OP013,Intermediate,3,Sunny,33.32,55.06,12.89,Hilly,Rock,44.59,52.55,Afternoon,9.24,3,8.90,7.39,4.58,46.00,63.14,No
T00030,Earth Excavation,BLD002,Bulldozer,5,OP003,Beginner,2,Foggy,10.34,56.01,9.44,Rocky,Soil,33.15,446.66,Afternoon,9.12,0,9.16,16.72,7.30,82.80,128.22,No
T00031,Digging,GRD001,Grader,6,OP014,Beginner,2,Windy,27.46,31.36,38.22,Rocky,Debris,32.76,76.84,Morning,9.68,1,19.50,9.78,5.75,63.25,101.14,Yes
T00032,Digging,BLD001,Bulldozer,2,OP011,Intermediate,3,Cloudy,20.97,68.39,6.01,Hilly,Debris,7.07,327.50,Afternoon,2.86,0,8.27,0.67,3.77,60.37,63.99,No
T00033,Trenching,BLD003,Bulldozer,5,OP010,Beginner,0,Foggy,21.92,47.06,8.25,Flat,Debris,27.80,372.03,Evening,6.79,2,0.00,10.54,4.63,54.00,84.41,No
T00034,Trenching,LDR003,Loader,8,OP018,Intermediate,4,Foggy,23.18,52.42,11.12,Rocky,Debris,35.89,170.99,Afternoon,8.85,1,19.06,9.95,5.39,62.10,86.05,No
T00035,Earth Excavation,BLD002,Bulldozer,5,OP018,Intermediate,4,Foggy,12.91,52.73,7.15,Flat,Sand,34.39,146.91,Afternoon,7.01,2,0.91,3.44,5.17,72.00,88.14,No
T00036,Trenching,EXC003,Excavator,5,OP002,Expert,10,Cloudy,18.16,58.49,13.02,Sandy,Concrete,42.44,263.98,Morning,3.35,2,1.47,10.66,3.11,51.98,52.48,No
T00037,Trenching,GRD002,Grader,6,OP015,Expert,9,Rainy,21.12,61.49,15.21,Sandy,Soil,59.42,219.70,Afternoon,5.21,2,12.92,3.54,3.80,56.92,61.25,No
T00038,Compacting,BLD001,Bulldozer,2,OP010,Beginner,0,Sunny,18.46,63.27,9.61,Rocky,Debris,38.84,223.96,Morning,2.20,1,7.51,16.09,3.99,63.25,81.98,Yes
T00039,Grading,LDR003,Loader,8,OP004,Beginner,1,Sunny,25.68,52.84,21.45,Hilly,Soil,56.02,320.43,Evening,4.88,0,7.76,12.04,4.21,40.25,64.35,No
T00040,Material Loading,GRD001,Grader,6,OP001,Beginner,0,Sunny,22.40,43.24,15.61,Muddy,Concrete,24.00,410.31,Morning,7.41,0,4.19,11.75,3.83,36.00,59.88,No
T00041,Demolition,LDR001,Loader,1,OP018,Intermediate,4,Cloudy,14.68,39.64,4.63,Flat,Concrete,27.59,363.70,Afternoon,5.02,3,14.34,7.71,5.08,94.50,100.64,No
T00042,Compacting,GRD002,Grader,6,OP013,Intermediate,3,Sunny,29.11,37.70,0.00,Muddy,Debris,33.75,389.79,Morning,9.36,0,10.97,1.60,5.38,66.00,89.79,No
T00043,Digging,DMP002,DumpTruck,5,OP004,Beginner,1,Windy,12.49,57.88,29.79,Rocky,Soil,14.48,216.46,Evening,2.36,0,1.71,12.22,5.83,63.25,99.65,No
T00044,Digging,EXC003,Excavator,5,OP018,Intermediate,4,Sunny,19.62,46.09,16.30,Rocky,Concrete,25.96,439.32,Afternoon,7.56,3,3.74,5.53,4.33,57.50,71.70,No
T00045,Material Loading,EXC003,Excavator,5,OP009,Beginner,2,Foggy,16.73,56.63,13.02,Rocky,Sand,27.65,496.64,Night,6.42,2,4.80,12.44,3.89,41.40,67.20,No
T00046,Compacting,BLD001,Bulldozer,2,OP009,Beginner,2,Sunny,17.29,58.64,9.04,Muddy,Sand,49.84,40.02,Evening,2.30,1,6.33,12.81,4.05,66.00,84.08,No
T00047,Lifting,CRN001,Crane,3,OP018,Intermediate,4,Cloudy,14.99,67.72,4.84,Rocky,Debris,49.79,173.60,Night,5.11,1,3.47,3.04,2.54,48.30,44.90,No
T00048,Trenching,DMP002,DumpTruck,5,OP018,Intermediate,4,Cloudy,17.70,58.40,4.04,Muddy,Sand,28.12,274.56,Afternoon,3.53,1,2.25,5.82,4.36,56.70,69.24,No
T00049,Material Loading,GRD002,Grader,6,OP019,Intermediate,6,Sunny,12.83,58.03,9.13,Hilly,Soil,44.55,227.91,Afternoon,9.86,2,3.67,0.00,3.35,34.50,57.66,No
T00050,Material Loading,EXC001,Excavator,7,OP001,Beginner,0,Rainy,6.08,93.90,17.51,Sandy,Concrete,12.87,322.29,Night,1.94,3,13.68,7.82,3.25,37.95,54.48,No
T00051,Demolition,DMP001,DumpTruck,6,OP014,Beginner,2,Rainy,19.45,93.93,9.75,Flat,Concrete,18.89,248.68,Evening,5.91,3,3.14,16.82,8.73,103.50,149.91,Yes
T00052,Earth Excavation,DMP001,DumpTruck,6,OP005,Intermediate,3,Rainy,11.44,86.78,6.38,Flat,Soil,34.71,255.10,Night,9.72,0,0.00,1.68,6.12,69.00,102.02,No
T00053,Material Loading,DMP001,DumpTruck,6,OP019,Intermediate,6,Rainy,15.28,57.70,7.35,Sandy,Sand,15.62,290.11,Evening,1.75,1,0.00,6.48,2.74,37.95,43.04,No
T00054,Demolition,GRD001,Grader,6,OP001,Beginner,0,Windy,16.22,45.35,29.99,Hilly,Rock,8.98,430.68,Morning,4.77,2,6.23,6.35,11.34,113.85,181.17,No
T00055,Material Loading,DMP002,DumpTruck,5,OP008,Beginner,0,Sunny,34.43,41.11,18.08,Rocky,Debris,27.84,194.56,Afternoon,9.80,2,8.04,11.46,3.65,34.50,61.63,No
T00056,Trenching,LDR002,Loader,4,OP005,Intermediate,3,Cloudy,36.20,59.52,14.82,Muddy,Soil,56.49,294.00,Night,3.26,1,3.50,1.38,3.39,56.70,65.80,No
T00057,Trenching,GRD002,Grader,6,OP015,Expert,9,Cloudy,23.87,53.51,14.48,Sandy,Rock,27.54,89.42,Afternoon,1.80,1,0.09,3.77,2.73,51.98,50.17,No
T00058,Compacting,GRD001,Grader,6,OP013,Intermediate,3,Cloudy,23.76,45.44,9.05,Sandy,Sand,9.95,139.72,Morning,2.11,0,0.00,8.98,5.42,63.53,81.87,No
T00059,Demolition,EXC002,Excavator,2,OP020,Intermediate,6,Cloudy,15.93,44.17,18.35,Sandy,Soil,42.12,45.85,Morning,1.70,2,8.22,9.00,5.17,103.95,101.35,No
T00060,Compacting,CRN002,Crane,6,OP019,Intermediate,6,Cloudy,31.49,68.00,4.06,Hilly,Sand,35.95,406.15,Evening,5.13,3,13.05,3.68,4.50,66.41,78.76,No
T00061,Demolition,LDR002,Loader,4,OP015,Expert,9,Sunny,27.51,56.38,13.58,Hilly,Rock,42.75,98.86,Afternoon,8.77,2,3.96,7.20,6.21,103.50,109.83,No
T00062,Lifting,LDR003,Loader,8,OP017,Intermediate,6,Foggy,19.10,39.99,4.93,Flat,Sand,42.48,92.69,Night,7.77,0,0.00,0.00,4.10,48.00,64.07,No
T00063,Material Loading,LDR003,Loader,8,OP016,Expert,10,Windy,19.91,53.55,32.04,Flat,Sand,39.38,269.30,Night,7.11,3,11.48,12.17,2.85,33.00,41.07,No
T00064,Trenching,CRN001,Crane,3,OP007,Intermediate,3,Windy,14.67,60.93,31.98,Sandy,Sand,33.87,215.76,Afternoon,7.85,1,2.45,5.73,4.28,54.45,75.23,No
T00065,Trenching,DMP002,DumpTruck,5,OP014,Beginner,2,Sunny,26.45,37.20,1.54,Rocky,Sand,59.82,84.49,Evening,1.50,3,1.38,10.82,4.25,51.75,73.23,No
T00066,Material Loading,BLD001,Bulldozer,2,OP008,Beginner,0,Rainy,17.68,100.00,13.23,Sandy,Sand,58.21,42.71,Morning,8.36,1,5.24,15.56,3.39,37.95,61.62,No
T00067,Lifting,GRD002,Grader,6,OP006,Intermediate,6,Sunny,25.86,44.82,15.84,Flat,Sand,45.13,390.06,Night,1.70,0,0.00,1.98,2.75,40.00,53.02,No
T00068,Digging,BLD003,Bulldozer,5,OP006,Intermediate,6,Snowy,-1.86,38.21,11.41,Rocky,Rock,37.99,110.48,Night,2.58,1,7.76,9.94,4.81,74.75,89.52,No
T00069,Compacting,GRD002,Grader,6,OP009,Beginner,2,Sunny,19.60,31.32,5.95,Muddy,Sand,52.66,309.99,Evening,9.30,0,9.43,9.48,6.94,66.00,107.82,No
T00070,Digging,BLD002,Bulldozer,5,OP012,Beginner,2,Cloudy,14.85,52.62,7.99,Flat,Soil,14.32,132.65,Evening,7.60,0,0.75,19.39,4.24,52.50,83.12,No
T00071,Material Loading,BLD002,Bulldozer,5,OP010,Beginner,0,Sunny,21.84,39.62,19.50,Muddy,Concrete,26.76,192.21,Morning,5.57,2,8.00,6.20,3.61,36.00,57.97,Yes
T00072,Earth Excavation,GRD002,Grader,6,OP012,Beginner,2,Cloudy,13.60,38.50,14.78,Hilly,Concrete,27.30,106.45,Night,7.68,0,0.00,18.78,7.26,72.45,115.96,No
T00073,Grading,EXC002,Excavator,2,OP002,Expert,10,Sunny,22.71,57.31,5.19,Rocky,Debris,13.66,334.77,Night,3.82,2,7.54,5.25,2.47,40.25,41.40,No
T00074,Digging,EXC002,Excavator,2,OP002,Expert,10,Cloudy,15.90,46.96,9.89,Muddy,Sand,50.66,373.12,Afternoon,8.42,0,3.15,3.44,3.14,63.00,64.66,No
T00075,Digging,LDR002,Loader,4,OP006,Intermediate,6,Foggy,15.46,48.03,20.00,Muddy,Concrete,58.34,85.75,Night,9.68,3,5.48,4.58,5.70,72.00,97.56,No
T00076,Demolition,EXC002,Excavator,2,OP018,Intermediate,4,Cloudy,32.16,61.66,7.00,Hilly,Debris,11.62,475.04,Night,6.19,3,0.00,0.00,6.74,108.67,119.20,No
T00077,Trenching,LDR001,Loader,1,OP009,Beginner,2,Sunny,27.21,58.79,8.65,Rocky,Rock,14.22,178.08,Evening,8.01,0,3.83,12.96,4.11,51.75,75.02,Yes
T00078,Grading,GRD001,Grader,6,OP012,Beginner,2,Sunny,15.98,60.54,4.66,Flat,Concrete,19.37,447.20,Night,5.18,1,0.00,20.38,3.72,35.00,58.19,No
T00079,Earth Excavation,LDR001,Loader,1,OP010,Beginner,0,Snowy,7.03,50.17,0.00,Rocky,Concrete,8.46,297.06,Night,9.20,2,4.49,15.11,6.53,89.70,122.23,No
T00080,Trenching,LDR003,Loader,8,OP010,Beginner,0,Rainy,20.01,80.04,8.19,Sandy,Soil,17.82,455.56,Morning,8.49,3,0.00,11.74,6.20,56.92,97.87,No
T00081,Material Loading,BLD001,Bulldozer,2,OP012,Beginner,2,Windy,25.25,41.92,46.20,Muddy,Sand,45.09,270.27,Evening,4.70,0,0.00,13.84,3.29,39.60,53.33,No
T00082,Lifting,GRD001,Grader,6,OP020,Intermediate,6,Rainy,6.95,69.22,7.98,Sandy,Debris,9.29,475.39,Evening,1.55,0,4.83,6.20,3.83,50.60,57.37,No
T00083,Digging,EXC001,Excavator,7,OP010,Beginner,0,Rainy,13.36,78.19,14.04,Rocky,Concrete,15.98,355.85,Afternoon,6.53,1,0.00,18.28,6.33,66.12,103.76,No
T00084,Trenching,EXC001,Excavator,7,OP002,Expert,10,Windy,20.67,48.19,34.48,Flat,Sand,22.96,289.22,Night,4.31,2,9.97,2.73,3.53,49.50,50.04,No
T00085,Trenching,BLD002,Bulldozer,5,OP011,Intermediate,3,Rainy,24.42,86.59,15.11,Hilly,Concrete,16.45,355.11,Night,9.82,3,11.85,9.65,4.21,59.51,81.28,Yes
T00086,Trenching,LDR002,Loader,4,OP018,Intermediate,4,Cloudy,21.00,49.19,12.19,Rocky,Sand,23.16,411.72,Morning,3.06,2,3.01,2.74,3.82,54.34,66.78,Yes
T00087,Earth Excavation,LDR003,Loader,8,OP004,Beginner,1,Foggy,21.28,42.29,18.28,Rocky,Sand,39.85,95.76,Morning,3.63,0,2.44,8.74,7.29,82.80,122.51,No
T00088,Digging,EXC001,Excavator,7,OP005,Intermediate,3,Sunny,20.33,37.69,4.57,Rocky,Sand,50.33,435.26,Morning,3.42,0,9.58,1.27,4.39,57.50,69.91,No
T00089,Demolition,EXC001,Excavator,7,OP012,Beginner,2,Rainy,20.59,83.83,15.00,Hilly,Rock,48.59,199.80,Evening,6.30,1,6.54,11.08,11.33,119.02,181.99,Yes
T00090,Material Loading,GRD002,Grader,6,OP004,Beginner,1,Sunny,22.78,51.76,9.73,Muddy,Sand,35.37,259.35,Night,1.68,0,0.27,8.10,3.52,36.00,53.98,No
T00091,Earth Excavation,DMP002,DumpTruck,5,OP018,Intermediate,4,Windy,19.11,66.85,27.23,Flat,Rock,55.21,313.56,Night,3.60,0,2.14,5.48,4.49,66.00,78.72,No
T00092,Material Loading,DMP002,DumpTruck,5,OP015,Expert,9,Sunny,16.25,65.27,17.90,Flat,Rock,24.58,70.48,Afternoon,4.63,0,17.30,2.16,2.60,30.00,38.49,No
T00093,Material Loading,LDR002,Loader,4,OP015,Expert,9,Cloudy,19.68,52.08,18.33,Flat,Soil,22.79,108.42,Morning,5.09,0,10.56,0.00,2.47,31.50,41.49,No
T00094,Demolition,BLD002,Bulldozer,5,OP020,Intermediate,6,Sunny,23.11,48.65,9.07,Rocky,Rock,41.71,367.08,Night,9.69,0,13.63,9.13,7.64,103.50,129.62,No
T00095,Grading,LDR001,Loader,1,OP014,Beginner,2,Sunny,17.74,43.81,17.08,Muddy,Concrete,7.62,114.48,Morning,1.27,3,2.12,4.08,2.76,42.00,54.77,No
T00096,Trenching,BLD003,Bulldozer,5,OP019,Intermediate,6,Sunny,22.46,48.50,15.53,Flat,Sand,36.26,178.06,Night,1.39,1,5.32,0.23,2.71,45.00,47.42,No
T00097,Trenching,BLD003,Bulldozer,5,OP007,Intermediate,3,Sunny,37.99,66.82,10.25,Sandy,Soil,28.63,61.78,Morning,2.58,0,5.71,6.41,3.76,49.50,60.57,No
T00098,Demolition,EXC003,Excavator,5,OP007,Intermediate,3,Rainy,17.03,70.27,8.48,Sandy,Concrete,27.97,327.21,Afternoon,4.87,0,12.23,2.02,7.13,113.85,117.60,No
T00099,Earth Excavation,EXC002,Excavator,2,OP009,Beginner,2,Sunny,27.37,52.74,5.74,Sandy,Debris,29.10,350.16,Evening,6.87,1,7.67,16.27,5.15,66.00,96.07,No
T00100,Demolition,BLD001,Bulldozer,2,OP005,Intermediate,3,Cloudy,15.96,66.66,6.18,Sandy,Soil,8.35,251.07,Afternoon,8.70,1,7.40,0.81,6.69,103.95,119.99,No
T00101,Demolition,CRN001,Crane,3,OP006,Intermediate,6,Sunny,27.26,55.28,5.69,Sandy,Concrete,24.22,251.22,Morning,1.16,2,3.51,5.00,6.30,99.00,115.60,No
T00102,Demolition,LDR001,Loader,1,OP019,Intermediate,6,Rainy,19.53,70.79,5.53,Hilly,Soil,8.02,396.22,Afternoon,7.50,2,0.04,3.67,7.17,119.02,129.46,Yes
T00103,Compacting,DMP002,DumpTruck,5,OP001,Beginner,0,Foggy,14.54,52.57,17.16,Sandy,Rock,26.58,336.96,Evening,6.06,3,0.00,10.58,6.97,72.60,110.50,No
T00104,Grading,CRN001,Crane,3,OP017,Intermediate,6,Rainy,19.40,90.15,14.56,Hilly,Debris,29.14,109.02,Afternoon,9.82,2,5.26,4.50,3.30,46.29,64.40,No
T00105,Compacting,EXC003,Excavator,5,OP019,Intermediate,6,Sunny,27.79,54.56,8.04,Flat,Rock,59.22,209.71,Afternoon,5.94,1,14.54,11.18,4.32,55.00,70.90,No
T00106,Compacting,BLD003,Bulldozer,5,OP006,Intermediate,6,Windy,27.05,64.75,41.28,Flat,Rock,23.66,279.05,Afternoon,2.05,1,3.40,11.08,4.57,60.50,73.52,No
T00107,Digging,EXC001,Excavator,7,OP008,Beginner,0,Sunny,17.85,67.89,10.46,Hilly,Soil,55.72,30.92,Night,0.52,3,0.00,7.28,4.97,57.50,81.39,Yes
T00108,Digging,DMP002,DumpTruck,5,OP003,Beginner,2,Cloudy,14.30,58.74,13.54,Rocky,Sand,27.02,418.57,Morning,0.03,2,7.54,12.85,4.74,60.37,82.98,Yes
T00109,Trenching,LDR002,Loader,4,OP011,Intermediate,3,Sunny,18.33,62.75,0.00,Muddy,Rock,6.16,181.29,Evening,4.71,3,11.62,7.76,3.74,54.00,65.87,No
T00110,Earth Excavation,GRD001,Grader,6,OP009,Beginner,2,Windy,19.82,39.86,31.65,Hilly,Rock,40.73,90.87,Evening,4.52,0,6.68,9.49,6.43,75.90,112.25,No
T00111,Earth Excavation,EXC003,Excavator,5,OP001,Beginner,0,Cloudy,16.55,76.35,0.00,Muddy,Rock,32.76,257.03,Evening,2.64,3,0.00,12.98,5.58,75.60,107.37,No
T00112,Trenching,LDR002,Loader,4,OP017,Intermediate,6,Cloudy,24.35,58.02,1.95,Sandy,Sand,17.58,413.93,Night,4.59,3,2.31,2.07,3.65,51.98,57.88,No
T00113,Trenching,BLD002,Bulldozer,5,OP014,Beginner,2,Cloudy,27.54,45.00,2.52,Rocky,Sand,32.42,22.91,Night,3.37,1,21.33,9.77,4.54,54.34,77.94,No
T00114,Lifting,DMP001,DumpTruck,6,OP008,Beginner,0,Sunny,25.95,38.61,15.37,Rocky,Debris,54.13,428.33,Evening,5.23,2,1.34,12.96,4.34,46.00,68.05,No
T00115,Demolition,CRN001,Crane,3,OP009,Beginner,2,Rainy,24.71,60.05,12.30,Hilly,Rock,24.14,376.31,Night,0.18,0,0.00,9.99,9.23,119.02,172.46,No
T00116,Lifting,BLD001,Bulldozer,2,OP019,Intermediate,6,Sunny,25.79,72.31,4.78,Sandy,Rock,30.59,342.24,Night,3.69,3,0.00,3.30,2.79,44.00,53.32,No
T00117,Digging,LDR003,Loader,8,OP008,Beginner,0,Windy,20.08,54.96,36.86,Rocky,Concrete,14.49,78.17,Morning,7.11,2,8.16,10.55,6.40,63.25,112.42,Yes
T00118,Digging,LDR002,Loader,4,OP001,Beginner,0,Sunny,15.45,49.50,9.11,Rocky,Rock,6.05,366.96,Morning,0.79,2,0.00,8.17,4.26,57.50,81.15,No
T00119,Compacting,CRN002,Crane,6,OP004,Beginner,1,Snowy,2.76,42.36,8.19,Hilly,Sand,35.42,367.04,Afternoon,6.29,2,0.09,10.18,7.54,82.22,127.16,No
T00120,Digging,DMP002,DumpTruck,5,OP018,Intermediate,4,Sunny,19.97,51.72,11.21,Sandy,Concrete,5.22,140.80,Morning,3.57,3,9.28,2.45,3.25,55.00,63.46,No
T00121,Lifting,EXC001,Excavator,7,OP006,Intermediate,6,Cloudy,24.34,58.23,12.33,Hilly,Debris,39.78,226.29,Afternoon,7.04,2,0.00,0.30,4.29,48.30,64.62,Yes
T00122,Compacting,EXC003,Excavator,5,OP016,Expert,10,Sunny,21.05,56.69,13.42,Sandy,Debris,9.68,356.66,Afternoon,3.89,2,6.86,6.96,4.20,60.50,60.32,No
T00123,Grading,GRD002,Grader,6,OP014,Beginner,2,Cloudy,10.86,53.64,1.65,Flat,Rock,35.62,278.36,Evening,8.00,0,1.75,14.44,3.54,36.75,64.08,No
T00124,Material Loading,LDR001,Loader,1,OP007,Intermediate,3,Cloudy,24.27,37.65,5.53,Hilly,Soil,59.58,232.48,Evening,9.79,3,0.00,0.00,2.82,36.22,51.46,No
T00125,Trenching,CRN001,Crane,3,OP020,Intermediate,6,Sunny,22.52,40.95,14.52,Flat,Rock,24.86,189.43,Morning,0.57,0,0.20,0.91,3.28,45.00,46.01,No
T00126,Trenching,LDR002,Loader,4,OP016,Expert,10,Windy,13.33,44.81,39.92,Hilly,Soil,22.60,230.83,Morning,0.66,1,7.63,11.18,3.66,56.93,53.46,No
T00127,Digging,LDR003,Loader,8,OP003,Beginner,2,Sunny,22.68,60.70,16.58,Muddy,Rock,28.92,348.88,Evening,6.50,2,7.35,15.93,5.71,60.00,98.18,No
T00128,Material Loading,EXC003,Excavator,5,OP013,Intermediate,3,Sunny,29.18,33.83,10.74,Hilly,Concrete,18.05,291.92,Afternoon,4.26,3,0.00,1.67,2.19,34.50,47.31,No
T00129,Digging,BLD002,Bulldozer,5,OP009,Beginner,2,Sunny,30.56,78.39,16.11,Rocky,Concrete,42.01,445.80,Night,6.80,2,3.60,10.48,4.40,57.50,87.36,No
T00130,Grading,CRN001,Crane,3,OP020,Intermediate,6,Windy,15.29,48.58,44.07,Flat,Concrete,34.89,305.60,Morning,0.22,0,0.00,8.43,1.99,38.50,36.33,No
T00131,Compacting,DMP002,DumpTruck,5,OP008,Beginner,0,Sunny,10.73,25.07,1.28,Rocky,Sand,13.19,493.75,Evening,0.89,1,0.00,7.11,5.31,63.25,87.19,No
T00132,Compacting,LDR002,Loader,4,OP019,Intermediate,6,Sunny,16.40,19.20,15.93,Sandy,Rock,43.74,487.46,Afternoon,3.57,3,1.09,4.91,4.08,60.50,67.32,No
T00133,Digging,EXC003,Excavator,5,OP010,Beginner,0,Cloudy,19.77,45.59,0.00,Rocky,Soil,22.65,396.33,Night,5.22,2,9.61,12.05,5.32,60.37,86.25,No
T00134,Material Loading,EXC002,Excavator,2,OP006,Intermediate,6,Sunny,26.37,51.64,13.19,Rocky,Debris,30.84,317.16,Morning,7.89,0,9.39,0.79,2.67,34.50,48.68,No
T00135,Earth Excavation,EXC002,Excavator,2,OP006,Intermediate,6,Cloudy,21.52,50.99,12.25,Flat,Soil,27.82,38.50,Morning,8.19,1,8.78,0.00,4.39,63.00,79.21,No
T00136,Material Loading,DMP002,DumpTruck,5,OP009,Beginner,2,Cloudy,22.94,51.80,13.53,Sandy,Soil,34.97,395.03,Morning,9.01,0,12.68,11.76,3.19,34.65,60.00,No
T00137,Lifting,LDR002,Loader,4,OP020,Intermediate,6,Rainy,23.15,97.28,9.02,Muddy,Sand,33.08,77.04,Afternoon,4.51,2,20.20,2.19,3.49,55.20,62.08,No
T00138,Lifting,LDR002,Loader,4,OP010,Beginner,0,Cloudy,20.73,73.90,21.40,Flat,Debris,56.81,289.21,Night,0.86,3,4.69,4.62,3.01,42.00,62.26,No
T00139,Trenching,DMP002,DumpTruck,5,OP017,Intermediate,6,Cloudy,13.18,48.52,13.44,Muddy,Sand,28.95,452.07,Morning,2.82,3,0.00,6.19,3.56,56.70,68.15,No
T00140,Compacting,GRD002,Grader,6,OP008,Beginner,0,Snowy,8.36,60.75,10.60,Rocky,Soil,23.22,333.33,Afternoon,6.08,3,6.37,10.04,7.30,82.22,125.68,No
T00141,Lifting,LDR003,Loader,8,OP001,Beginner,0,Sunny,20.96,27.95,14.97,Hilly,Debris,54.66,488.13,Evening,3.77,0,11.15,15.00,4.72,46.00,71.99,No
T00142,Trenching,BLD001,Bulldozer,2,OP005,Intermediate,3,Sunny,14.66,84.89,6.60,Muddy,Sand,39.87,461.57,Afternoon,5.99,2,0.35,0.00,2.84,54.00,58.18,No
T00143,Grading,LDR001,Loader,1,OP009,Beginner,2,Windy,14.96,42.34,28.39,Flat,Soil,12.92,302.64,Afternoon,8.97,2,3.42,14.74,3.67,38.50,65.10,Yes
T00144,Demolition,LDR001,Loader,1,OP011,Intermediate,3,Cloudy,24.48,44.56,10.08,Hilly,Soil,35.21,50.02,Night,5.04,2,1.91,11.59,5.75,108.67,111.52,No
T00145,Trenching,BLD001,Bulldozer,2,OP006,Intermediate,6,Sunny,18.28,36.72,2.95,Sandy,Rock,54.75,186.54,Evening,7.37,1,7.00,2.50,3.32,49.50,61.22,No
T00146,Grading,BLD002,Bulldozer,5,OP001,Beginner,0,Sunny,25.97,61.67,11.07,Sandy,Sand,13.19,332.08,Night,0.49,3,10.60,12.94,3.49,38.50,54.78,No
T00147,Earth Excavation,LDR002,Loader,4,OP006,Intermediate,6,Cloudy,13.01,48.08,8.26,Sandy,Sand,40.05,97.86,Evening,7.13,0,5.89,9.37,5.04,69.30,83.20,No
T00148,Demolition,LDR001,Loader,1,OP012,Beginner,2,Rainy,14.89,79.57,20.39,Flat,Rock,34.38,230.48,Afternoon,9.89,0,11.36,14.68,7.60,103.50,150.61,No
T00149,Grading,EXC002,Excavator,2,OP003,Beginner,2,Snowy,1.42,52.10,1.78,Hilly,Soil,25.87,399.35,Morning,4.87,0,4.52,13.94,4.01,52.32,74.38,No
T00150,Compacting,EXC003,Excavator,5,OP014,Beginner,2,Sunny,22.79,58.93,18.36,Flat,Debris,15.13,338.18,Night,5.87,1,5.31,10.27,5.11,55.00,83.09,No
T00151,Grading,EXC001,Excavator,7,OP014,Beginner,2,Cloudy,8.99,38.74,17.70,Flat,Debris,32.56,351.53,Evening,0.37,0,3.75,15.40,3.59,36.75,54.35,No
T00152,Earth Excavation,LDR002,Loader,4,OP007,Intermediate,3,Cloudy,15.41,35.31,10.68,Sandy,Soil,35.99,284.25,Evening,0.40,3,0.00,11.58,3.89,69.30,75.86,No
T00153,Material Loading,EXC002,Excavator,2,OP018,Intermediate,4,Cloudy,23.01,51.84,15.55,Rocky,Concrete,46.49,91.44,Evening,9.21,0,2.90,6.34,2.64,36.22,51.73,No
T00154,Earth Excavation,GRD001,Grader,6,OP008,Beginner,0,Rainy,15.66,79.83,0.00,Hilly,Sand,47.11,369.33,Afternoon,4.76,3,8.01,10.32,6.40,79.35,114.84,No
T00155,Trenching,EXC001,Excavator,7,OP003,Beginner,2,Windy,23.24,32.99,31.56,Flat,Concrete,17.77,232.69,Night,0.71,1,0.00,8.47,4.19,49.50,69.93,No
T00156,Lifting,CRN001,Crane,3,OP006,Intermediate,6,Foggy,19.94,48.88,13.66,Sandy,Sand,7.72,495.97,Morning,6.00,0,0.00,0.00,3.54,52.80,62.95,No
T00157,Earth Excavation,EXC003,Excavator,5,OP019,Intermediate,6,Sunny,28.51,56.75,9.64,Flat,Soil,31.86,304.79,Night,7.34,0,1.25,5.60,4.37,60.00,71.40,No
T00158,Grading,BLD002,Bulldozer,5,OP004,Beginner,1,Cloudy,27.56,32.04,4.38,Hilly,Concrete,8.81,315.66,Afternoon,7.79,0,3.84,11.04,4.15,42.26,69.50,No
T00159,Earth Excavation,LDR002,Loader,4,OP015,Expert,9,Foggy,12.72,44.02,11.92,Flat,Debris,16.72,458.21,Night,4.32,0,1.26,11.13,3.82,72.00,77.48,No
T00160,Earth Excavation,GRD002,Grader,6,OP010,Beginner,0,Sunny,21.51,48.19,14.65,Flat,Concrete,22.03,298.42,Night,2.30,2,2.87,10.18,5.03,60.00,83.36,Yes
T00161,Compacting,BLD002,Bulldozer,5,OP019,Intermediate,6,Sunny,21.27,49.23,6.07,Rocky,Rock,48.46,440.06,Afternoon,9.76,2,0.00,0.23,5.19,63.25,91.04,Yes
T00162,Lifting,EXC001,Excavator,7,OP005,Intermediate,3,Sunny,23.13,33.37,6.33,Muddy,Debris,49.59,124.21,Morning,7.14,1,8.61,0.85,4.19,48.00,67.21,No
T00163,Compacting,DMP001,DumpTruck,6,OP018,Intermediate,4,Cloudy,14.61,41.72,6.92,Muddy,Concrete,6.02,136.51,Afternoon,7.59,0,2.42,9.87,5.84,69.30,90.16,No
T00164,Trenching,LDR002,Loader,4,OP017,Intermediate,6,Cloudy,15.11,46.27,4.96,Hilly,Rock,51.15,255.51,Night,9.61,1,1.16,8.54,3.65,54.34,70.14,No
T00165,Material Loading,LDR001,Loader,1,OP004,Beginner,1,Windy,16.74,26.80,35.34,Hilly,Soil,14.25,277.25,Evening,1.40,3,5.00,10.65,2.83,37.95,50.88,No
T00166,Material Loading,EXC001,Excavator,7,OP006,Intermediate,6,Cloudy,20.13,39.37,2.15,Rocky,Debris,25.87,496.84,Afternoon,2.39,0,8.54,6.14,2.30,36.22,38.79,No
T00167,Grading,LDR002,Loader,4,OP017,Intermediate,6,Sunny,30.33,37.84,3.23,Flat,Soil,27.23,367.66,Night,7.12,3,1.69,5.92,3.06,35.00,50.83,No
T00168,Lifting,LDR001,Loader,1,OP010,Beginner,0,Sunny,15.69,52.55,7.61,Rocky,Sand,59.51,165.79,Evening,2.49,0,0.00,12.88,3.61,46.00,66.97,No
T00169,Trenching,GRD001,Grader,6,OP008,Beginner,0,Foggy,17.17,43.68,14.51,Muddy,Concrete,36.97,326.84,Night,2.43,1,9.71,12.33,5.82,64.80,98.87,Yes
T00170,Trenching,EXC002,Excavator,2,OP007,Intermediate,3,Rainy,26.84,78.03,15.11,Hilly,Concrete,19.64,58.13,Afternoon,5.71,1,1.36,9.51,3.62,59.51,72.70,No
T00171,Digging,CRN001,Crane,3,OP018,Intermediate,4,Rainy,17.68,67.69,24.37,Muddy,Concrete,32.60,387.67,Evening,8.12,0,8.77,3.02,4.99,69.00,86.41,No
T00172,Compacting,DMP001,DumpTruck,6,OP007,Intermediate,3,Sunny,29.49,58.07,2.16,Muddy,Rock,15.35,250.55,Afternoon,3.33,3,14.77,0.00,4.95,66.00,75.85,No
T00173,Demolition,CRN001,Crane,3,OP010,Beginner,0,Sunny,22.37,40.91,0.00,Muddy,Concrete,5.46,79.59,Night,8.67,0,2.23,14.61,8.83,108.00,165.88,No
T00174,Lifting,LDR002,Loader,4,OP009,Beginner,2,Snowy,3.58,59.30,5.58,Muddy,Debris,28.41,64.73,Morning,0.73,2,11.41,10.32,4.95,62.40,89.87,No
T00175,Earth Excavation,BLD002,Bulldozer,5,OP016,Expert,10,Foggy,23.68,32.20,6.68,Hilly,Soil,43.35,327.01,Evening,1.68,1,6.13,1.15,4.73,82.80,84.96,No
T00176,Digging,LDR002,Loader,4,OP020,Intermediate,6,Rainy,17.38,77.33,4.55,Rocky,Debris,33.38,374.08,Night,4.96,3,10.37,9.94,4.15,66.12,70.85,No
T00177,Grading,LDR002,Loader,4,OP015,Expert,9,Rainy,21.79,83.00,8.62,Hilly,Debris,42.78,156.41,Evening,1.86,1,8.04,3.21,1.45,46.29,41.89,No
T00178,Grading,EXC002,Excavator,2,OP004,Beginner,1,Cloudy,24.89,58.70,11.93,Hilly,Sand,53.61,382.64,Afternoon,6.99,3,7.78,8.09,3.10,42.26,62.50,Yes
T00179,Earth Excavation,GRD001,Grader,6,OP007,Intermediate,3,Sunny,15.08,46.27,10.63,Flat,Soil,28.47,253.47,Morning,5.45,2,2.67,3.22,4.01,60.00,73.24,No
T00180,Trenching,DMP001,DumpTruck,6,OP007,Intermediate,3,Windy,21.64,53.67,36.04,Rocky,Debris,49.70,221.48,Night,0.19,3,6.91,2.55,3.69,56.93,68.64,No
T00181,Trenching,DMP001,DumpTruck,6,OP012,Beginner,2,Cloudy,13.97,73.48,17.99,Rocky,Sand,54.67,431.72,Night,8.57,0,0.00,13.27,5.43,54.34,86.14,Yes
T00182,Lifting,DMP002,DumpTruck,5,OP001,Beginner,0,Rainy,20.80,66.62,16.28,Rocky,Debris,40.72,268.40,Evening,0.55,3,3.42,14.69,4.07,52.90,70.80,No
T00183,Compacting,DMP001,DumpTruck,6,OP015,Expert,9,Windy,13.60,37.13,34.65,Muddy,Concrete,44.80,482.24,Night,8.62,1,9.75,4.59,4.77,72.60,78.92,No
T00184,Grading,LDR002,Loader,4,OP015,Expert,9,Cloudy,14.31,46.99,10.93,Muddy,Debris,15.29,247.99,Afternoon,4.42,0,0.00,9.05,2.74,44.10,46.18,No
T00185,Trenching,EXC001,Excavator,7,OP002,Expert,10,Sunny,27.65,46.08,5.19,Muddy,Soil,25.98,386.25,Morning,0.18,1,0.00,0.00,3.56,54.00,50.61,No
T00186,Digging,DMP002,DumpTruck,5,OP005,Intermediate,3,Sunny,16.73,62.69,11.78,Flat,Soil,23.44,355.42,Night,7.62,1,0.00,8.61,3.34,50.00,61.42,No
T00187,Compacting,EXC002,Excavator,2,OP008,Beginner,0,Rainy,23.06,76.86,10.96,Flat,Soil,28.12,215.98,Evening,4.98,1,18.07,14.41,4.79,63.25,90.66,No
T00188,Lifting,GRD002,Grader,6,OP006,Intermediate,6,Foggy,20.51,69.84,8.81,Hilly,Soil,44.74,250.47,Night,1.78,3,3.72,2.30,4.43,55.20,70.41,Yes
T00189,Grading,EXC001,Excavator,7,OP004,Beginner,1,Cloudy,16.28,46.36,13.00,Rocky,Concrete,53.89,439.01,Evening,2.44,0,8.41,12.47,3.92,42.26,59.04,No
T00190,Lifting,DMP002,DumpTruck,5,OP002,Expert,10,Sunny,21.92,53.39,8.36,Rocky,Rock,44.61,114.41,Evening,4.34,2,4.90,3.87,2.57,46.00,44.99,No
T00191,Material Loading,GRD002,Grader,6,OP012,Beginner,2,Cloudy,12.93,32.41,9.21,Rocky,Soil,57.29,127.44,Morning,3.03,1,6.59,13.51,3.30,36.22,53.40,Yes
T00192,Earth Excavation,DMP001,DumpTruck,6,OP003,Beginner,2,Sunny,29.33,43.33,13.62,Sandy,Sand,27.71,210.08,Morning,7.92,2,0.00,11.09,6.28,66.00,100.94,No
T00193,Compacting,CRN002,Crane,6,OP012,Beginner,2,Sunny,24.77,58.34,10.66,Rocky,Sand,19.31,43.45,Morning,6.81,3,0.00,15.42,6.26,63.25,101.76,No
T00194,Earth Excavation,BLD002,Bulldozer,5,OP014,Beginner,2,Snowy,-0.10,65.41,10.05,Hilly,Concrete,54.86,382.53,Afternoon,1.36,1,3.06,12.78,7.08,89.70,120.18,No
T00195,Demolition,LDR003,Loader,8,OP005,Intermediate,3,Sunny,19.95,35.42,7.61,Sandy,Debris,52.10,318.01,Morning,3.38,2,12.30,5.90,6.53,99.00,104.61,No
T00196,Compacting,LDR001,Loader,1,OP013,Intermediate,3,Cloudy,12.30,62.07,18.15,Hilly,Debris,49.27,493.76,Afternoon,3.14,2,11.31,2.46,3.82,66.41,78.07,No
T00197,Grading,DMP002,DumpTruck,5,OP014,Beginner,2,Sunny,23.84,62.69,14.69,Flat,Debris,37.79,375.12,Night,7.12,3,0.00,20.13,2.93,35.00,59.17,No
T00198,Digging,BLD003,Bulldozer,5,OP010,Beginner,0,Cloudy,28.55,69.79,11.80,Muddy,Soil,37.79,332.92,Evening,5.68,1,7.33,7.74,4.91,63.00,84.39,No
T00199,Grading,EXC002,Excavator,2,OP008,Beginner,0,Cloudy,29.57,57.72,12.82,Hilly,Soil,15.55,69.10,Morning,5.36,0,11.11,14.53,3.45,42.26,65.75,No
T00200,Compacting,BLD002,Bulldozer,5,OP002,Expert,10,Sunny,19.88,56.59,8.81,Flat,Concrete,47.43,33.11,Night,8.67,3,1.97,7.14,3.99,55.00,61.31,Yes
T00201,Digging,CRN001,Crane,3,OP017,Intermediate,6,Cloudy,14.66,66.03,2.95,Hilly,Debris,26.20,490.22,Morning,6.00,0,12.74,0.00,3.76,60.37,69.09,No
T00202,Earth Excavation,EXC003,Excavator,5,OP013,Intermediate,3,Rainy,18.00,72.93,3.40,Sandy,Sand,21.20,376.79,Evening,0.68,1,0.00,7.61,5.31,75.90,85.30,No
T00203,Grading,BLD002,Bulldozer,5,OP015,Expert,9,Windy,15.77,76.73,32.10,Muddy,Debris,7.96,341.39,Morning,7.66,3,5.23,0.00,2.65,46.20,51.71,No
T00204,Digging,BLD001,Bulldozer,2,OP003,Beginner,2,Cloudy,2.98,65.34,13.21,Rocky,Rock,41.44,75.24,Night,7.79,2,5.88,11.99,4.63,60.37,89.37,No
T00205,Earth Excavation,LDR003,Loader,8,OP006,Intermediate,6,Rainy,19.60,61.42,9.64,Muddy,Debris,46.79,292.74,Night,0.99,1,10.08,8.94,6.30,82.80,98.73,No
T00206,Demolition,BLD001,Bulldozer,2,OP019,Intermediate,6,Cloudy,23.57,53.63,12.15,Flat,Rock,48.67,431.10,Morning,0.57,3,0.24,7.91,5.29,94.50,106.51,No
T00207,Earth Excavation,EXC001,Excavator,7,OP006,Intermediate,6,Windy,20.46,63.79,32.45,Muddy,Sand,13.38,225.89,Night,8.73,2,8.27,11.09,6.28,79.20,101.17,No
T00208,Grading,DMP002,DumpTruck,5,OP019,Intermediate,6,Windy,11.17,40.39,35.54,Sandy,Rock,16.11,114.92,Afternoon,0.73,1,7.98,4.40,2.79,42.35,50.27,No
T00209,Compacting,CRN001,Crane,3,OP009,Beginner,2,Rainy,18.56,71.69,3.65,Sandy,Rock,18.99,168.33,Afternoon,1.54,1,2.16,9.98,5.19,69.58,90.82,No
T00210,Material Loading,BLD002,Bulldozer,5,OP013,Intermediate,3,Windy,24.01,45.23,32.05,Muddy,Rock,19.24,50.32,Night,3.48,1,1.32,5.42,2.54,39.60,46.95,No
T00211,Trenching,DMP001,DumpTruck,6,OP013,Intermediate,3,Sunny,32.07,75.47,13.70,Hilly,Rock,36.33,362.84,Night,8.23,2,13.42,10.40,4.06,51.75,68.93,No
T00212,Trenching,BLD003,Bulldozer,5,OP005,Intermediate,3,Sunny,19.07,38.86,23.84,Sandy,Concrete,12.67,329.55,Night,5.22,2,17.14,1.88,3.22,49.50,61.06,No
T00213,Lifting,BLD002,Bulldozer,5,OP019,Intermediate,6,Cloudy,11.72,26.37,4.10,Rocky,Rock,25.93,199.61,Afternoon,8.11,1,6.09,6.67,4.03,48.30,63.78,No
T00214,Lifting,EXC001,Excavator,7,OP002,Expert,10,Sunny,21.22,67.30,24.66,Rocky,Soil,16.30,385.57,Night,1.66,0,3.34,7.85,2.66,46.00,43.68,No
T00215,Earth Excavation,DMP001,DumpTruck,6,OP010,Beginner,0,Sunny,18.84,69.79,13.70,Hilly,Sand,13.65,318.68,Night,5.23,1,0.00,12.97,6.29,69.00,109.19,Yes
T00216,Demolition,EXC001,Excavator,7,OP018,Intermediate,4,Snowy,-2.57,16.41,8.30,Hilly,Sand,46.41,443.75,Evening,8.00,3,8.02,7.32,10.09,134.55,163.48,No
T00217,Compacting,LDR003,Loader,8,OP008,Beginner,0,Rainy,10.22,100.00,4.01,Flat,Sand,42.79,184.51,Afternoon,5.46,0,9.01,18.34,6.28,63.25,102.93,No
T00218,Compacting,EXC002,Excavator,2,OP019,Intermediate,6,Snowy,5.40,67.68,0.89,Sandy,Debris,34.39,273.53,Evening,0.08,3,14.57,11.71,4.39,78.65,82.67,No
T00219,Material Loading,GRD002,Grader,6,OP006,Intermediate,6,Windy,20.77,61.34,41.24,Flat,Rock,45.55,298.47,Afternoon,2.73,0,5.29,12.17,2.25,33.00,35.36,No
T00220,Material Loading,CRN001,Crane,3,OP013,Intermediate,3,Foggy,27.78,32.83,8.90,Flat,Debris,22.18,37.20,Morning,5.46,0,12.07,1.88,2.66,36.00,48.05,No
T00221,Demolition,BLD002,Bulldozer,5,OP001,Beginner,0,Cloudy,20.63,42.00,12.01,Muddy,Concrete,26.88,112.97,Morning,8.09,1,12.93,5.63,9.27,113.40,159.35,No
T00222,Compacting,CRN002,Crane,6,OP017,Intermediate,6,Cloudy,15.87,50.05,14.72,Flat,Soil,19.98,149.64,Evening,8.05,3,11.53,11.73,4.41,57.75,77.07,No
T00223,Compacting,EXC002,Excavator,2,OP007,Intermediate,3,Sunny,7.61,48.52,15.19,Flat,Debris,16.88,329.72,Night,1.86,3,0.00,0.00,3.59,55.00,63.54,No
T00224,Grading,LDR003,Loader,8,OP008,Beginner,0,Foggy,17.23,42.77,0.00,Muddy,Rock,38.63,92.62,Morning,6.19,0,1.89,9.03,5.15,50.40,81.58,No
T00225,Demolition,DMP002,DumpTruck,5,OP012,Beginner,2,Sunny,23.84,72.25,19.91,Flat,Concrete,37.33,291.18,Morning,6.60,1,3.05,10.43,8.19,90.00,140.49,No
T00226,Earth Excavation,LDR002,Loader,4,OP013,Intermediate,3,Sunny,18.96,86.52,0.23,Rocky,Concrete,11.77,100.11,Afternoon,1.13,1,7.51,6.68,4.25,69.00,72.12,No
T00227,Material Loading,LDR003,Loader,8,OP015,Expert,9,Sunny,18.01,28.34,11.30,Sandy,Debris,39.15,334.76,Night,1.79,2,0.00,1.24,2.13,33.00,30.74,No
T00228,Digging,DMP001,DumpTruck,6,OP013,Intermediate,3,Foggy,19.69,47.27,14.78,Flat,Debris,8.02,289.36,Evening,4.87,3,3.03,5.80,4.88,60.00,68.36,No
T00229,Demolition,BLD002,Bulldozer,5,OP006,Intermediate,6,Windy,18.29,48.83,36.97,Hilly,Debris,44.41,434.57,Evening,3.90,1,14.03,10.57,8.20,113.85,135.92,No
T00230,Grading,LDR003,Loader,8,OP014,Beginner,2,Rainy,19.53,96.30,13.52,Flat,Rock,57.97,430.42,Afternoon,6.08,0,0.13,5.33,5.03,40.25,71.34,No
T00231,Demolition,BLD003,Bulldozer,5,OP010,Beginner,0,Windy,17.28,31.72,28.82,Muddy,Sand,46.04,482.99,Night,7.35,3,0.93,8.97,9.83,118.80,167.70,No
T00232,Earth Excavation,EXC002,Excavator,2,OP010,Beginner,0,Cloudy,15.47,45.66,18.42,Flat,Concrete,52.27,203.79,Evening,4.22,2,5.45,13.04,5.27,63.00,90.83,No
T00233,Lifting,BLD001,Bulldozer,2,OP011,Intermediate,3,Sunny,24.64,64.01,5.60,Hilly,Sand,14.15,184.03,Evening,3.92,1,2.59,6.31,3.25,46.00,56.51,No
T00234,Grading,GRD001,Grader,6,OP012,Beginner,2,Windy,16.28,40.23,30.63,Muddy,Concrete,23.33,381.84,Evening,7.02,1,1.37,8.26,4.11,46.20,71.83,No
T00235,Material Loading,BLD002,Bulldozer,5,OP011,Intermediate,3,Windy,7.14,46.39,31.07,Flat,Debris,25.84,246.21,Morning,4.18,3,14.47,3.62,2.64,33.00,42.71,No
T00236,Trenching,EXC002,Excavator,2,OP013,Intermediate,3,Cloudy,11.87,42.47,9.68,Rocky,Sand,9.46,444.50,Evening,6.42,1,9.84,0.00,2.99,54.34,61.22,No
T00237,Compacting,BLD003,Bulldozer,5,OP014,Beginner,2,Sunny,36.81,57.79,26.73,Sandy,Soil,13.50,167.64,Afternoon,1.33,2,8.99,11.82,4.14,60.50,79.36,No
T00238,Grading,LDR002,Loader,4,OP013,Intermediate,3,Cloudy,22.44,62.68,5.37,Rocky,Concrete,57.46,375.51,Evening,0.18,2,12.17,7.13,3.01,42.26,55.00,No
T00239,Grading,BLD003,Bulldozer,5,OP003,Beginner,2,Sunny,18.23,33.97,11.75,Sandy,Debris,38.01,346.24,Morning,4.41,2,0.00,13.01,4.10,38.50,64.76,No
T00240,Grading,BLD003,Bulldozer,5,OP011,Intermediate,3,Cloudy,20.67,65.55,5.89,Rocky,Rock,5.09,443.96,Night,5.56,0,13.03,6.15,3.47,42.26,56.58,No
T00241,Grading,EXC001,Excavator,7,OP011,Intermediate,3,Windy,16.08,50.29,34.64,Rocky,Rock,42.45,213.72,Evening,2.12,3,1.42,10.18,4.23,44.27,57.12,No
T00242,Lifting,GRD002,Grader,6,OP015,Expert,9,Windy,19.40,48.39,37.19,Hilly,Debris,7.70,139.85,Evening,6.10,3,6.06,15.67,2.95,50.60,52.26,Yes
T00243,Lifting,LDR001,Loader,1,OP013,Intermediate,3,Sunny,12.26,46.60,14.37,Muddy,Concrete,28.52,88.18,Evening,7.59,3,5.17,8.40,3.77,48.00,67.86,Yes
T00244,Trenching,LDR001,Loader,1,OP012,Beginner,2,Sunny,32.57,63.60,13.38,Muddy,Rock,56.56,192.54,Night,0.21,2,1.35,9.66,3.74,54.00,72.95,No
T00245,Grading,LDR001,Loader,1,OP013,Intermediate,3,Sunny,12.17,34.83,9.43,Hilly,Concrete,6.00,51.42,Morning,9.34,2,0.00,5.16,2.72,40.25,56.97,No
T00246,Earth Excavation,CRN001,Crane,3,OP017,Intermediate,6,Cloudy,19.46,61.34,7.39,Flat,Rock,9.93,465.16,Night,4.99,0,1.46,5.47,3.59,63.00,73.02,No
T00247,Demolition,EXC003,Excavator,5,OP014,Beginner,2,Rainy,23.85,84.74,6.63,Hilly,Sand,20.19,317.01,Night,3.83,0,1.36,19.43,9.63,119.02,166.92,No
T00248,Trenching,CRN002,Crane,6,OP017,Intermediate,6,Windy,10.82,49.12,33.87,Muddy,Concrete,37.10,448.92,Afternoon,6.49,0,17.13,2.28,5.41,59.40,79.26,No
T00249,Earth Excavation,BLD001,Bulldozer,2,OP019,Intermediate,6,Cloudy,16.53,56.22,10.92,Hilly,Rock,37.18,217.52,Afternoon,8.07,0,3.71,13.88,4.70,72.45,91.47,No
T00250,Lifting,LDR003,Loader,8,OP002,Expert,10,Rainy,5.09,79.75,5.97,Sandy,Debris,22.51,43.46,Afternoon,2.54,1,3.06,12.07,2.92,50.60,54.95,No
T00251,Trenching,CRN002,Crane,6,OP006,Intermediate,6,Windy,25.52,45.91,27.77,Sandy,Soil,49.66,102.76,Night,6.31,3,0.00,9.70,4.82,54.45,72.11,No
T00252,Digging,LDR003,Loader,8,OP019,Intermediate,6,Cloudy,23.14,81.93,3.44,Sandy,Sand,36.28,385.37,Night,8.18,2,8.84,8.01,5.44,57.75,78.64,No
T00253,Grading,BLD003,Bulldozer,5,OP001,Beginner,0,Foggy,7.11,42.22,12.21,Sandy,Debris,5.16,110.33,Morning,4.51,2,9.07,12.28,3.42,46.20,70.89,No
T00254,Grading,BLD001,Bulldozer,2,OP005,Intermediate,3,Cloudy,18.89,59.66,14.81,Flat,Concrete,58.90,232.38,Morning,7.56,0,10.61,4.95,2.12,36.75,46.33,No
T00255,Earth Excavation,LDR001,Loader,1,OP015,Expert,9,Windy,21.81,58.18,39.95,Sandy,Concrete,58.95,179.77,Morning,4.79,1,11.71,0.00,3.75,72.60,70.34,No
T00256,Compacting,BLD002,Bulldozer,5,OP008,Beginner,0,Cloudy,17.29,46.34,12.28,Hilly,Rock,50.03,77.60,Morning,0.62,0,0.00,8.09,4.73,66.41,83.43,No
T00257,Demolition,GRD001,Grader,6,OP007,Intermediate,3,Rainy,23.29,58.73,4.48,Sandy,Concrete,47.74,288.91,Evening,8.03,3,0.00,7.23,7.93,113.85,136.41,No
T00258,Grading,BLD001,Bulldozer,2,OP006,Intermediate,6,Sunny,16.16,53.30,16.95,Hilly,Concrete,43.05,433.97,Morning,0.16,2,9.94,3.51,1.76,40.25,41.05,No
T00259,Demolition,DMP001,DumpTruck,6,OP012,Beginner,2,Sunny,26.01,42.98,9.41,Muddy,Sand,21.78,63.51,Evening,0.58,0,0.00,14.51,9.08,108.00,147.78,Yes
T00260,Grading,GRD001,Grader,6,OP005,Intermediate,3,Rainy,20.66,89.68,5.29,Sandy,Soil,25.70,191.29,Evening,6.37,0,1.65,6.00,3.78,44.28,63.41,Yes
T00261,Lifting,CRN002,Crane,6,OP010,Beginner,0,Foggy,11.56,56.52,2.77,Hilly,Soil,48.72,310.11,Afternoon,2.54,0,6.85,14.73,4.96,55.20,87.80,Yes
T00262,Trenching,GRD001,Grader,6,OP019,Intermediate,6,Sunny,22.71,48.69,4.28,Muddy,Rock,14.08,396.72,Night,0.18,0,6.82,2.47,3.69,54.00,58.70,Yes
T00263,Lifting,DMP002,DumpTruck,5,OP001,Beginner,0,Foggy,19.26,65.42,8.75,Muddy,Sand,44.13,162.47,Night,0.38,3,8.63,14.37,4.56,57.60,74.76,No
T00264,Trenching,BLD002,Bulldozer,5,OP012,Beginner,2,Cloudy,20.00,64.40,9.26,Muddy,Debris,17.10,28.74,Night,5.21,3,4.18,16.67,4.95,56.70,85.93,No
T00265,Compacting,BLD002,Bulldozer,5,OP004,Beginner,1,Cloudy,18.94,67.51,17.81,Rocky,Concrete,49.34,480.29,Morning,6.44,0,12.73,11.97,6.00,66.41,106.55,No
T00266,Material Loading,GRD002,Grader,6,OP015,Expert,9,Cloudy,16.41,29.72,10.22,Rocky,Debris,57.36,465.56,Night,5.63,0,1.99,6.26,2.51,36.22,43.65,No
T00267,Demolition,LDR001,Loader,1,OP011,Intermediate,3,Rainy,20.87,90.10,6.17,Muddy,Debris,21.21,427.19,Evening,7.39,1,0.00,0.00,6.85,124.20,136.42,Yes
T00268,Grading,GRD001,Grader,6,OP012,Beginner,2,Sunny,20.00,62.76,19.54,Flat,Debris,34.75,111.93,Morning,3.93,2,10.60,11.07,4.25,35.00,61.97,No
T00269,Grading,CRN002,Crane,6,OP013,Intermediate,3,Rainy,23.99,74.37,4.44,Sandy,Debris,11.83,495.18,Evening,8.20,0,7.47,5.71,3.84,44.28,63.56,No
T00270,Digging,DMP001,DumpTruck,6,OP014,Beginner,2,Cloudy,12.50,53.37,7.83,Sandy,Sand,9.13,379.13,Morning,2.60,1,3.13,19.33,4.83,57.75,80.83,No
T00271,Digging,EXC001,Excavator,7,OP003,Beginner,2,Windy,14.65,42.55,27.44,Hilly,Sand,9.45,375.71,Afternoon,3.30,1,5.13,16.34,5.77,63.25,95.11,No
T00272,Lifting,CRN001,Crane,3,OP018,Intermediate,4,Rainy,22.90,72.12,19.64,Muddy,Rock,59.81,116.96,Morning,8.78,3,13.40,11.63,3.55,55.20,67.28,Yes
T00273,Compacting,LDR001,Loader,1,OP018,Intermediate,4,Foggy,9.20,64.23,14.08,Sandy,Debris,39.90,198.70,Morning,6.22,1,1.70,0.35,4.33,72.60,85.90,No
T00274,Digging,EXC003,Excavator,5,OP004,Beginner,1,Sunny,15.54,43.63,13.25,Muddy,Sand,8.84,408.48,Morning,2.12,0,3.21,10.79,4.96,60.00,79.40,Yes
T00275,Demolition,DMP002,DumpTruck,5,OP005,Intermediate,3,Sunny,21.72,23.97,13.73,Flat,Rock,39.47,366.09,Afternoon,8.24,0,3.18,9.36,6.21,90.00,110.74,No
T00276,Trenching,LDR001,Loader,1,OP002,Expert,10,Cloudy,19.09,54.32,8.13,Flat,Sand,57.67,411.70,Evening,8.73,2,0.90,7.38,2.61,47.25,55.32,No
T00277,Lifting,EXC002,Excavator,2,OP008,Beginner,0,Sunny,25.56,35.85,3.16,Flat,Rock,37.37,287.92,Morning,8.27,3,3.49,18.13,3.63,40.00,63.42,No
T00278,Grading,BLD001,Bulldozer,2,OP013,Intermediate,3,Sunny,27.78,47.50,20.52,Hilly,Rock,16.87,337.78,Afternoon,9.88,3,7.83,10.81,2.78,40.25,54.30,No
T00279,Demolition,DMP001,DumpTruck,6,OP006,Intermediate,6,Sunny,28.61,52.47,13.76,Sandy,Soil,29.80,343.21,Evening,1.01,1,0.00,0.00,6.32,99.00,102.14,No
T00280,Material Loading,LDR003,Loader,8,OP012,Beginner,2,Sunny,23.69,52.69,11.53,Sandy,Concrete,21.96,64.43,Evening,2.66,3,0.00,18.50,3.56,33.00,53.18,No
T00281,Lifting,LDR001,Loader,1,OP019,Intermediate,6,Foggy,19.76,39.60,18.00,Flat,Rock,56.92,243.76,Night,4.51,2,10.53,1.27,2.60,48.00,55.31,No
T00282,Trenching,CRN001,Crane,3,OP005,Intermediate,3,Sunny,20.59,51.14,8.05,Muddy,Debris,42.28,407.14,Evening,4.50,0,14.79,10.43,3.71,54.00,63.42,No
T00283,Compacting,BLD001,Bulldozer,2,OP016,Expert,10,Sunny,26.15,33.25,16.46,Flat,Rock,17.09,40.02,Morning,3.48,0,0.00,12.38,2.24,55.00,47.37,No
T00284,Material Loading,BLD002,Bulldozer,5,OP009,Beginner,2,Cloudy,18.89,80.46,2.40,Flat,Rock,10.71,434.40,Morning,9.98,0,6.91,14.31,3.42,31.50,57.06,No
T00285,Earth Excavation,EXC003,Excavator,5,OP019,Intermediate,6,Sunny,19.99,55.15,5.50,Rocky,Soil,24.83,68.70,Night,4.87,2,0.00,6.16,5.01,69.00,81.61,No
T00286,Grading,CRN001,Crane,3,OP010,Beginner,0,Foggy,14.01,26.30,15.49,Flat,Debris,13.91,361.38,Night,1.36,0,3.63,11.59,3.10,42.00,59.34,No
T00287,Compacting,LDR003,Loader,8,OP014,Beginner,2,Cloudy,19.32,33.87,16.29,Sandy,Soil,52.11,203.21,Night,7.80,0,3.76,12.88,7.08,63.53,108.53,No
T00288,Demolition,BLD002,Bulldozer,5,OP009,Beginner,2,Sunny,21.83,33.23,3.14,Muddy,Rock,28.29,48.38,Morning,8.65,0,0.00,10.22,8.83,108.00,148.58,No
T00289,Material Loading,CRN001,Crane,3,OP001,Beginner,0,Sunny,13.34,43.65,15.20,Flat,Sand,43.60,78.87,Afternoon,4.29,0,11.64,17.72,2.83,30.00,49.44,No
T00290,Grading,GRD001,Grader,6,OP004,Beginner,1,Windy,19.95,45.62,34.19,Flat,Sand,37.31,460.37,Afternoon,8.18,2,0.00,15.16,3.78,38.50,64.40,No
T00291,Earth Excavation,BLD003,Bulldozer,5,OP002,Expert,10,Rainy,13.96,86.71,11.43,Flat,Rock,14.72,378.92,Morning,1.67,0,2.95,9.08,4.25,69.00,63.75,No
T00292,Compacting,LDR002,Loader,4,OP009,Beginner,2,Cloudy,25.81,41.60,9.34,Flat,Soil,42.61,326.87,Night,0.53,3,1.93,18.08,5.01,57.75,83.54,No
T00293,Trenching,LDR002,Loader,4,OP019,Intermediate,6,Sunny,33.14,40.61,6.15,Rocky,Rock,58.04,180.25,Night,6.18,3,4.73,0.00,3.34,51.75,64.78,No
T00294,Grading,LDR003,Loader,8,OP002,Expert,10,Sunny,28.63,36.23,0.00,Sandy,Sand,23.98,75.01,Morning,8.47,2,8.38,6.42,3.22,38.50,48.57,No
T00295,Trenching,BLD002,Bulldozer,5,OP008,Beginner,0,Cloudy,27.20,41.87,5.74,Hilly,Soil,56.97,218.58,Afternoon,5.03,0,0.00,6.39,5.12,54.34,84.47,No
T00296,Digging,LDR001,Loader,1,OP006,Intermediate,6,Rainy,15.58,78.50,13.78,Muddy,Rock,58.94,278.31,Afternoon,9.72,3,2.38,7.45,4.55,69.00,83.05,No
T00297,Digging,GRD001,Grader,6,OP016,Expert,10,Foggy,15.13,53.82,0.00,Flat,Concrete,34.08,389.97,Afternoon,1.39,1,15.11,7.13,3.25,60.00,58.79,No
T00298,Compacting,DMP002,DumpTruck,5,OP008,Beginner,0,Sunny,29.08,61.54,12.70,Sandy,Sand,14.86,435.78,Afternoon,3.71,0,10.26,12.32,4.61,60.50,87.44,No
T00299,Lifting,BLD003,Bulldozer,5,OP011,Intermediate,3,Sunny,18.91,50.42,8.51,Sandy,Sand,15.13,265.76,Morning,9.68,2,5.17,0.00,3.75,44.00,60.19,Yes
T00300,Compacting,BLD002,Bulldozer,5,OP001,Beginner,0,Cloudy,29.73,63.56,11.53,Flat,Soil,17.56,200.81,Night,3.39,0,0.00,12.89,5.59,57.75,91.40,No
T00301,Grading,GRD002,Grader,6,OP017,Intermediate,6,Sunny,34.62,33.36,6.45,Flat,Rock,10.02,211.33,Night,8.36,2,8.73,0.00,3.28,35.00,50.86,No
T00302,Compacting,EXC001,Excavator,7,OP017,Intermediate,6,Windy,16.73,45.60,41.68,Flat,Concrete,45.57,102.81,Morning,9.38,2,1.66,1.41,5.35,60.50,83.90,No
T00303,Grading,LDR002,Loader,4,OP007,Intermediate,3,Sunny,21.30,41.39,14.14,Sandy,Concrete,47.12,158.88,Night,8.75,2,2.07,7.92,2.96,38.50,48.39,No
T00304,Demolition,BLD002,Bulldozer,5,OP017,Intermediate,6,Cloudy,31.31,73.31,13.00,Hilly,Debris,38.99,401.18,Evening,3.48,3,1.01,0.23,7.90,108.67,124.97,No
T00305,Compacting,BLD002,Bulldozer,5,OP010,Beginner,0,Cloudy,17.38,35.48,5.71,Flat,Rock,18.49,310.59,Morning,5.55,0,7.35,12.92,5.42,57.75,92.64,No
T00306,Digging,BLD003,Bulldozer,5,OP018,Intermediate,4,Foggy,10.78,41.76,13.12,Flat,Concrete,25.27,26.25,Night,3.31,3,7.42,11.50,4.16,60.00,79.26,Yes
T00307,Material Loading,BLD003,Bulldozer,5,OP015,Expert,9,Sunny,19.56,38.88,18.59,Rocky,Rock,27.20,326.71,Morning,2.89,0,3.14,12.83,1.76,34.50,36.42,No
T00308,Earth Excavation,DMP002,DumpTruck,5,OP011,Intermediate,3,Sunny,22.86,59.77,17.39,Rocky,Debris,44.45,474.37,Morning,8.36,2,11.47,2.84,5.17,69.00,91.42,No
T00309,Lifting,BLD003,Bulldozer,5,OP008,Beginner,0,Windy,17.87,50.38,42.02,Rocky,Debris,26.29,438.77,Afternoon,6.84,2,5.53,10.76,5.08,50.60,78.18,No
T00310,Demolition,LDR002,Loader,4,OP009,Beginner,2,Snowy,8.71,50.07,16.12,Sandy,Soil,9.37,411.85,Evening,0.84,0,6.66,14.43,10.58,128.70,186.09,Yes
T00311,Lifting,LDR001,Loader,1,OP003,Beginner,2,Rainy,30.90,86.72,1.24,Muddy,Concrete,46.93,158.37,Afternoon,5.18,3,0.00,14.72,4.79,55.20,77.47,No
T00312,Demolition,CRN002,Crane,6,OP009,Beginner,2,Sunny,19.60,53.08,9.00,Rocky,Rock,51.61,351.73,Afternoon,6.15,0,0.00,12.01,8.64,103.50,153.08,No
T00313,Lifting,GRD001,Grader,6,OP003,Beginner,2,Rainy,11.83,76.30,3.74,Flat,Sand,54.15,433.28,Afternoon,4.76,1,5.45,8.44,4.33,46.00,71.76,No
T00314,Lifting,GRD001,Grader,6,OP007,Intermediate,3,Sunny,22.52,56.85,11.98,Muddy,Sand,15.02,373.14,Night,0.24,3,5.53,6.77,3.03,48.00,56.96,No
T00315,Demolition,LDR001,Loader,1,OP003,Beginner,2,Sunny,30.19,59.10,12.69,Flat,Concrete,24.49,92.73,Night,2.70,1,8.27,9.80,6.46,90.00,125.85,No
T00316,Digging,GRD002,Grader,6,OP005,Intermediate,3,Cloudy,17.56,36.63,15.87,Rocky,Soil,38.73,419.65,Evening,3.69,2,10.22,7.28,4.32,60.37,74.47,No
T00317,Material Loading,DMP001,DumpTruck,6,OP014,Beginner,2,Rainy,22.54,82.74,4.58,Rocky,Rock,54.10,200.96,Evening,2.90,3,13.39,5.59,3.85,39.67,65.74,No
T00318,Material Loading,BLD003,Bulldozer,5,OP006,Intermediate,6,Sunny,19.27,59.97,6.54,Rocky,Rock,6.92,171.33,Night,5.69,0,4.06,2.75,2.95,34.50,45.01,No
T00319,Digging,CRN002,Crane,6,OP007,Intermediate,3,Cloudy,23.43,67.41,12.69,Rocky,Sand,20.67,280.91,Night,1.50,2,0.00,0.00,4.77,60.37,71.48,No
T00320,Lifting,EXC001,Excavator,7,OP015,Expert,9,Windy,22.06,34.60,30.62,Rocky,Sand,36.47,149.21,Night,8.33,2,9.55,12.74,3.44,50.60,56.88,No
T00321,Digging,EXC003,Excavator,5,OP007,Intermediate,3,Windy,14.05,43.08,33.00,Muddy,Debris,30.27,448.08,Morning,6.31,3,3.67,4.19,4.35,66.00,84.90,No
T00322,Grading,GRD002,Grader,6,OP014,Beginner,2,Cloudy,18.20,66.46,19.32,Muddy,Sand,20.44,483.41,Night,2.73,2,13.00,10.96,4.02,44.10,60.60,No
T00323,Compacting,LDR001,Loader,1,OP015,Expert,9,Cloudy,15.12,37.92,11.52,Muddy,Concrete,53.75,69.45,Afternoon,0.13,0,9.05,13.86,2.90,69.30,55.20,No
T00324,Lifting,BLD001,Bulldozer,2,OP011,Intermediate,3,Sunny,18.39,35.95,17.69,Hilly,Concrete,8.35,411.57,Evening,9.36,3,7.70,7.42,3.52,46.00,63.22,No
T00325,Trenching,EXC002,Excavator,2,OP017,Intermediate,6,Foggy,9.66,47.60,8.83,Hilly,Debris,37.07,323.49,Evening,2.77,3,9.72,5.12,3.47,62.10,71.67,No
T00326,Lifting,EXC001,Excavator,7,OP018,Intermediate,4,Cloudy,22.91,58.90,5.09,Muddy,Soil,37.06,73.99,Afternoon,3.26,1,13.75,4.83,3.61,50.40,59.09,No
T00327,Trenching,GRD001,Grader,6,OP014,Beginner,2,Sunny,20.70,40.60,7.31,Rocky,Concrete,43.97,325.07,Night,8.80,0,5.25,8.95,4.85,51.75,82.28,No
T00328,Material Loading,EXC002,Excavator,2,OP013,Intermediate,3,Sunny,6.77,71.34,7.69,Muddy,Debris,16.58,107.02,Night,1.70,1,11.71,8.27,2.38,36.00,40.36,No
T00329,Lifting,GRD001,Grader,6,OP020,Intermediate,6,Rainy,17.33,77.17,4.21,Flat,Soil,54.79,242.26,Morning,5.88,1,16.34,4.56,3.85,46.00,57.23,No
T00330,Digging,BLD003,Bulldozer,5,OP003,Beginner,2,Sunny,25.02,38.08,31.77,Sandy,Sand,46.84,466.91,Afternoon,4.17,2,7.16,14.35,4.86,55.00,82.97,No
T00331,Demolition,CRN001,Crane,3,OP006,Intermediate,6,Sunny,24.71,44.87,9.24,Sandy,Sand,8.57,365.91,Night,4.74,2,0.00,8.87,6.19,99.00,115.67,No
T00332,Grading,GRD001,Grader,6,OP017,Intermediate,6,Cloudy,13.11,65.02,9.78,Sandy,Debris,37.89,432.36,Morning,0.58,2,6.02,7.42,2.92,40.43,45.19,No
T00333,Grading,EXC003,Excavator,5,OP014,Beginner,2,Windy,13.97,57.59,36.85,Flat,Rock,58.45,356.70,Evening,6.34,3,0.00,14.08,3.29,38.50,60.29,No
T00334,Digging,EXC003,Excavator,5,OP003,Beginner,2,Sunny,24.02,85.63,13.68,Flat,Rock,39.77,119.50,Evening,6.75,1,10.93,11.13,4.35,50.00,77.00,Yes
T00335,Digging,CRN001,Crane,3,OP020,Intermediate,6,Windy,14.86,70.08,26.62,Hilly,Rock,30.82,130.30,Afternoon,0.46,3,9.71,9.73,3.66,63.25,67.27,Yes
T00336,Digging,DMP002,DumpTruck,5,OP002,Expert,10,Cloudy,15.08,47.77,11.94,Sandy,Soil,20.28,218.71,Afternoon,5.94,2,5.57,11.79,3.62,57.75,61.83,No
T00337,Earth Excavation,BLD001,Bulldozer,2,OP011,Intermediate,3,Sunny,22.52,42.62,9.38,Sandy,Debris,56.30,390.03,Afternoon,1.62,3,2.77,11.24,4.79,66.00,78.37,No
T00338,Digging,LDR003,Loader,8,OP013,Intermediate,3,Sunny,16.90,54.75,11.44,Hilly,Soil,38.28,41.88,Evening,8.73,3,0.00,3.50,5.40,57.50,87.36,No
T00339,Digging,DMP001,DumpTruck,6,OP002,Expert,10,Sunny,10.83,50.90,19.07,Muddy,Soil,16.01,478.32,Evening,5.95,0,0.00,3.85,3.95,60.00,69.00,No
T00340,Digging,DMP001,DumpTruck,6,OP011,Intermediate,3,Rainy,15.78,87.33,14.58,Muddy,Debris,16.76,203.73,Night,9.68,3,0.00,13.37,4.90,69.00,84.73,No
T00341,Trenching,EXC002,Excavator,2,OP019,Intermediate,6,Cloudy,16.96,44.74,9.45,Flat,Soil,8.98,178.88,Night,8.96,2,0.00,11.18,3.57,47.25,65.13,No
T00342,Digging,BLD002,Bulldozer,5,OP010,Beginner,0,Rainy,16.92,67.30,9.48,Muddy,Rock,57.32,294.91,Night,7.98,2,6.55,11.35,6.54,69.00,107.60,No
T00343,Compacting,GRD002,Grader,6,OP018,Intermediate,4,Cloudy,17.78,36.28,7.39,Sandy,Concrete,40.27,345.67,Afternoon,1.90,0,10.42,1.15,4.59,63.53,73.13,Yes
T00344,Demolition,DMP002,DumpTruck,5,OP002,Expert,10,Sunny,23.73,57.70,19.17,Muddy,Soil,17.39,370.63,Morning,3.95,0,7.53,6.29,5.70,108.00,94.41,No
T00345,Compacting,CRN002,Crane,6,OP008,Beginner,0,Sunny,17.83,47.49,6.67,Flat,Sand,47.63,474.37,Morning,9.85,3,14.87,11.02,5.14,55.00,87.58,No
T00346,Compacting,GRD001,Grader,6,OP002,Expert,10,Windy,26.77,39.71,31.30,Sandy,Debris,32.48,348.62,Morning,2.15,3,9.15,4.15,3.64,66.55,65.42,No
T00347,Lifting,CRN002,Crane,6,OP002,Expert,10,Cloudy,3.30,50.01,18.92,Sandy,Debris,32.69,176.47,Evening,9.59,3,7.74,4.82,3.93,46.20,64.70,No
T00348,Digging,DMP001,DumpTruck,6,OP011,Intermediate,3,Sunny,22.14,47.33,6.46,Flat,Rock,9.88,369.12,Evening,8.06,1,7.09,9.61,3.97,50.00,68.96,No
T00349,Demolition,LDR001,Loader,1,OP007,Intermediate,3,Sunny,26.52,30.40,15.20,Rocky,Concrete,41.63,172.93,Afternoon,6.35,0,0.00,12.39,6.29,103.50,117.61,No
T00350,Compacting,DMP001,DumpTruck,6,OP013,Intermediate,3,Cloudy,12.38,59.96,21.79,Muddy,Debris,21.18,351.93,Night,6.18,0,8.74,8.05,4.73,69.30,81.56,Yes
T00351,Digging,BLD003,Bulldozer,5,OP006,Intermediate,6,Cloudy,18.44,63.78,10.07,Hilly,Soil,23.19,366.05,Afternoon,6.54,2,9.23,11.28,5.08,60.37,79.61,No
T00352,Demolition,LDR003,Loader,8,OP001,Beginner,0,Foggy,24.78,44.56,6.99,Flat,Sand,57.77,298.69,Afternoon,8.28,0,11.13,14.97,10.83,108.00,167.80,No
T00353,Compacting,BLD003,Bulldozer,5,OP004,Beginner,1,Sunny,21.18,49.38,4.48,Flat,Soil,58.07,193.11,Morning,4.74,3,0.00,6.75,5.65,55.00,94.06,No
T00354,Lifting,LDR002,Loader,4,OP005,Intermediate,3,Snowy,6.87,55.72,16.10,Sandy,Rock,59.31,118.89,Morning,7.01,2,4.61,8.34,4.69,57.20,75.18,No
T00355,Digging,EXC001,Excavator,7,OP019,Intermediate,6,Sunny,29.62,32.55,0.00,Flat,Concrete,10.34,335.44,Night,6.14,3,7.57,5.59,4.35,50.00,74.98,No
T00356,Trenching,CRN001,Crane,3,OP009,Beginner,2,Rainy,18.21,81.84,10.70,Sandy,Sand,12.93,91.12,Night,0.98,2,7.22,13.54,3.91,56.92,74.20,Yes
T00357,Compacting,BLD003,Bulldozer,5,OP008,Beginner,0,Cloudy,14.59,38.31,7.11,Sandy,Sand,8.70,158.87,Night,6.34,0,6.75,8.73,5.43,63.53,94.02,No
T00358,Grading,DMP001,DumpTruck,6,OP004,Beginner,1,Rainy,19.25,86.16,0.00,Sandy,Soil,44.27,462.31,Afternoon,8.01,1,0.41,15.73,4.30,44.28,74.28,No
T00359,Trenching,GRD002,Grader,6,OP011,Intermediate,3,Cloudy,10.54,54.08,15.74,Hilly,Sand,19.85,57.40,Afternoon,3.97,0,9.38,7.89,3.96,54.34,71.23,No
T00360,Digging,LDR003,Loader,8,OP001,Beginner,0,Cloudy,16.22,44.38,10.67,Sandy,Rock,7.13,376.49,Afternoon,3.70,3,0.00,13.88,5.12,57.75,82.81,No
T00361,Lifting,EXC003,Excavator,5,OP010,Beginner,0,Cloudy,6.84,45.59,8.26,Flat,Debris,39.27,135.46,Morning,3.84,3,4.56,14.86,3.97,42.00,62.66,No
T00362,Trenching,LDR003,Loader,8,OP017,Intermediate,6,Rainy,30.21,77.17,10.28,Sandy,Rock,10.16,377.32,Morning,4.76,0,0.00,2.32,5.12,56.92,72.98,No
T00363,Digging,CRN001,Crane,3,OP019,Intermediate,6,Sunny,22.41,36.87,9.75,Sandy,Concrete,52.94,283.92,Evening,7.65,1,26.37,2.78,2.86,55.00,64.44,No
T00364,Material Loading,GRD002,Grader,6,OP015,Expert,9,Cloudy,14.57,33.17,4.52,Muddy,Rock,37.72,107.92,Morning,7.51,3,4.52,0.97,2.57,37.80,47.96,No
T00365,Grading,EXC002,Excavator,2,OP018,Intermediate,4,Foggy,9.47,34.89,8.51,Muddy,Concrete,44.21,241.54,Morning,8.25,0,2.56,9.84,3.44,50.40,64.90,No
T00366,Demolition,CRN002,Crane,6,OP004,Beginner,1,Windy,22.91,58.76,35.17,Muddy,Rock,38.85,407.75,Night,5.56,3,5.20,15.68,10.30,118.80,172.82,Yes
T00367,Trenching,CRN002,Crane,6,OP004,Beginner,1,Cloudy,7.39,53.52,4.63,Flat,Rock,33.29,292.69,Evening,5.94,1,11.34,11.28,5.15,47.25,81.31,No
T00368,Digging,EXC003,Excavator,5,OP003,Beginner,2,Sunny,19.21,45.63,13.49,Sandy,Concrete,22.71,44.37,Night,7.54,1,3.91,9.57,4.59,55.00,81.66,No
T00369,Digging,BLD003,Bulldozer,5,OP014,Beginner,2,Snowy,4.34,58.87,4.87,Rocky,Debris,44.75,94.50,Afternoon,2.20,3,5.61,7.32,5.90,74.75,101.83,No
T00370,Demolition,LDR003,Loader,8,OP011,Intermediate,3,Sunny,19.83,35.18,0.00,Sandy,Concrete,54.16,263.59,Afternoon,6.33,3,10.16,0.60,7.15,99.00,117.20,No
T00371,Grading,EXC002,Excavator,2,OP010,Beginner,0,Sunny,21.44,43.75,9.33,Muddy,Sand,35.21,337.90,Night,9.85,2,11.47,7.40,4.00,42.00,69.64,No
T00372,Grading,CRN002,Crane,6,OP017,Intermediate,6,Cloudy,22.10,38.15,8.49,Hilly,Rock,16.48,493.34,Evening,1.89,0,9.07,6.23,2.79,42.26,50.22,No
T00373,Material Loading,EXC002,Excavator,2,OP010,Beginner,0,Sunny,30.55,36.11,20.07,Muddy,Rock,7.23,470.62,Morning,6.40,2,6.76,14.47,2.74,36.00,54.36,Yes
T00374,Material Loading,BLD003,Bulldozer,5,OP018,Intermediate,4,Cloudy,7.70,67.08,7.53,Flat,Concrete,38.13,330.39,Morning,8.52,2,3.79,0.30,2.79,31.50,47.78,No
T00375,Trenching,LDR001,Loader,1,OP010,Beginner,0,Cloudy,22.56,66.56,7.64,Rocky,Debris,22.90,247.98,Evening,8.77,2,3.02,14.12,3.75,54.34,85.68,Yes
T00376,Trenching,EXC001,Excavator,7,OP014,Beginner,2,Rainy,15.99,84.01,5.02,Muddy,Soil,23.17,447.65,Morning,1.45,1,13.91,5.49,6.26,62.10,92.93,No
T00377,Digging,BLD001,Bulldozer,2,OP010,Beginner,0,Snowy,-6.34,35.08,22.53,Hilly,Debris,37.40,35.90,Night,1.74,2,8.45,9.33,5.62,74.75,102.12,Yes
T00378,Lifting,EXC001,Excavator,7,OP008,Beginner,0,Windy,17.13,68.32,38.59,Flat,Concrete,53.47,288.88,Afternoon,5.63,2,7.70,16.71,4.24,44.00,69.30,No
T00379,Earth Excavation,CRN001,Crane,3,OP013,Intermediate,3,Sunny,17.80,76.61,9.05,Rocky,Sand,51.37,225.28,Evening,8.32,1,13.77,4.08,4.74,69.00,86.93,No
T00380,Material Loading,EXC001,Excavator,7,OP012,Beginner,2,Rainy,15.40,93.22,23.80,Hilly,Rock,54.03,168.15,Evening,5.33,0,0.00,7.67,3.47,39.67,65.16,No
T00381,Digging,DMP001,DumpTruck,6,OP007,Intermediate,3,Cloudy,21.64,51.37,14.58,Sandy,Rock,12.41,143.99,Evening,2.49,2,1.91,12.71,4.46,57.75,65.77,No
T00382,Compacting,BLD001,Bulldozer,2,OP015,Expert,9,Cloudy,24.45,26.00,15.82,Sandy,Soil,59.21,369.48,Night,7.34,1,0.00,0.00,3.02,63.53,62.04,No
T00383,Compacting,EXC003,Excavator,5,OP004,Beginner,1,Sunny,24.69,56.74,12.22,Flat,Rock,16.63,412.35,Evening,5.27,1,6.31,6.63,4.73,55.00,80.45,No
T00384,Earth Excavation,CRN001,Crane,3,OP009,Beginner,2,Cloudy,14.35,35.23,20.27,Sandy,Soil,40.36,139.85,Night,6.35,3,5.56,9.05,5.32,69.30,95.90,Yes
T00385,Material Loading,EXC003,Excavator,5,OP006,Intermediate,6,Sunny,24.34,87.15,11.96,Muddy,Rock,54.06,331.97,Afternoon,6.66,2,4.90,0.00,1.95,36.00,44.87,No
T00386,Digging,BLD002,Bulldozer,5,OP003,Beginner,2,Cloudy,23.04,46.77,11.55,Hilly,Rock,25.97,157.80,Evening,9.71,1,9.53,15.07,5.35,60.37,98.95,No
T00387,Trenching,LDR001,Loader,1,OP004,Beginner,1,Sunny,33.74,30.07,10.10,Muddy,Sand,23.36,458.81,Evening,7.77,2,8.12,21.69,3.94,54.00,78.07,No
T00388,Trenching,BLD003,Bulldozer,5,OP004,Beginner,1,Rainy,19.73,85.80,10.31,Sandy,Debris,10.37,467.97,Night,6.10,2,0.00,9.28,5.21,56.92,89.74,No
T00389,Grading,GRD002,Grader,6,OP013,Intermediate,3,Rainy,22.22,92.92,22.93,Muddy,Debris,17.56,94.01,Morning,9.93,3,4.23,5.30,3.65,48.30,64.22,No
T00390,Compacting,EXC003,Excavator,5,OP020,Intermediate,6,Sunny,24.20,54.75,20.04,Muddy,Sand,45.99,176.03,Morning,5.52,1,2.51,2.17,4.70,66.00,74.56,No
T00391,Demolition,LDR001,Loader,1,OP005,Intermediate,3,Cloudy,22.28,43.71,12.03,Muddy,Rock,53.95,159.29,Night,0.75,1,1.49,5.83,6.26,113.40,111.48,No
T00392,Trenching,LDR002,Loader,4,OP014,Beginner,2,Sunny,24.35,47.51,8.14,Sandy,Rock,17.29,93.93,Night,2.77,3,16.17,7.83,3.57,49.50,65.96,No
T00393,Trenching,EXC003,Excavator,5,OP006,Intermediate,6,Cloudy,13.37,59.24,13.46,Hilly,Soil,26.24,46.98,Afternoon,7.78,2,16.47,6.90,4.13,54.34,75.60,No
T00394,Earth Excavation,LDR003,Loader,8,OP002,Expert,10,Cloudy,26.68,46.69,5.89,Hilly,Debris,58.41,69.49,Night,6.97,3,2.09,0.00,4.97,72.45,83.78,Yes
T00395,Grading,GRD001,Grader,6,OP015,Expert,9,Rainy,20.93,99.47,7.67,Hilly,Sand,13.83,149.28,Afternoon,0.11,3,10.43,7.31,2.02,46.29,36.32,No
T00396,Earth Excavation,LDR001,Loader,1,OP009,Beginner,2,Sunny,18.67,53.38,7.02,Sandy,Debris,35.78,357.89,Evening,4.87,2,5.64,9.19,4.17,66.00,90.07,No
T00397,Compacting,GRD001,Grader,6,OP005,Intermediate,3,Rainy,37.26,73.46,5.79,Muddy,Rock,35.33,285.04,Evening,8.59,0,0.00,3.81,5.57,75.90,94.29,No
T00398,Material Loading,BLD003,Bulldozer,5,OP007,Intermediate,3,Rainy,20.69,78.51,4.69,Flat,Rock,28.61,168.24,Evening,7.96,0,9.11,3.00,2.78,34.50,49.77,No
T00399,Trenching,CRN001,Crane,3,OP003,Beginner,2,Cloudy,23.27,48.00,0.00,Muddy,Sand,17.02,57.96,Afternoon,2.75,3,5.26,4.03,4.42,56.70,81.57,No
T00400,Lifting,BLD001,Bulldozer,2,OP001,Beginner,0,Cloudy,22.95,33.59,7.51,Hilly,Rock,5.26,112.33,Night,7.49,1,8.59,9.79,3.85,48.30,70.83,No
T00401,Demolition,GRD002,Grader,6,OP005,Intermediate,3,Foggy,18.22,51.04,17.47,Flat,Debris,39.49,338.93,Evening,8.02,2,8.81,8.33,7.58,108.00,133.66,No
T00402,Digging,LDR003,Loader,8,OP002,Expert,10,Rainy,24.18,81.06,7.83,Muddy,Rock,17.64,174.84,Night,0.56,1,12.68,2.04,4.84,69.00,65.89,No
T00403,Grading,CRN001,Crane,3,OP006,Intermediate,6,Cloudy,22.17,43.49,11.65,Hilly,Soil,56.43,57.36,Morning,4.34,0,7.99,0.38,2.91,42.26,56.60,No
T00404,Material Loading,CRN001,Crane,3,OP016,Expert,10,Snowy,6.51,52.85,10.49,Muddy,Concrete,28.75,324.44,Evening,1.75,0,0.00,4.76,2.79,46.80,46.21,No
T00405,Grading,BLD002,Bulldozer,5,OP016,Expert,10,Cloudy,15.79,43.58,8.64,Rocky,Concrete,12.93,45.46,Night,5.62,2,8.66,1.99,2.53,42.26,46.13,No
T00406,Lifting,DMP002,DumpTruck,5,OP017,Intermediate,6,Cloudy,4.22,41.11,12.08,Hilly,Sand,8.99,498.63,Morning,3.63,3,5.43,7.05,3.34,48.30,60.02,No
T00407,Trenching,LDR002,Loader,4,OP019,Intermediate,6,Cloudy,18.64,58.15,25.72,Hilly,Rock,15.80,459.63,Evening,7.87,3,5.10,7.40,3.57,54.34,69.38,No
T00408,Earth Excavation,EXC003,Excavator,5,OP004,Beginner,1,Cloudy,9.23,49.06,5.76,Sandy,Rock,20.12,132.66,Night,2.18,0,0.80,12.90,5.85,69.30,105.98,No
T00409,Compacting,GRD001,Grader,6,OP016,Expert,10,Sunny,26.80,43.61,9.55,Hilly,Rock,49.01,196.76,Night,7.03,0,7.63,1.30,4.02,63.25,71.62,No
T00410,Material Loading,EXC002,Excavator,2,OP010,Beginner,0,Rainy,22.27,66.86,7.31,Hilly,Debris,57.31,218.62,Night,5.82,3,10.35,10.97,3.03,39.67,62.14,No
T00411,Compacting,DMP002,DumpTruck,5,OP020,Intermediate,6,Rainy,17.92,64.72,15.75,Flat,Sand,39.73,460.72,Evening,1.60,0,0.00,13.11,4.23,63.25,71.75,No
T00412,Material Loading,GRD001,Grader,6,OP011,Intermediate,3,Cloudy,16.17,27.60,4.40,Flat,Concrete,45.15,87.78,Evening,9.53,1,0.00,5.92,3.24,31.50,51.10,No
T00413,Earth Excavation,BLD003,Bulldozer,5,OP014,Beginner,2,Sunny,40.58,47.52,6.81,Hilly,Concrete,21.47,412.86,Night,7.70,0,5.99,13.00,6.28,69.00,106.87,No
T00414,Demolition,BLD002,Bulldozer,5,OP020,Intermediate,6,Sunny,19.00,43.46,19.73,Hilly,Debris,33.77,259.11,Night,6.83,0,6.82,4.45,7.21,103.50,118.14,No
T00415,Trenching,LDR002,Loader,4,OP001,Beginner,0,Windy,10.54,64.17,40.62,Rocky,Debris,6.18,322.62,Morning,9.61,0,0.00,11.63,5.29,56.93,92.08,No
T00416,Demolition,CRN001,Crane,3,OP011,Intermediate,3,Cloudy,21.11,55.27,7.26,Sandy,Sand,29.85,210.07,Evening,5.12,3,10.61,4.02,7.03,103.95,123.57,No
T00417,Material Loading,GRD001,Grader,6,OP020,Intermediate,6,Cloudy,19.74,73.20,11.15,Hilly,Soil,25.91,294.06,Night,0.54,0,0.48,12.14,2.37,36.22,40.70,No
T00418,Grading,EXC003,Excavator,5,OP017,Intermediate,6,Windy,27.22,55.32,36.73,Rocky,Soil,23.40,22.92,Afternoon,7.08,0,0.00,14.38,3.07,44.27,58.88,No
T00419,Demolition,DMP001,DumpTruck,6,OP007,Intermediate,3,Sunny,9.55,54.85,15.95,Muddy,Concrete,21.39,29.69,Night,1.32,2,10.04,0.00,7.18,108.00,116.76,No
T00420,Earth Excavation,LDR003,Loader,8,OP001,Beginner,0,Sunny,16.45,49.60,12.55,Muddy,Rock,24.85,151.67,Afternoon,1.59,3,0.00,10.63,6.60,72.00,107.94,No
T00421,Compacting,CRN001,Crane,3,OP012,Beginner,2,Snowy,4.17,53.93,0.00,Muddy,Rock,37.88,39.81,Evening,5.26,3,0.00,12.58,6.71,85.80,123.22,No
T00422,Material Loading,GRD001,Grader,6,OP008,Beginner,0,Cloudy,17.30,44.74,3.64,Rocky,Soil,59.91,204.91,Morning,6.82,0,8.28,16.96,4.03,36.22,61.19,No
T00423,Compacting,DMP002,DumpTruck,5,OP014,Beginner,2,Sunny,21.47,42.82,4.37,Rocky,Soil,36.52,479.75,Afternoon,2.13,3,10.35,13.31,5.36,63.25,92.09,No
T00424,Digging,EXC003,Excavator,5,OP006,Intermediate,6,Rainy,12.98,79.32,13.10,Sandy,Rock,33.12,290.55,Evening,1.13,3,6.21,0.00,4.04,63.25,71.51,No
T00425,Material Loading,EXC001,Excavator,7,OP004,Beginner,1,Sunny,28.73,44.56,15.47,Sandy,Rock,31.43,462.50,Afternoon,0.34,3,0.00,10.88,3.13,33.00,49.12,No
T00426,Demolition,BLD003,Bulldozer,5,OP017,Intermediate,6,Sunny,19.58,44.80,16.00,Muddy,Soil,49.36,339.30,Evening,4.54,0,0.85,7.41,7.52,108.00,125.38,No
T00427,Trenching,DMP001,DumpTruck,6,OP018,Intermediate,4,Rainy,16.59,78.18,2.61,Muddy,Concrete,12.91,366.25,Evening,0.10,1,19.54,4.74,3.82,62.10,63.68,No
T00428,Digging,BLD002,Bulldozer,5,OP014,Beginner,2,Sunny,22.83,47.07,9.80,Sandy,Sand,52.43,157.44,Afternoon,5.26,2,4.84,6.75,5.38,55.00,90.25,No
T00429,Trenching,BLD001,Bulldozer,2,OP014,Beginner,2,Rainy,14.04,71.46,11.40,Muddy,Rock,34.67,492.01,Night,8.94,3,0.00,11.12,5.22,62.10,95.38,No
T00430,Earth Excavation,BLD001,Bulldozer,2,OP005,Intermediate,3,Windy,12.16,30.76,34.05,Muddy,Sand,59.10,475.26,Evening,8.49,1,0.00,9.11,4.68,79.20,89.94,No
T00431,Compacting,LDR003,Loader,8,OP006,Intermediate,6,Sunny,15.95,53.90,8.52,Rocky,Concrete,43.13,475.22,Afternoon,0.72,3,6.97,10.92,4.42,63.25,66.31,No
T00432,Lifting,CRN001,Crane,3,OP019,Intermediate,6,Sunny,15.44,48.53,2.48,Hilly,Concrete,21.96,439.32,Night,6.71,2,4.25,4.54,3.34,46.00,56.46,No
T00433,Trenching,DMP001,DumpTruck,6,OP011,Intermediate,3,Rainy,18.76,65.55,17.54,Sandy,Concrete,9.25,184.69,Morning,7.23,2,7.92,14.37,5.08,56.92,74.98,No
T00434,Digging,LDR002,Loader,4,OP008,Beginner,0,Cloudy,20.69,35.40,15.40,Muddy,Rock,7.58,344.63,Afternoon,2.88,0,5.81,16.45,5.45,63.00,89.75,No
T00435,Grading,EXC001,Excavator,7,OP020,Intermediate,6,Sunny,20.58,32.40,7.37,Sandy,Soil,32.42,279.08,Evening,7.99,0,12.26,2.83,3.21,38.50,56.03,No
T00436,Lifting,GRD001,Grader,6,OP005,Intermediate,3,Sunny,23.01,55.41,10.17,Hilly,Soil,59.30,90.10,Morning,6.58,1,7.61,6.16,4.24,46.00,62.08,No
T00437,Grading,GRD001,Grader,6,OP012,Beginner,2,Sunny,20.74,58.46,19.59,Rocky,Rock,50.73,357.70,Night,4.19,2,13.79,8.06,3.10,40.25,59.75,No
T00438,Digging,CRN001,Crane,3,OP010,Beginner,0,Sunny,15.31,50.46,7.94,Muddy,Debris,20.22,240.14,Afternoon,8.35,0,0.00,12.81,5.64,60.00,94.51,No
T00439,Compacting,BLD003,Bulldozer,5,OP006,Intermediate,6,Sunny,27.17,50.99,0.00,Sandy,Soil,5.99,238.58,Night,4.79,2,11.07,5.75,3.76,60.50,66.18,No
T00440,Lifting,GRD001,Grader,6,OP014,Beginner,2,Cloudy,13.67,49.08,11.66,Muddy,Soil,59.16,89.12,Evening,3.84,0,0.00,17.56,4.71,50.40,69.78,No
T00441,Earth Excavation,BLD003,Bulldozer,5,OP016,Expert,10,Rainy,20.08,87.18,0.00,Hilly,Soil,22.44,24.77,Afternoon,1.12,3,10.55,7.97,4.11,79.35,73.28,Yes
T00442,Trenching,LDR001,Loader,1,OP004,Beginner,1,Rainy,22.05,62.33,14.87,Flat,Soil,5.49,336.80,Afternoon,8.72,1,0.00,15.67,4.16,51.75,80.39,No
T00443,Grading,EXC002,Excavator,2,OP005,Intermediate,3,Windy,17.12,60.13,42.06,Flat,Soil,59.19,408.83,Morning,6.74,1,4.11,4.07,2.16,38.50,48.64,No
T00444,Trenching,EXC003,Excavator,5,OP015,Expert,9,Foggy,17.40,62.52,11.32,Muddy,Debris,38.74,451.78,Afternoon,6.54,2,5.77,3.71,3.48,64.80,63.24,No
T00445,Trenching,GRD001,Grader,6,OP004,Beginner,1,Cloudy,20.81,70.76,13.05,Rocky,Soil,29.19,122.86,Morning,6.68,2,0.00,9.22,4.49,54.34,83.82,No
T00446,Digging,EXC002,Excavator,2,OP002,Expert,10,Sunny,22.20,38.74,9.56,Hilly,Sand,48.92,138.94,Evening,8.90,3,20.51,1.75,3.94,57.50,66.19,No
T00447,Digging,EXC001,Excavator,7,OP020,Intermediate,6,Rainy,31.99,96.48,6.19,Sandy,Soil,40.75,307.68,Evening,3.73,0,0.00,5.84,4.97,63.25,82.47,No
T00448,Lifting,BLD003,Bulldozer,5,OP013,Intermediate,3,Cloudy,23.09,38.55,10.36,Rocky,Debris,58.09,259.41,Morning,2.72,3,5.12,10.01,3.56,48.30,53.88,No
T00449,Trenching,GRD001,Grader,6,OP015,Expert,9,Sunny,29.85,42.14,14.90,Rocky,Debris,57.89,119.36,Morning,3.51,1,2.75,6.48,3.25,51.75,54.39,No
T00450,Lifting,GRD002,Grader,6,OP001,Beginner,0,Sunny,14.48,60.17,14.61,Rocky,Debris,26.16,430.41,Evening,0.41,1,0.00,13.25,4.65,46.00,66.96,No
T00451,Demolition,DMP001,DumpTruck,6,OP016,Expert,10,Windy,23.58,52.45,44.68,Sandy,Sand,59.39,156.20,Evening,7.86,0,7.05,8.36,7.19,108.90,114.54,No
T00452,Lifting,CRN002,Crane,6,OP020,Intermediate,6,Sunny,24.75,40.59,9.76,Flat,Rock,55.41,315.72,Morning,0.05,1,2.09,6.65,2.14,40.00,46.02,Yes
T00453,Grading,BLD003,Bulldozer,5,OP009,Beginner,2,Sunny,28.81,33.66,4.44,Rocky,Rock,8.72,37.31,Afternoon,0.94,3,7.63,12.97,3.22,40.25,60.67,No
T00454,Compacting,LDR002,Loader,4,OP002,Expert,10,Windy,15.81,38.74,32.26,Muddy,Sand,50.25,153.41,Afternoon,2.97,3,0.00,5.94,5.00,72.60,78.07,No
T00455,Demolition,EXC003,Excavator,5,OP010,Beginner,0,Rainy,20.98,88.26,10.21,Flat,Concrete,35.13,101.01,Evening,0.33,1,10.17,19.27,8.87,103.50,149.40,No
T00456,Grading,BLD001,Bulldozer,2,OP017,Intermediate,6,Rainy,29.89,82.56,8.33,Sandy,Debris,23.70,390.68,Night,2.99,2,5.00,4.95,3.13,44.28,51.80,No
T00457,Trenching,DMP002,DumpTruck,5,OP003,Beginner,2,Sunny,31.76,37.70,1.97,Flat,Rock,42.61,159.25,Evening,1.30,0,0.00,11.33,3.83,45.00,59.12,No
T00458,Material Loading,DMP001,DumpTruck,6,OP009,Beginner,2,Cloudy,11.28,47.84,11.69,Rocky,Debris,23.73,109.57,Morning,4.39,2,0.00,9.40,3.54,36.22,55.26,Yes
T00459,Material Loading,LDR001,Loader,1,OP014,Beginner,2,Cloudy,26.96,48.90,26.74,Flat,Rock,23.61,378.12,Night,2.70,0,2.33,14.21,2.33,31.50,46.77,No
T00460,Compacting,LDR003,Loader,8,OP013,Intermediate,3,Foggy,23.16,55.67,12.18,Muddy,Sand,30.99,21.07,Morning,7.10,0,15.51,6.84,6.60,79.20,103.37,No
T00461,Earth Excavation,BLD001,Bulldozer,2,OP012,Beginner,2,Foggy,25.74,68.26,0.00,Sandy,Concrete,16.41,68.64,Morning,2.89,0,4.56,11.38,6.42,79.20,108.64,No
T00462,Trenching,EXC003,Excavator,5,OP002,Expert,10,Rainy,17.94,63.77,1.41,Rocky,Soil,46.05,262.56,Afternoon,4.88,0,5.82,3.21,4.11,59.51,60.46,Yes
T00463,Trenching,EXC003,Excavator,5,OP010,Beginner,0,Windy,17.60,41.39,32.35,Hilly,Rock,45.17,499.58,Night,3.62,3,10.14,14.33,4.99,56.93,88.73,No
T00464,Material Loading,CRN002,Crane,6,OP020,Intermediate,6,Rainy,20.96,68.39,1.54,Flat,Rock,28.38,408.17,Night,7.27,2,10.50,9.59,2.92,34.50,54.09,No
T00465,Lifting,EXC003,Excavator,5,OP009,Beginner,2,Windy,13.73,59.03,25.92,Rocky,Sand,44.31,465.80,Afternoon,8.46,3,4.94,8.27,4.62,50.60,84.75,Yes
T00466,Earth Excavation,BLD003,Bulldozer,5,OP006,Intermediate,6,Cloudy,16.33,45.70,4.94,Rocky,Debris,13.49,299.66,Afternoon,5.92,0,0.00,7.56,5.27,72.45,90.74,No
T00467,Demolition,EXC002,Excavator,2,OP002,Expert,10,Rainy,13.61,95.20,18.39,Flat,Rock,29.58,466.71,Evening,2.99,1,7.48,7.54,4.99,103.50,95.46,No
T00468,Earth Excavation,BLD003,Bulldozer,5,OP018,Intermediate,4,Sunny,25.90,80.42,11.38,Muddy,Soil,11.66,155.56,Night,6.50,1,1.09,2.94,5.63,72.00,90.44,Yes
T00469,Grading,EXC001,Excavator,7,OP011,Intermediate,3,Sunny,26.34,54.64,12.28,Muddy,Concrete,8.81,39.69,Evening,9.05,1,16.32,13.22,4.64,42.00,60.00,No
T00470,Trenching,BLD002,Bulldozer,5,OP008,Beginner,0,Windy,21.03,57.86,41.12,Hilly,Debris,21.13,182.73,Morning,1.47,2,11.14,8.82,4.88,56.93,81.57,No
T00471,Digging,BLD003,Bulldozer,5,OP009,Beginner,2,Cloudy,21.10,39.04,19.49,Hilly,Debris,25.77,343.52,Evening,3.29,0,0.00,11.77,5.46,60.37,93.37,No
T00472,Digging,BLD002,Bulldozer,5,OP015,Expert,9,Rainy,13.54,81.30,14.67,Flat,Sand,53.60,175.98,Night,4.54,2,0.00,6.21,4.13,57.50,65.37,No
T00473,Trenching,BLD002,Bulldozer,5,OP019,Intermediate,6,Sunny,28.22,57.07,9.05,Sandy,Rock,55.19,160.06,Night,5.28,1,0.04,5.79,3.15,49.50,57.97,No
T00474,Digging,EXC003,Excavator,5,OP002,Expert,10,Cloudy,30.08,45.18,0.00,Sandy,Sand,38.52,264.02,Afternoon,7.45,0,23.04,11.50,3.86,57.75,66.62,No
T00475,Grading,EXC003,Excavator,5,OP003,Beginner,2,Cloudy,18.34,50.45,3.52,Rocky,Sand,32.16,302.84,Afternoon,1.86,2,6.52,8.92,3.58,42.26,60.48,No
T00476,Compacting,DMP002,DumpTruck,5,OP016,Expert,10,Sunny,31.67,51.58,13.59,Rocky,Concrete,24.29,461.84,Evening,9.91,2,0.00,4.27,4.70,63.25,73.54,No
T00477,Grading,CRN002,Crane,6,OP014,Beginner,2,Cloudy,16.51,29.25,14.51,Hilly,Rock,53.97,23.38,Morning,8.95,2,0.00,18.71,4.85,42.26,77.44,No
T00478,Lifting,LDR003,Loader,8,OP012,Beginner,2,Sunny,27.64,70.16,3.86,Muddy,Soil,45.52,168.36,Night,3.74,3,4.32,7.61,5.43,48.00,75.19,No
T00479,Lifting,BLD001,Bulldozer,2,OP006,Intermediate,6,Sunny,19.87,63.02,10.63,Hilly,Rock,32.56,73.13,Afternoon,6.69,0,12.20,1.40,3.42,46.00,57.61,No
T00480,Trenching,EXC002,Excavator,2,OP019,Intermediate,6,Windy,16.21,40.97,47.30,Hilly,Sand,43.66,233.37,Night,7.42,3,8.19,0.00,3.96,56.93,75.41,No
T00481,Grading,BLD002,Bulldozer,5,OP004,Beginner,1,Windy,17.46,38.58,33.01,Flat,Soil,50.09,67.64,Evening,1.96,0,0.00,9.09,3.08,38.50,53.67,No
T00482,Demolition,LDR002,Loader,4,OP019,Intermediate,6,Sunny,16.14,56.03,17.81,Flat,Debris,12.28,440.93,Night,9.11,1,3.97,9.47,6.42,90.00,119.83,No
T00483,Lifting,LDR001,Loader,1,OP007,Intermediate,3,Foggy,7.75,49.35,17.81,Muddy,Concrete,44.00,274.73,Evening,8.85,0,5.79,7.17,4.03,57.60,75.03,No
T00484,Digging,LDR002,Loader,4,OP004,Beginner,1,Sunny,31.72,47.57,5.41,Hilly,Debris,35.66,280.94,Morning,1.82,2,1.01,14.27,4.88,57.50,80.31,No
T00485,Grading,CRN001,Crane,3,OP004,Beginner,1,Sunny,19.29,54.16,23.08,Sandy,Sand,37.12,351.99,Morning,6.86,2,4.77,12.44,3.64,38.50,60.77,No
T00486,Trenching,BLD002,Bulldozer,5,OP014,Beginner,2,Sunny,25.97,55.01,11.36,Rocky,Debris,52.86,119.83,Morning,9.56,2,3.49,12.82,4.87,51.75,87.12,No
T00487,Digging,LDR001,Loader,1,OP010,Beginner,0,Sunny,8.73,57.22,0.00,Hilly,Concrete,34.38,417.23,Evening,0.54,3,7.76,5.84,4.14,57.50,75.49,No
T00488,Lifting,EXC001,Excavator,7,OP003,Beginner,2,Cloudy,16.37,61.64,2.23,Hilly,Concrete,56.51,240.43,Morning,9.21,2,9.57,13.59,5.18,48.30,80.73,No
T00489,Trenching,LDR003,Loader,8,OP004,Beginner,1,Sunny,15.25,44.93,14.35,Sandy,Debris,37.22,408.96,Night,1.99,0,0.00,12.95,4.13,49.50,68.72,No
T00490,Material Loading,DMP001,DumpTruck,6,OP005,Intermediate,3,Sunny,22.84,53.51,11.86,Hilly,Debris,9.76,25.68,Morning,3.65,2,0.00,10.22,2.59,34.50,47.78,No
T00491,Trenching,CRN002,Crane,6,OP011,Intermediate,3,Rainy,28.22,84.67,0.00,Hilly,Rock,26.73,194.76,Afternoon,8.92,0,3.05,9.53,4.59,59.51,78.91,No
T00492,Lifting,EXC003,Excavator,5,OP002,Expert,10,Rainy,13.44,51.15,7.53,Hilly,Soil,24.07,51.09,Afternoon,7.13,3,1.33,11.10,3.32,52.90,57.77,Yes
T00493,Material Loading,GRD001,Grader,6,OP001,Beginner,0,Snowy,0.35,54.32,17.64,Muddy,Rock,45.92,309.80,Evening,1.21,0,8.61,15.22,3.80,46.80,68.48,Yes
T00494,Grading,GRD002,Grader,6,OP017,Intermediate,6,Sunny,19.45,48.28,10.27,Rocky,Sand,40.19,217.84,Evening,2.90,2,3.65,8.20,2.71,40.25,46.64,No
T00495,Demolition,LDR002,Loader,4,OP007,Intermediate,3,Rainy,5.74,83.80,10.90,Flat,Rock,44.81,124.98,Morning,4.24,2,13.40,13.89,5.65,103.50,106.12,No
T00496,Grading,GRD002,Grader,6,OP007,Intermediate,3,Cloudy,30.80,54.24,2.91,Hilly,Soil,24.06,48.05,Evening,1.08,3,10.38,0.91,3.08,42.26,48.57,No
T00497,Digging,GRD002,Grader,6,OP018,Intermediate,4,Cloudy,17.72,59.27,3.03,Muddy,Debris,43.11,171.71,Morning,5.53,3,0.00,2.50,4.84,63.00,83.07,No
T00498,Lifting,CRN002,Crane,6,OP012,Beginner,2,Sunny,11.83,48.09,15.07,Hilly,Soil,17.35,64.04,Morning,9.19,0,7.44,14.18,4.70,46.00,80.15,Yes
T00499,Earth Excavation,BLD002,Bulldozer,5,OP011,Intermediate,3,Cloudy,16.79,53.67,0.19,Rocky,Soil,19.66,492.33,Evening,7.28,0,6.49,9.79,5.50,72.45,94.32,No
T00500,Grading,BLD001,Bulldozer,2,OP017,Intermediate,6,Sunny,28.43,57.48,7.68,Hilly,Soil,58.09,468.30,Night,9.94,2,3.34,9.89,3.58,40.25,59.52,No
T00501,Digging,CRN001,Crane,3,OP013,Intermediate,3,Cloudy,15.98,51.66,14.02,Muddy,Concrete,36.86,439.60,Night,6.56,1,11.93,1.19,4.46,63.00,78.18,Yes
T00502,Material Loading,BLD002,Bulldozer,5,OP007,Intermediate,3,Cloudy,15.46,30.71,5.84,Sandy,Rock,18.53,346.25,Afternoon,9.02,3,6.25,3.66,3.10,34.65,55.40,No
T00503,Compacting,CRN002,Crane,6,OP003,Beginner,2,Cloudy,15.37,40.89,9.72,Sandy,Debris,5.60,477.67,Afternoon,8.08,2,0.00,11.41,6.72,63.53,108.85,No
T00504,Digging,EXC003,Excavator,5,OP007,Intermediate,3,Windy,16.42,69.34,37.81,Muddy,Rock,16.97,164.88,Night,1.16,3,1.81,2.80,4.98,66.00,75.29,No
T00505,Earth Excavation,DMP002,DumpTruck,5,OP016,Expert,10,Sunny,25.31,53.39,14.15,Rocky,Debris,9.16,173.39,Night,6.66,3,4.86,12.61,4.14,69.00,74.57,No
T00506,Demolition,GRD001,Grader,6,OP018,Intermediate,4,Foggy,8.76,39.17,7.38,Muddy,Debris,32.75,380.79,Night,6.10,1,9.02,2.02,9.43,129.60,155.98,No
T00507,Grading,LDR003,Loader,8,OP018,Intermediate,4,Windy,12.03,68.68,38.15,Flat,Sand,59.51,481.93,Night,2.42,0,0.00,6.98,3.31,38.50,46.21,No
T00508,Grading,DMP002,DumpTruck,5,OP017,Intermediate,6,Cloudy,10.82,55.35,8.19,Sandy,Rock,9.11,65.42,Afternoon,4.72,3,2.90,1.00,2.83,40.43,51.56,No
T00509,Earth Excavation,DMP001,DumpTruck,6,OP001,Beginner,0,Rainy,16.36,69.52,8.28,Flat,Soil,17.93,88.52,Night,3.42,1,0.00,12.91,6.59,69.00,106.08,No
T00510,Material Loading,LDR003,Loader,8,OP013,Intermediate,3,Sunny,19.15,62.47,15.54,Flat,Debris,20.03,294.83,Morning,8.78,1,0.00,4.06,3.15,30.00,49.15,No
T00511,Trenching,GRD002,Grader,6,OP018,Intermediate,4,Cloudy,20.30,33.39,12.35,Sandy,Debris,40.48,225.21,Morning,0.78,0,7.66,6.72,3.57,51.98,55.97,No
T00512,Trenching,DMP001,DumpTruck,6,OP009,Beginner,2,Sunny,25.50,62.88,2.87,Flat,Sand,31.44,420.16,Morning,9.06,1,0.84,13.71,4.78,45.00,77.08,No
T00513,Grading,LDR001,Loader,1,OP004,Beginner,1,Sunny,30.98,72.27,13.34,Muddy,Soil,48.37,151.48,Night,0.67,2,8.34,6.81,3.31,42.00,57.03,No
T00514,Earth Excavation,LDR002,Loader,4,OP016,Expert,10,Sunny,11.85,17.31,8.53,Hilly,Soil,21.86,168.14,Morning,8.29,0,14.31,0.00,4.03,69.00,71.76,No
T00515,Lifting,LDR003,Loader,8,OP016,Expert,10,Cloudy,21.44,36.48,6.35,Flat,Sand,33.36,456.06,Evening,6.61,2,0.00,9.98,3.05,42.00,51.77,No
T00516,Grading,LDR002,Loader,4,OP019,Intermediate,6,Sunny,32.43,49.67,7.43,Sandy,Debris,54.33,358.61,Morning,5.96,3,5.35,10.44,2.81,38.50,49.82,No
T00517,Demolition,DMP002,DumpTruck,5,OP020,Intermediate,6,Sunny,16.95,62.68,11.89,Hilly,Rock,58.49,421.48,Morning,9.69,3,0.00,8.20,6.92,103.50,116.60,No
T00518,Grading,EXC001,Excavator,7,OP012,Beginner,2,Cloudy,17.00,39.75,15.41,Muddy,Concrete,5.17,130.93,Afternoon,7.62,2,6.28,16.02,5.04,44.10,74.11,No
T00519,Earth Excavation,EXC001,Excavator,7,OP020,Intermediate,6,Sunny,23.01,56.12,9.51,Hilly,Concrete,52.68,61.86,Morning,4.28,3,1.32,1.92,5.62,69.00,92.26,No
T00520,Earth Excavation,EXC002,Excavator,2,OP015,Expert,9,Foggy,15.02,58.80,18.20,Flat,Concrete,22.63,115.48,Night,9.05,2,17.86,0.00,3.26,72.00,64.15,No
T00521,Demolition,LDR001,Loader,1,OP018,Intermediate,4,Sunny,29.45,50.24,16.73,Sandy,Sand,45.29,183.06,Morning,4.37,0,11.23,16.73,4.65,99.00,97.78,Yes
T00522,Material Loading,EXC002,Excavator,2,OP012,Beginner,2,Cloudy,9.99,59.24,5.17,Muddy,Soil,21.86,435.05,Afternoon,2.49,0,13.08,15.55,2.76,37.80,53.84,No
T00523,Trenching,DMP001,DumpTruck,6,OP011,Intermediate,3,Windy,15.14,39.33,40.13,Hilly,Soil,8.76,78.82,Night,1.10,3,7.30,0.80,4.00,56.93,64.62,No
T00524,Lifting,EXC003,Excavator,5,OP008,Beginner,0,Windy,12.21,34.40,36.48,Rocky,Sand,27.70,192.58,Night,8.67,1,1.11,10.53,5.27,50.60,80.74,Yes
T00525,Trenching,GRD001,Grader,6,OP007,Intermediate,3,Sunny,23.32,25.26,10.93,Flat,Soil,36.97,391.39,Afternoon,2.22,0,0.00,4.25,3.07,45.00,51.64,No
T00526,Compacting,EXC003,Excavator,5,OP009,Beginner,2,Sunny,15.12,56.13,15.72,Muddy,Debris,18.03,247.09,Evening,4.51,0,3.56,13.11,5.10,66.00,91.77,Yes
T00527,Trenching,DMP002,DumpTruck,5,OP014,Beginner,2,Rainy,13.90,86.59,6.50,Hilly,Concrete,37.80,64.62,Evening,3.11,1,0.00,13.95,4.75,59.51,89.05,No
T00528,Lifting,DMP002,DumpTruck,5,OP011,Intermediate,3,Sunny,16.22,34.72,2.94,Rocky,Debris,18.57,241.11,Night,0.09,0,10.02,0.00,3.61,46.00,52.67,Yes
T00529,Lifting,LDR003,Loader,8,OP010,Beginner,0,Rainy,17.00,77.84,6.90,Sandy,Concrete,29.39,406.25,Morning,8.51,0,7.34,12.94,5.89,50.60,91.73,No
T00530,Compacting,BLD002,Bulldozer,5,OP019,Intermediate,6,Snowy,5.96,49.41,20.32,Muddy,Rock,52.98,390.11,Morning,5.42,3,9.11,4.21,6.39,85.80,105.41,No
T00531,Compacting,EXC001,Excavator,7,OP018,Intermediate,4,Sunny,28.16,75.02,13.86,Sandy,Rock,15.53,369.25,Evening,8.74,3,0.00,5.61,5.55,60.50,91.35,No
T00532,Grading,EXC003,Excavator,5,OP007,Intermediate,3,Sunny,23.48,41.85,10.46,Sandy,Soil,15.20,63.27,Morning,7.46,3,10.96,3.64,3.32,38.50,52.64,No
T00533,Compacting,LDR002,Loader,4,OP008,Beginner,0,Sunny,26.34,56.57,13.32,Muddy,Debris,50.20,478.56,Afternoon,5.55,1,0.00,14.19,5.52,66.00,93.23,No
T00534,Earth Excavation,BLD001,Bulldozer,2,OP012,Beginner,2,Sunny,19.74,61.04,10.34,Rocky,Debris,29.22,220.18,Morning,1.98,2,2.77,10.15,5.83,69.00,102.14,No
T00535,Digging,DMP002,DumpTruck,5,OP017,Intermediate,6,Cloudy,10.90,50.69,11.44,Sandy,Soil,23.70,399.67,Afternoon,9.11,2,10.75,5.84,4.80,57.75,79.27,No
T00536,Lifting,CRN001,Crane,3,OP017,Intermediate,6,Cloudy,16.23,61.04,10.19,Rocky,Debris,32.67,438.44,Morning,1.85,3,0.79,10.09,3.06,48.30,53.84,No
T00537,Digging,EXC003,Excavator,5,OP001,Beginner,0,Cloudy,12.50,56.68,11.02,Hilly,Debris,29.55,239.64,Night,2.40,2,9.13,3.12,4.90,60.37,89.20,No
T00538,Compacting,BLD002,Bulldozer,5,OP018,Intermediate,4,Foggy,16.74,62.07,10.85,Muddy,Concrete,26.14,377.59,Evening,7.73,2,1.17,6.86,5.03,79.20,95.28,No
T00539,Compacting,LDR001,Loader,1,OP004,Beginner,1,Sunny,25.35,65.75,10.94,Flat,Soil,25.90,382.22,Night,1.14,1,0.00,11.49,2.93,55.00,67.29,No
T00540,Compacting,GRD001,Grader,6,OP016,Expert,10,Rainy,18.94,100.00,12.19,Hilly,Debris,6.58,84.36,Morning,5.44,1,1.32,5.87,4.42,72.74,76.63,No
T00541,Compacting,DMP001,DumpTruck,6,OP014,Beginner,2,Cloudy,25.97,53.84,9.08,Muddy,Soil,28.65,470.79,Evening,1.72,1,0.00,13.32,6.05,69.30,103.61,No
T00542,Trenching,LDR003,Loader,8,OP017,Intermediate,6,Foggy,15.18,58.12,17.27,Hilly,Debris,57.08,334.68,Morning,5.41,3,11.77,5.12,4.50,62.10,78.57,No
T00543,Demolition,BLD003,Bulldozer,5,OP005,Intermediate,3,Sunny,25.13,54.61,9.09,Flat,Debris,41.59,259.01,Evening,3.42,1,4.19,1.71,6.81,90.00,115.63,No
T00544,Demolition,EXC001,Excavator,7,OP012,Beginner,2,Cloudy,21.08,66.09,10.05,Hilly,Debris,17.14,332.03,Afternoon,9.63,1,2.93,12.46,10.44,108.67,173.28,No
T00545,Lifting,LDR002,Loader,4,OP001,Beginner,0,Sunny,30.14,62.36,5.95,Rocky,Sand,53.35,112.40,Afternoon,3.64,3,0.00,15.91,3.90,46.00,68.11,No
T00546,Earth Excavation,CRN002,Crane,6,OP012,Beginner,2,Rainy,12.65,94.67,14.49,Sandy,Rock,35.69,350.62,Evening,8.80,3,3.09,13.21,7.88,75.90,120.25,No
T00547,Lifting,LDR001,Loader,1,OP014,Beginner,2,Rainy,20.16,81.11,4.39,Rocky,Debris,15.45,199.47,Afternoon,4.54,3,13.68,12.72,3.95,52.90,73.64,No
T00548,Grading,CRN002,Crane,6,OP013,Intermediate,3,Snowy,2.10,76.39,4.41,Sandy,Sand,57.34,250.12,Morning,5.41,2,13.92,7.59,3.25,50.05,62.09,No
T00549,Lifting,CRN002,Crane,6,OP015,Expert,9,Rainy,29.27,83.73,15.10,Flat,Concrete,42.71,449.79,Evening,4.70,0,5.79,0.00,3.40,46.00,52.76,No
T00550,Digging,BLD002,Bulldozer,5,OP001,Beginner,0,Sunny,20.02,59.08,1.73,Rocky,Debris,38.93,263.49,Evening,0.54,1,2.31,13.32,3.67,57.50,71.88,No
T00551,Digging,EXC002,Excavator,2,OP006,Intermediate,6,Rainy,15.23,85.08,1.46,Sandy,Sand,52.78,213.81,Night,9.39,0,0.62,8.12,4.17,63.25,78.33,No
T00552,Grading,BLD003,Bulldozer,5,OP012,Beginner,2,Sunny,17.19,37.33,12.73,Sandy,Sand,34.50,336.91,Night,9.20,3,1.77,8.22,4.14,38.50,67.62,No
T00553,Lifting,GRD002,Grader,6,OP006,Intermediate,6,Sunny,23.77,36.26,19.14,Rocky,Rock,15.38,228.13,Night,6.17,1,3.32,5.10,3.74,46.00,64.08,No
T00554,Digging,BLD001,Bulldozer,2,OP011,Intermediate,3,Sunny,8.12,54.52,3.32,Muddy,Soil,33.78,402.00,Morning,3.43,3,3.42,8.62,3.89,60.00,75.71,No
T00555,Lifting,EXC001,Excavator,7,OP001,Beginner,0,Rainy,9.66,99.84,4.05,Flat,Sand,42.76,344.92,Morning,9.70,2,10.05,12.33,5.15,46.00,81.40,No
T00556,Digging,CRN001,Crane,3,OP007,Intermediate,3,Rainy,24.47,94.34,2.18,Muddy,Debris,18.72,438.32,Afternoon,5.31,0,15.98,10.57,4.31,69.00,82.30,No
T00557,Compacting,EXC003,Excavator,5,OP010,Beginner,0,Foggy,11.90,42.82,28.64,Flat,Sand,53.46,219.85,Afternoon,7.94,3,5.27,9.80,6.03,66.00,100.78,No
T00558,Lifting,GRD001,Grader,6,OP015,Expert,9,Cloudy,17.60,50.90,13.75,Flat,Soil,22.29,236.99,Night,3.06,1,7.24,6.70,2.72,42.00,46.95,No
T00559,Trenching,LDR002,Loader,4,OP009,Beginner,2,Sunny,25.29,59.94,4.05,Rocky,Soil,21.37,365.02,Night,5.86,0,9.38,14.53,4.69,51.75,79.15,No
T00560,Lifting,EXC001,Excavator,7,OP018,Intermediate,4,Sunny,13.88,42.35,8.41,Hilly,Debris,39.58,227.81,Evening,8.33,3,7.87,7.39,4.62,46.00,62.62,No
T00561,Digging,EXC002,Excavator,2,OP004,Beginner,1,Cloudy,18.98,49.68,4.14,Sandy,Sand,45.18,348.25,Afternoon,9.01,0,5.50,9.33,4.71,57.75,91.91,No
T00562,Lifting,GRD001,Grader,6,OP012,Beginner,2,Sunny,13.73,55.07,8.73,Hilly,Soil,40.12,72.32,Evening,1.79,1,16.00,13.05,3.59,46.00,63.94,No
T00563,Compacting,EXC003,Excavator,5,OP015,Expert,9,Sunny,22.70,47.60,3.42,Hilly,Rock,53.20,148.66,Evening,0.98,0,2.27,5.27,3.28,63.25,62.62,No
T00564,Grading,EXC003,Excavator,5,OP019,Intermediate,6,Sunny,19.29,47.99,9.73,Hilly,Sand,19.31,417.12,Night,5.14,1,3.10,7.22,2.91,40.25,49.27,No
T00565,Demolition,BLD001,Bulldozer,2,OP020,Intermediate,6,Foggy,15.16,52.33,15.60,Muddy,Soil,8.36,273.59,Morning,3.61,1,0.03,0.00,7.87,129.60,146.86,No
T00566,Grading,LDR001,Loader,1,OP006,Intermediate,6,Rainy,10.39,67.47,9.64,Muddy,Concrete,22.08,447.49,Night,0.21,1,8.80,3.18,2.25,48.30,46.43,No
T00567,Trenching,EXC001,Excavator,7,OP002,Expert,10,Sunny,13.47,43.25,8.66,Sandy,Debris,52.25,363.67,Morning,1.27,3,3.54,6.16,3.15,49.50,50.54,No
T00568,Material Loading,BLD001,Bulldozer,2,OP003,Beginner,2,Snowy,14.58,29.78,10.89,Hilly,Rock,37.53,161.36,Evening,8.03,0,8.88,11.44,3.68,44.85,71.33,No
T00569,Compacting,CRN001,Crane,3,OP005,Intermediate,3,Windy,24.19,54.95,44.80,Hilly,Debris,41.42,454.99,Night,5.32,1,2.00,0.00,4.68,69.58,86.00,No
T00570,Grading,BLD002,Bulldozer,5,OP002,Expert,10,Cloudy,16.55,49.01,0.00,Sandy,Concrete,59.39,47.61,Afternoon,4.14,2,4.67,5.62,1.99,40.43,40.40,No
T00571,Digging,EXC003,Excavator,5,OP013,Intermediate,3,Sunny,18.38,55.42,14.94,Sandy,Sand,26.82,264.07,Evening,5.34,2,9.49,6.18,4.04,55.00,72.01,No
T00572,Trenching,EXC002,Excavator,2,OP009,Beginner,2,Sunny,18.59,54.85,9.49,Rocky,Soil,36.36,228.94,Evening,5.86,1,11.46,13.46,4.88,51.75,76.95,No
T00573,Earth Excavation,LDR002,Loader,4,OP015,Expert,9,Cloudy,14.62,54.05,10.62,Hilly,Debris,39.47,463.09,Afternoon,2.56,3,2.31,5.45,3.89,72.45,79.49,No
T00574,Lifting,CRN001,Crane,3,OP015,Expert,9,Cloudy,28.33,63.88,18.82,Muddy,Rock,18.69,127.15,Evening,7.19,3,4.58,6.12,3.01,50.40,54.80,No
T00575,Compacting,EXC001,Excavator,7,OP012,Beginner,2,Rainy,23.80,98.89,13.23,Rocky,Debris,38.44,234.32,Afternoon,0.35,0,8.19,9.09,6.49,72.74,103.12,No
T00576,Material Loading,DMP001,DumpTruck,6,OP015,Expert,9,Sunny,16.71,40.19,9.29,Muddy,Soil,13.51,246.15,Evening,0.17,1,5.10,7.43,1.76,36.00,32.24,No
T00577,Demolition,BLD001,Bulldozer,2,OP015,Expert,9,Rainy,14.66,73.42,14.08,Hilly,Concrete,33.01,150.43,Evening,2.69,0,10.74,5.43,5.36,119.02,104.43,No
T00578,Grading,LDR002,Loader,4,OP016,Expert,10,Sunny,21.32,63.51,3.95,Rocky,Debris,6.68,280.52,Afternoon,1.10,2,3.65,2.05,2.45,40.25,35.37,No
T00579,Material Loading,BLD003,Bulldozer,5,OP001,Beginner,0,Foggy,24.19,71.01,12.10,Muddy,Sand,30.23,259.28,Evening,7.92,0,0.00,14.98,4.32,43.20,74.80,No
T00580,Material Loading,EXC002,Excavator,2,OP005,Intermediate,3,Snowy,4.62,54.71,3.35,Rocky,Concrete,41.81,266.84,Evening,0.31,1,11.06,10.56,2.75,44.85,45.78,No
T00581,Lifting,GRD001,Grader,6,OP006,Intermediate,6,Snowy,9.43,26.98,21.30,Muddy,Sand,45.50,251.19,Evening,7.20,0,0.01,9.35,4.65,62.40,76.75,No
T00582,Lifting,LDR001,Loader,1,OP020,Intermediate,6,Cloudy,18.51,49.45,3.68,Muddy,Concrete,42.41,220.74,Night,5.42,1,6.04,7.27,3.54,50.40,59.33,No
T00583,Demolition,CRN001,Crane,3,OP012,Beginner,2,Sunny,32.07,61.87,20.13,Muddy,Soil,29.94,483.63,Evening,7.24,2,6.70,14.41,8.91,108.00,170.84,Yes
T00584,Digging,BLD001,Bulldozer,2,OP007,Intermediate,3,Sunny,35.69,61.02,10.39,Hilly,Sand,39.99,425.70,Morning,7.74,3,11.40,11.24,3.93,57.50,73.15,No
T00585,Trenching,DMP002,DumpTruck,5,OP007,Intermediate,3,Rainy,15.99,96.22,10.20,Muddy,Debris,8.70,440.72,Night,9.97,0,0.00,2.59,4.80,62.10,83.47,Yes
T00586,Grading,EXC001,Excavator,7,OP012,Beginner,2,Cloudy,17.86,48.50,15.21,Sandy,Concrete,45.82,363.98,Afternoon,0.38,3,13.30,17.25,3.69,40.43,60.68,Yes
T00587,Compacting,LDR001,Loader,1,OP001,Beginner,0,Sunny,21.06,47.12,4.67,Hilly,Rock,52.44,421.87,Morning,3.31,3,4.53,17.43,3.92,63.25,81.52,No
T00588,Demolition,EXC001,Excavator,7,OP012,Beginner,2,Sunny,23.99,49.88,12.49,Sandy,Concrete,33.16,317.23,Evening,2.84,0,2.74,17.67,8.11,99.00,133.51,No
T00589,Lifting,LDR003,Loader,8,OP003,Beginner,2,Cloudy,10.06,43.78,18.33,Muddy,Concrete,29.36,327.13,Afternoon,5.37,2,0.00,13.13,5.25,50.40,78.51,No
T00590,Lifting,BLD003,Bulldozer,5,OP007,Intermediate,3,Rainy,16.66,74.31,10.60,Hilly,Soil,40.83,458.80,Morning,1.10,2,4.61,2.08,3.71,52.90,60.94,No
T00591,Digging,GRD002,Grader,6,OP002,Expert,10,Sunny,25.58,46.76,6.87,Hilly,Rock,44.80,316.21,Evening,4.57,1,1.61,3.75,3.88,57.50,55.14,No
T00592,Lifting,EXC003,Excavator,5,OP014,Beginner,2,Rainy,25.94,97.14,7.30,Muddy,Debris,24.24,473.50,Night,2.46,3,2.95,13.41,4.57,55.20,83.72,No
T00593,Material Loading,LDR003,Loader,8,OP001,Beginner,0,Snowy,5.19,43.33,4.77,Rocky,Concrete,55.24,65.72,Afternoon,9.35,1,9.40,10.51,4.10,44.85,75.87,No
T00594,Trenching,LDR003,Loader,8,OP006,Intermediate,6,Cloudy,11.77,57.30,16.44,Sandy,Sand,36.88,209.76,Morning,4.86,0,10.41,4.10,4.30,51.98,69.09,No
T00595,Compacting,CRN002,Crane,6,OP014,Beginner,2,Sunny,21.20,60.46,6.50,Sandy,Concrete,52.08,42.00,Morning,8.33,1,4.08,8.04,6.16,60.50,100.66,No
T00596,Material Loading,LDR002,Loader,4,OP009,Beginner,2,Rainy,17.06,91.37,19.50,Flat,Debris,46.08,461.13,Morning,1.53,0,0.00,23.48,3.20,34.50,52.28,Yes
T00597,Demolition,DMP001,DumpTruck,6,OP004,Beginner,1,Rainy,21.36,82.64,21.74,Flat,Sand,45.33,170.37,Afternoon,6.78,1,4.63,8.43,9.12,103.50,149.26,No
T00598,Material Loading,EXC003,Excavator,5,OP018,Intermediate,4,Cloudy,21.92,44.00,6.84,Rocky,Concrete,23.65,218.05,Evening,0.59,1,9.99,3.91,2.61,36.22,38.61,No
T00599,Grading,LDR003,Loader,8,OP010,Beginner,0,Windy,18.98,60.38,31.39,Muddy,Debris,9.83,331.67,Morning,5.54,1,9.58,17.51,4.84,46.20,72.02,No
T00600,Trenching,BLD003,Bulldozer,5,OP017,Intermediate,6,Cloudy,18.34,58.21,6.28,Rocky,Soil,42.80,325.44,Afternoon,4.08,0,8.39,6.35,4.06,54.34,68.39,No
T00601,Material Loading,BLD003,Bulldozer,5,OP002,Expert,10,Cloudy,25.50,43.56,14.72,Hilly,Sand,17.40,66.64,Evening,0.81,0,10.02,11.03,1.85,36.22,38.05,No
T00602,Compacting,GRD002,Grader,6,OP017,Intermediate,6,Sunny,14.86,59.45,3.30,Sandy,Debris,28.52,285.97,Night,1.65,2,13.12,8.87,3.83,60.50,65.01,No
T00603,Grading,BLD002,Bulldozer,5,OP006,Intermediate,6,Cloudy,17.74,46.94,21.03,Muddy,Debris,31.22,467.95,Morning,2.13,1,0.00,6.75,3.45,44.10,56.35,Yes
T00604,Material Loading,DMP001,DumpTruck,6,OP020,Intermediate,6,Sunny,18.67,41.58,12.05,Flat,Concrete,39.72,312.79,Evening,9.41,1,1.95,7.65,2.59,30.00,50.56,No
T00605,Material Loading,BLD003,Bulldozer,5,OP002,Expert,10,Windy,23.54,46.66,25.31,Flat,Debris,47.21,271.26,Night,4.08,3,6.02,2.29,2.40,33.00,38.09,No
T00606,Digging,CRN002,Crane,6,OP020,Intermediate,6,Sunny,21.46,53.27,11.31,Rocky,Rock,53.99,35.71,Night,5.10,3,13.58,0.55,4.45,57.50,73.29,No
T00607,Trenching,LDR003,Loader,8,OP018,Intermediate,4,Cloudy,17.22,38.40,6.89,Hilly,Sand,55.84,389.14,Night,5.71,0,13.71,7.11,4.32,54.34,70.22,No
T00608,Trenching,LDR001,Loader,1,OP012,Beginner,2,Cloudy,19.73,61.83,8.63,Muddy,Soil,32.02,171.37,Evening,6.03,3,8.26,6.37,3.91,56.70,73.06,No
T00609,Compacting,GRD001,Grader,6,OP005,Intermediate,3,Cloudy,9.63,53.03,6.20,Sandy,Sand,16.43,393.21,Morning,1.21,3,0.80,7.66,4.82,63.53,75.81,No
T00610,Material Loading,GRD001,Grader,6,OP013,Intermediate,3,Cloudy,18.96,45.44,21.62,Rocky,Rock,46.57,64.46,Night,4.04,0,7.37,8.92,2.67,36.22,44.50,No
T00611,Trenching,CRN001,Crane,3,OP010,Beginner,0,Cloudy,13.91,38.12,4.09,Flat,Debris,43.98,409.58,Morning,8.38,3,11.69,17.45,4.00,47.25,77.73,No
T00612,Earth Excavation,EXC002,Excavator,2,OP009,Beginner,2,Sunny,13.67,49.45,13.49,Hilly,Rock,13.10,432.62,Afternoon,4.42,2,8.13,10.50,4.85,69.00,94.76,No
T00613,Digging,CRN002,Crane,6,OP003,Beginner,2,Cloudy,13.50,54.17,8.71,Hilly,Debris,47.11,484.73,Afternoon,3.06,1,0.00,12.12,5.43,60.37,99.13,No
T00614,Demolition,LDR002,Loader,4,OP007,Intermediate,3,Foggy,23.42,52.04,11.55,Hilly,Debris,51.07,35.24,Morning,8.65,2,3.82,9.92,7.73,124.20,142.01,No
T00615,Lifting,BLD001,Bulldozer,2,OP012,Beginner,2,Cloudy,21.88,47.47,5.68,Rocky,Concrete,37.38,56.05,Night,0.28,3,4.68,8.87,3.32,48.30,62.10,No
T00616,Material Loading,LDR003,Loader,8,OP005,Intermediate,3,Sunny,19.82,64.44,14.99,Hilly,Sand,32.08,483.96,Night,6.44,2,12.60,15.70,3.47,34.50,52.74,No
T00617,Compacting,BLD002,Bulldozer,5,OP016,Expert,10,Cloudy,11.81,51.61,7.85,Rocky,Soil,16.65,145.36,Night,7.45,1,7.86,8.11,4.33,66.41,71.99,No
T00618,Trenching,BLD003,Bulldozer,5,OP002,Expert,10,Sunny,27.33,32.99,2.66,Hilly,Debris,10.86,303.29,Afternoon,4.15,2,3.94,4.80,3.70,51.75,57.17,No
T00619,Compacting,GRD002,Grader,6,OP020,Intermediate,6,Sunny,20.96,62.20,2.94,Muddy,Rock,54.62,148.44,Afternoon,9.49,3,11.64,6.08,5.41,66.00,85.99,No
T00620,Material Loading,CRN001,Crane,3,OP007,Intermediate,3,Cloudy,16.65,65.83,13.98,Hilly,Concrete,43.28,443.07,Afternoon,4.15,1,2.35,0.00,1.99,36.22,43.53,No
T00621,Demolition,LDR001,Loader,1,OP003,Beginner,2,Sunny,25.44,51.25,13.28,Rocky,Rock,53.30,393.69,Morning,9.14,0,4.47,14.92,7.44,103.50,140.80,No
T00622,Digging,BLD003,Bulldozer,5,OP012,Beginner,2,Cloudy,25.97,58.13,4.36,Muddy,Rock,38.74,278.30,Night,4.19,2,14.08,2.34,5.33,63.00,91.02,No
T00623,Digging,BLD003,Bulldozer,5,OP008,Beginner,0,Windy,13.44,51.51,31.55,Hilly,Soil,5.05,346.85,Afternoon,2.06,1,6.89,10.23,5.23,63.25,91.26,No
T00624,Lifting,GRD002,Grader,6,OP001,Beginner,0,Cloudy,14.28,33.27,8.03,Sandy,Sand,47.40,499.58,Night,2.71,1,8.93,12.77,4.49,46.20,72.86,No
T00625,Earth Excavation,BLD002,Bulldozer,5,OP019,Intermediate,6,Cloudy,7.38,51.55,6.74,Flat,Rock,36.84,246.71,Evening,7.23,0,8.37,9.10,4.70,63.00,81.66,No
T00626,Compacting,DMP002,DumpTruck,5,OP002,Expert,10,Cloudy,17.22,47.01,15.07,Sandy,Rock,57.36,192.73,Evening,8.97,1,4.75,12.21,3.96,63.53,72.64,No
T00627,Grading,LDR001,Loader,1,OP013,Intermediate,3,Windy,9.00,69.00,26.48,Rocky,Concrete,44.17,111.54,Evening,5.42,2,11.05,2.11,3.22,44.27,53.60,No
T00628,Lifting,GRD002,Grader,6,OP004,Beginner,1,Cloudy,22.57,56.16,4.45,Flat,Soil,6.48,361.41,Afternoon,1.16,1,7.88,10.54,3.75,42.00,57.37,No
T00629,Trenching,BLD002,Bulldozer,5,OP009,Beginner,2,Windy,11.77,72.98,35.92,Flat,Concrete,36.04,185.12,Night,8.44,3,6.10,19.83,4.73,49.50,73.90,No
T00630,Grading,EXC001,Excavator,7,OP020,Intermediate,6,Foggy,12.80,64.21,13.05,Sandy,Concrete,26.86,448.81,Evening,5.89,2,6.38,8.99,3.90,46.20,58.13,No
T00631,Demolition,BLD001,Bulldozer,2,OP011,Intermediate,3,Foggy,13.51,48.59,13.01,Rocky,Rock,57.88,102.22,Night,3.10,0,0.00,8.15,8.04,124.20,146.31,No
T00632,Digging,CRN001,Crane,3,OP007,Intermediate,3,Cloudy,21.14,52.31,12.65,Sandy,Soil,21.72,484.04,Morning,5.47,3,3.41,0.00,4.30,57.75,74.18,No
T00633,Grading,DMP002,DumpTruck,5,OP020,Intermediate,6,Windy,9.51,45.94,37.38,Rocky,Debris,52.18,463.06,Afternoon,8.48,2,6.04,4.55,3.55,44.27,59.32,No
T00634,Earth Excavation,LDR003,Loader,8,OP010,Beginner,0,Cloudy,21.37,28.93,19.61,Sandy,Soil,23.98,81.42,Night,8.45,1,4.71,7.77,7.57,69.30,113.84,No
T00635,Demolition,LDR002,Loader,4,OP002,Expert,10,Foggy,12.29,36.17,15.16,Rocky,Debris,16.57,29.75,Afternoon,1.00,1,4.75,2.00,6.08,124.20,108.67,No
T00636,Digging,LDR002,Loader,4,OP018,Intermediate,4,Rainy,16.06,81.04,11.40,Sandy,Sand,17.47,405.43,Evening,6.56,1,0.64,7.09,4.23,63.25,76.45,No
T00637,Material Loading,CRN001,Crane,3,OP017,Intermediate,6,Cloudy,17.92,39.70,13.03,Sandy,Soil,45.93,439.56,Afternoon,7.12,3,0.00,9.08,2.50,34.65,49.35,No
T00638,Material Loading,LDR001,Loader,1,OP003,Beginner,2,Snowy,1.14,69.41,0.00,Flat,Soil,47.25,309.25,Evening,3.28,1,10.75,10.48,3.17,39.00,57.55,No
T00639,Compacting,LDR003,Loader,8,OP011,Intermediate,3,Rainy,23.47,94.64,1.74,Muddy,Debris,51.97,197.14,Afternoon,7.40,3,4.75,7.38,6.09,75.90,95.52,No
T00640,Demolition,BLD003,Bulldozer,5,OP003,Beginner,2,Sunny,32.63,41.14,16.27,Muddy,Concrete,5.52,100.83,Evening,1.97,1,7.73,13.04,9.05,108.00,156.18,No
T00641,Lifting,GRD002,Grader,6,OP017,Intermediate,6,Cloudy,20.35,36.62,5.33,Hilly,Soil,58.08,396.97,Morning,1.10,1,2.90,2.36,3.41,48.30,56.20,No
T00642,Trenching,EXC002,Excavator,2,OP013,Intermediate,3,Rainy,1.15,78.59,7.59,Flat,Debris,14.29,20.41,Evening,6.32,0,12.42,2.95,3.66,51.75,68.40,No
T00643,Digging,EXC003,Excavator,5,OP020,Intermediate,6,Snowy,1.17,45.95,3.72,Hilly,Rock,32.14,25.68,Night,6.65,1,0.00,8.92,6.00,74.75,95.29,No
T00644,Trenching,CRN002,Crane,6,OP008,Beginner,0,Sunny,28.05,28.70,11.92,Rocky,Rock,48.60,272.13,Evening,7.46,0,0.00,3.55,5.11,51.75,82.84,Yes
T00645,Digging,BLD001,Bulldozer,2,OP012,Beginner,2,Rainy,19.95,84.73,6.72,Flat,Concrete,37.73,489.09,Afternoon,9.47,2,13.25,13.47,4.74,57.50,91.55,Yes
T00646,Lifting,EXC003,Excavator,5,OP015,Expert,9,Windy,15.52,57.90,40.59,Rocky,Rock,59.36,226.90,Evening,2.79,0,5.73,5.69,3.12,50.60,53.87,No
T00647,Demolition,CRN001,Crane,3,OP014,Beginner,2,Foggy,14.20,34.36,1.64,Sandy,Soil,11.76,149.20,Evening,9.09,3,0.00,9.93,9.08,118.80,164.72,Yes
T00648,Digging,CRN001,Crane,3,OP004,Beginner,1,Foggy,24.43,64.29,11.39,Rocky,Rock,13.02,419.50,Evening,5.09,1,13.02,15.25,6.06,69.00,100.65,No
T00649,Digging,EXC003,Excavator,5,OP016,Expert,10,Cloudy,17.65,62.21,0.52,Flat,Soil,35.89,299.96,Afternoon,9.67,3,4.53,5.17,3.15,52.50,61.63,No
T00650,Trenching,CRN001,Crane,3,OP019,Intermediate,6,Rainy,24.07,84.80,0.44,Hilly,Rock,57.05,411.02,Evening,5.51,2,0.00,3.95,3.92,59.51,76.55,No
T00651,Material Loading,BLD001,Bulldozer,2,OP007,Intermediate,3,Windy,29.59,60.26,30.28,Sandy,Sand,44.88,144.32,Night,9.96,3,4.65,7.43,2.35,36.30,50.14,No
T00652,Lifting,BLD003,Bulldozer,5,OP014,Beginner,2,Rainy,18.30,78.74,4.72,Flat,Soil,43.95,303.35,Night,8.50,1,0.31,18.61,4.45,46.00,71.31,No
T00653,Lifting,DMP002,DumpTruck,5,OP008,Beginner,0,Sunny,15.72,42.59,0.00,Rocky,Sand,46.19,112.84,Evening,2.84,3,13.16,9.60,4.50,46.00,73.34,No
T00654,Material Loading,EXC002,Excavator,2,OP009,Beginner,2,Windy,24.79,51.03,27.41,Muddy,Soil,59.47,113.89,Night,8.68,1,0.00,11.13,3.40,39.60,65.85,No
T00655,Compacting,DMP001,DumpTruck,6,OP009,Beginner,2,Cloudy,14.19,78.12,12.72,Flat,Concrete,12.83,33.71,Morning,5.94,2,0.00,10.83,4.98,57.75,86.86,No
T00656,Trenching,LDR001,Loader,1,OP003,Beginner,2,Cloudy,20.13,57.13,7.08,Sandy,Concrete,34.88,41.15,Evening,7.39,0,8.14,16.08,3.72,51.98,76.37,No
T00657,Digging,EXC002,Excavator,2,OP005,Intermediate,3,Sunny,20.93,18.31,3.13,Rocky,Soil,39.55,141.10,Night,7.20,0,19.06,5.37,3.91,57.50,72.06,No
T00658,Compacting,EXC003,Excavator,5,OP007,Intermediate,3,Windy,20.94,39.69,26.73,Muddy,Soil,9.58,332.24,Morning,7.16,3,7.62,1.13,4.91,72.60,92.08,No
T00659,Earth Excavation,BLD001,Bulldozer,2,OP009,Beginner,2,Sunny,24.14,39.94,21.36,Sandy,Debris,7.70,354.68,Morning,4.26,0,0.00,11.57,5.39,66.00,95.56,No
T00660,Material Loading,BLD003,Bulldozer,5,OP001,Beginner,0,Foggy,15.44,44.75,0.00,Rocky,Debris,50.39,466.32,Afternoon,8.76,2,2.97,7.90,4.12,41.40,67.56,No
T00661,Grading,EXC003,Excavator,5,OP007,Intermediate,3,Sunny,16.74,10.56,2.34,Sandy,Debris,7.50,220.63,Evening,1.77,0,5.13,0.00,2.40,38.50,42.05,No
T00662,Compacting,CRN001,Crane,3,OP015,Expert,9,Windy,9.02,42.14,25.16,Muddy,Concrete,23.54,34.30,Morning,4.85,1,3.16,8.72,4.05,72.60,72.39,Yes
T00663,Material Loading,DMP002,DumpTruck,5,OP002,Expert,10,Rainy,22.91,65.40,12.60,Muddy,Concrete,13.79,22.71,Evening,0.09,0,2.53,9.94,1.60,41.40,37.11,No
T00664,Trenching,LDR002,Loader,4,OP015,Expert,9,Snowy,1.91,55.78,6.11,Rocky,Soil,26.68,168.21,Afternoon,5.43,1,0.00,9.57,4.13,67.27,68.94,No
T00665,Demolition,LDR002,Loader,4,OP018,Intermediate,4,Rainy,14.81,78.68,8.09,Sandy,Concrete,11.34,63.24,Evening,7.88,2,3.58,6.88,7.69,113.85,135.88,No
T00666,Lifting,DMP002,DumpTruck,5,OP012,Beginner,2,Rainy,10.96,69.03,11.96,Rocky,Sand,40.46,244.31,Afternoon,4.40,1,6.81,13.86,5.17,52.90,82.34,No
T00667,Earth Excavation,DMP002,DumpTruck,5,OP006,Intermediate,6,Sunny,29.94,63.36,15.48,Sandy,Soil,5.22,322.38,Morning,4.87,0,1.02,7.13,3.95,66.00,67.27,No
T00668,Material Loading,LDR002,Loader,4,OP009,Beginner,2,Sunny,21.47,41.44,7.66,Hilly,Sand,51.47,479.41,Morning,2.88,3,5.27,14.79,2.38,34.50,53.79,No
T00669,Grading,LDR001,Loader,1,OP008,Beginner,0,Cloudy,20.36,34.24,8.96,Flat,Soil,56.87,365.12,Morning,5.99,2,12.20,12.98,2.39,36.75,53.81,No
T00670,Earth Excavation,DMP002,DumpTruck,5,OP003,Beginner,2,Sunny,25.29,52.22,13.50,Flat,Concrete,45.04,313.65,Night,9.00,3,3.17,10.34,4.65,60.00,84.51,No
T00671,Compacting,GRD001,Grader,6,OP003,Beginner,2,Rainy,26.72,65.64,7.39,Flat,Concrete,35.97,89.51,Night,7.92,1,0.00,7.85,5.45,63.25,93.51,No
T00672,Trenching,BLD002,Bulldozer,5,OP011,Intermediate,3,Sunny,16.29,56.69,14.60,Sandy,Rock,14.21,464.50,Morning,2.70,2,3.83,0.21,3.21,49.50,63.41,No
T00673,Material Loading,EXC001,Excavator,7,OP018,Intermediate,4,Rainy,16.65,78.12,2.00,Flat,Concrete,29.16,327.72,Afternoon,4.05,2,9.99,9.62,2.91,34.50,44.58,No
T00674,Earth Excavation,DMP002,DumpTruck,5,OP015,Expert,9,Rainy,26.81,83.12,0.00,Flat,Soil,5.23,111.75,Night,7.18,2,1.48,0.00,5.08,69.00,84.33,No
T00675,Material Loading,LDR003,Loader,8,OP004,Beginner,1,Foggy,28.11,40.27,17.31,Sandy,Rock,49.31,395.82,Afternoon,4.44,1,5.83,11.36,3.61,39.60,64.53,No
T00676,Grading,LDR001,Loader,1,OP020,Intermediate,6,Cloudy,19.42,44.39,17.23,Hilly,Debris,51.62,405.59,Afternoon,0.41,2,12.98,6.97,2.16,42.26,40.63,No
T00677,Trenching,BLD002,Bulldozer,5,OP011,Intermediate,3,Cloudy,20.99,39.92,21.21,Rocky,Concrete,58.02,222.70,Afternoon,1.62,3,1.18,12.93,3.20,54.34,64.87,No
T00678,Compacting,LDR002,Loader,4,OP016,Expert,10,Sunny,33.72,71.56,7.20,Muddy,Debris,16.19,156.08,Afternoon,7.40,3,0.00,10.86,3.47,66.00,59.51,No
T00679,Compacting,DMP001,DumpTruck,6,OP016,Expert,10,Sunny,17.12,49.36,6.01,Muddy,Soil,17.62,186.22,Afternoon,1.00,0,18.96,7.38,3.47,66.00,64.94,No
T00680,Material Loading,BLD001,Bulldozer,2,OP001,Beginner,0,Sunny,16.50,61.01,3.31,Rocky,Sand,16.70,374.44,Evening,1.04,0,6.34,14.06,2.86,34.50,45.52,No
T00681,Earth Excavation,GRD001,Grader,6,OP010,Beginner,0,Cloudy,23.59,64.00,6.71,Muddy,Rock,20.15,346.06,Evening,2.14,3,19.23,17.73,7.01,75.60,111.50,No
T00682,Grading,BLD001,Bulldozer,2,OP018,Intermediate,4,Foggy,20.96,58.68,10.52,Muddy,Rock,44.25,327.44,Evening,8.82,1,0.00,10.41,3.32,50.40,63.38,No
T00683,Grading,EXC002,Excavator,2,OP004,Beginner,1,Cloudy,23.52,52.00,0.00,Muddy,Debris,37.68,342.36,Afternoon,7.29,0,0.82,18.27,4.11,44.10,69.81,Yes
T00684,Lifting,BLD002,Bulldozer,5,OP009,Beginner,2,Cloudy,18.12,34.24,9.16,Flat,Rock,34.81,208.46,Morning,4.63,1,7.79,5.37,3.84,42.00,62.63,No
T00685,Compacting,LDR003,Loader,8,OP010,Beginner,0,Sunny,15.37,38.89,16.35,Rocky,Concrete,11.53,259.37,Evening,0.33,0,8.59,8.06,6.40,63.25,95.72,No
T00686,Grading,DMP002,DumpTruck,5,OP007,Intermediate,3,Cloudy,26.51,45.93,22.48,Hilly,Soil,5.63,231.32,Evening,6.50,0,8.65,7.80,3.33,42.26,53.89,No
T00687,Grading,EXC001,Excavator,7,OP016,Expert,10,Windy,22.09,54.88,33.44,Hilly,Debris,18.43,55.10,Evening,1.02,1,0.54,4.30,2.96,44.27,42.52,No
T00688,Demolition,CRN001,Crane,3,OP015,Expert,9,Windy,15.68,46.55,46.12,Muddy,Sand,51.79,445.49,Evening,1.57,1,0.00,14.68,5.54,118.80,101.32,No
T00689,Lifting,LDR001,Loader,1,OP002,Expert,10,Sunny,23.84,35.94,7.49,Muddy,Soil,27.79,162.46,Morning,8.61,0,5.08,1.52,2.32,48.00,49.42,No
T00690,Material Loading,GRD002,Grader,6,OP008,Beginner,0,Sunny,16.95,41.85,10.65,Sandy,Rock,31.72,203.27,Afternoon,8.07,1,0.00,8.33,4.25,33.00,60.26,Yes
T00691,Demolition,EXC001,Excavator,7,OP015,Expert,9,Sunny,20.71,42.11,2.31,Flat,Sand,44.44,478.67,Afternoon,2.36,2,3.06,5.96,6.17,90.00,95.46,No
T00692,Digging,BLD003,Bulldozer,5,OP019,Intermediate,6,Rainy,25.35,72.74,9.12,Rocky,Soil,28.74,210.34,Night,3.40,0,20.59,7.02,4.81,66.12,77.99,No
T00693,Compacting,CRN002,Crane,6,OP002,Expert,10,Foggy,20.31,28.05,3.98,Flat,Debris,19.75,253.13,Morning,6.85,0,7.50,9.84,4.05,66.00,68.90,No
T00694,Trenching,DMP001,DumpTruck,6,OP008,Beginner,0,Snowy,7.68,60.45,7.09,Flat,Rock,37.33,54.96,Evening,4.43,2,6.31,7.94,5.74,58.50,93.24,No
T00695,Digging,GRD001,Grader,6,OP004,Beginner,1,Windy,21.30,52.84,18.38,Rocky,Soil,37.21,447.58,Night,5.22,1,0.00,17.92,5.13,63.25,91.03,Yes
T00696,Lifting,EXC001,Excavator,7,OP015,Expert,9,Sunny,28.12,58.14,7.94,Sandy,Sand,25.52,319.53,Evening,9.21,0,9.65,6.18,3.71,44.00,54.63,No
T00697,Grading,DMP002,DumpTruck,5,OP010,Beginner,0,Windy,13.15,69.67,54.39,Sandy,Sand,13.06,197.92,Night,1.12,0,0.00,11.13,3.60,42.35,57.32,No
T00698,Trenching,DMP001,DumpTruck,6,OP008,Beginner,0,Foggy,15.88,52.58,13.06,Hilly,Sand,30.65,178.66,Afternoon,6.25,3,4.04,10.01,5.96,62.10,96.62,No
T00699,Trenching,GRD002,Grader,6,OP016,Expert,10,Windy,18.88,49.61,32.53,Flat,Debris,57.12,243.13,Morning,4.83,2,3.06,3.19,3.21,49.50,52.70,No
T00700,Material Loading,LDR001,Loader,1,OP018,Intermediate,4,Windy,9.40,46.45,26.20,Flat,Rock,22.04,150.01,Night,5.82,3,6.63,6.98,2.51,33.00,44.19,No
T00701,Material Loading,EXC003,Excavator,5,OP015,Expert,9,Rainy,19.79,67.17,16.07,Sandy,Sand,34.54,231.38,Night,4.11,2,5.79,5.94,2.73,37.95,41.81,No
T00702,Lifting,LDR003,Loader,8,OP007,Intermediate,3,Snowy,-5.70,49.37,4.49,Flat,Soil,21.41,339.80,Afternoon,3.43,3,18.02,9.55,4.60,52.00,68.17,No
T00703,Trenching,GRD002,Grader,6,OP011,Intermediate,3,Sunny,19.26,37.54,12.28,Flat,Soil,32.49,437.49,Evening,5.11,2,2.01,8.33,3.61,45.00,57.60,Yes
T00704,Trenching,BLD003,Bulldozer,5,OP007,Intermediate,3,Rainy,19.77,91.61,8.44,Sandy,Soil,54.34,76.63,Afternoon,8.61,2,22.63,2.41,4.63,56.92,76.54,No
T00705,Digging,GRD001,Grader,6,OP007,Intermediate,3,Cloudy,11.06,53.42,15.34,Muddy,Rock,34.63,234.19,Morning,0.98,1,3.65,4.61,5.07,63.00,76.21,No
T00706,Material Loading,DMP001,DumpTruck,6,OP012,Beginner,2,Rainy,21.70,88.52,5.08,Hilly,Sand,50.21,71.08,Morning,8.54,3,13.96,6.08,4.40,39.67,67.49,No
T00707,Compacting,LDR002,Loader,4,OP016,Expert,10,Cloudy,15.49,71.36,5.41,Muddy,Soil,9.84,257.21,Night,8.81,0,2.93,5.92,3.71,69.30,71.71,No
T00708,Demolition,BLD001,Bulldozer,2,OP006,Intermediate,6,Cloudy,19.11,59.98,17.14,Sandy,Sand,33.28,160.13,Afternoon,4.27,2,5.89,6.03,5.80,103.95,110.94,No
T00709,Earth Excavation,BLD002,Bulldozer,5,OP011,Intermediate,3,Foggy,13.31,41.96,5.08,Flat,Debris,7.18,58.63,Morning,8.04,2,9.21,6.09,4.67,72.00,89.95,No
T00710,Earth Excavation,DMP001,DumpTruck,6,OP012,Beginner,2,Sunny,17.61,42.08,15.06,Hilly,Sand,5.50,77.75,Morning,9.74,2,1.08,4.49,6.29,69.00,110.91,Yes
T00711,Grading,GRD001,Grader,6,OP016,Expert,10,Sunny,22.49,37.92,3.32,Flat,Concrete,39.42,315.54,Evening,9.31,1,7.37,6.80,2.67,35.00,46.50,No
T00712,Demolition,DMP001,DumpTruck,6,OP002,Expert,10,Rainy,20.65,70.62,11.42,Hilly,Concrete,29.34,225.33,Morning,5.55,3,7.91,10.99,6.88,119.02,125.49,No
T00713,Grading,EXC003,Excavator,5,OP006,Intermediate,6,Snowy,11.99,36.05,12.62,Rocky,Concrete,33.59,371.94,Night,8.91,3,0.00,3.97,4.54,52.32,74.68,No
T00714,Earth Excavation,CRN001,Crane,3,OP020,Intermediate,6,Windy,13.17,46.90,30.17,Hilly,Debris,46.66,77.12,Afternoon,1.69,1,5.07,4.21,4.51,75.90,89.13,No
T00715,Material Loading,GRD001,Grader,6,OP015,Expert,9,Sunny,29.31,56.25,17.68,Flat,Soil,28.96,469.15,Evening,7.50,1,6.51,12.66,2.44,30.00,40.45,No
T00716,Digging,LDR003,Loader,8,OP004,Beginner,1,Cloudy,10.51,43.68,11.07,Sandy,Sand,59.97,360.29,Morning,8.25,1,0.00,13.29,5.35,57.75,95.55,No
T00717,Earth Excavation,DMP002,DumpTruck,5,OP012,Beginner,2,Rainy,15.81,78.91,7.60,Rocky,Soil,58.10,421.63,Morning,9.55,3,3.53,18.95,7.37,79.35,127.89,No
T00718,Trenching,CRN001,Crane,3,OP003,Beginner,2,Cloudy,22.53,45.72,13.51,Flat,Sand,37.86,40.80,Morning,0.10,3,6.07,11.17,3.53,47.25,63.70,Yes
T00719,Earth Excavation,EXC003,Excavator,5,OP004,Beginner,1,Cloudy,15.53,38.30,8.07,Flat,Sand,12.82,411.46,Evening,0.93,1,11.97,15.96,5.47,63.00,90.88,No
T00720,Digging,BLD003,Bulldozer,5,OP006,Intermediate,6,Sunny,20.79,63.83,10.62,Sandy,Sand,13.36,169.72,Afternoon,6.30,1,0.00,0.00,4.17,55.00,66.75,No
T00721,Earth Excavation,LDR003,Loader,8,OP005,Intermediate,3,Cloudy,21.79,48.53,18.66,Flat,Debris,39.11,335.21,Night,8.44,0,6.99,1.91,5.76,63.00,94.74,No
T00722,Material Loading,LDR003,Loader,8,OP020,Intermediate,6,Cloudy,22.90,55.68,0.17,Hilly,Rock,5.40,350.72,Morning,2.00,0,8.86,7.17,2.75,36.22,45.69,No
T00723,Trenching,BLD003,Bulldozer,5,OP008,Beginner,0,Rainy,19.82,100.00,9.16,Flat,Rock,21.61,283.14,Evening,4.93,1,10.80,13.08,4.57,51.75,81.88,No
T00724,Digging,CRN002,Crane,6,OP008,Beginner,0,Foggy,17.68,39.55,14.85,Flat,Rock,13.95,199.31,Night,9.17,3,2.27,18.10,5.11,60.00,92.44,No
T00725,Earth Excavation,DMP001,DumpTruck,6,OP020,Intermediate,6,Windy,19.40,38.03,34.78,Rocky,Debris,49.45,409.90,Evening,6.91,3,6.37,8.86,5.60,75.90,98.94,No
T00726,Trenching,GRD002,Grader,6,OP014,Beginner,2,Foggy,18.54,51.27,0.50,Muddy,Concrete,34.53,152.82,Night,2.77,1,6.67,5.05,5.87,64.80,101.14,No
T00727,Lifting,EXC002,Excavator,2,OP016,Expert,10,Rainy,29.14,62.31,14.30,Flat,Debris,49.04,271.96,Morning,8.46,1,9.54,0.59,2.35,46.00,51.26,No
T00728,Demolition,EXC002,Excavator,2,OP019,Intermediate,6,Sunny,21.98,37.86,2.03,Muddy,Soil,14.67,311.85,Evening,2.44,0,4.63,1.88,6.41,108.00,119.25,No
T00729,Digging,BLD002,Bulldozer,5,OP017,Intermediate,6,Rainy,19.13,60.84,9.34,Flat,Sand,46.13,234.94,Evening,1.92,3,6.52,8.03,3.54,57.50,70.88,No
T00730,Demolition,GRD001,Grader,6,OP016,Expert,10,Rainy,16.06,62.40,9.49,Rocky,Debris,30.36,227.06,Afternoon,5.02,1,0.00,1.34,7.33,119.02,121.82,No
T00731,Digging,GRD001,Grader,6,OP004,Beginner,1,Cloudy,18.98,52.39,9.19,Sandy,Sand,35.75,204.56,Morning,5.80,2,0.00,17.40,5.14,57.75,85.74,No
T00732,Demolition,CRN001,Crane,3,OP014,Beginner,2,Rainy,11.27,77.60,15.40,Muddy,Sand,56.51,400.78,Afternoon,7.54,3,13.67,11.19,9.90,124.20,184.82,No
T00733,Lifting,LDR001,Loader,1,OP016,Expert,10,Sunny,17.35,48.21,13.01,Muddy,Soil,19.59,369.71,Night,7.94,1,10.11,4.48,2.74,48.00,54.00,Yes
T00734,Earth Excavation,LDR003,Loader,8,OP003,Beginner,2,Rainy,6.01,79.27,5.38,Sandy,Concrete,27.85,423.08,Afternoon,4.46,3,0.00,20.06,8.10,75.90,112.57,No
T00735,Trenching,LDR002,Loader,4,OP016,Expert,10,Sunny,22.47,56.77,13.49,Flat,Concrete,9.37,177.05,Evening,0.73,0,2.91,8.41,2.23,45.00,38.65,No
T00736,Grading,LDR003,Loader,8,OP019,Intermediate,6,Cloudy,16.66,67.57,3.82,Flat,Sand,34.86,222.01,Afternoon,2.64,1,3.30,5.54,3.81,36.75,48.79,No
T00737,Compacting,DMP002,DumpTruck,5,OP003,Beginner,2,Foggy,5.14,55.25,17.31,Rocky,Debris,8.34,408.84,Morning,5.39,0,0.00,9.05,6.87,75.90,113.32,Yes
T00738,Lifting,EXC001,Excavator,7,OP003,Beginner,2,Sunny,22.92,68.55,17.78,Sandy,Rock,45.42,442.11,Night,0.82,2,6.50,13.75,3.82,44.00,71.42,No
T00739,Earth Excavation,EXC003,Excavator,5,OP006,Intermediate,6,Snowy,5.72,65.19,19.62,Rocky,Concrete,45.27,115.87,Morning,8.82,2,19.01,0.00,6.10,89.70,105.36,No
T00740,Grading,DMP002,DumpTruck,5,OP018,Intermediate,4,Windy,5.83,36.81,41.82,Flat,Concrete,55.80,198.99,Afternoon,8.78,0,3.08,3.51,3.40,38.50,60.15,No
T00741,Digging,LDR002,Loader,4,OP005,Intermediate,3,Windy,25.99,56.12,36.75,Sandy,Debris,35.39,397.55,Afternoon,1.24,2,3.74,6.86,4.05,60.50,68.56,No
T00742,Lifting,LDR003,Loader,8,OP011,Intermediate,3,Sunny,22.58,45.18,2.62,Flat,Concrete,41.27,45.95,Morning,4.02,0,3.40,10.14,2.90,40.00,52.52,No
T00743,Material Loading,DMP001,DumpTruck,6,OP008,Beginner,0,Sunny,21.26,39.10,11.62,Flat,Soil,52.02,187.70,Night,2.15,0,0.00,6.58,2.96,30.00,49.35,No
T00744,Compacting,EXC003,Excavator,5,OP016,Expert,10,Windy,26.16,29.75,29.96,Flat,Sand,25.40,341.15,Morning,1.89,2,3.61,2.07,3.45,60.50,67.24,Yes
T00745,Compacting,GRD001,Grader,6,OP007,Intermediate,3,Sunny,21.15,48.14,6.63,Sandy,Sand,12.02,350.19,Afternoon,0.47,3,6.27,1.83,3.87,60.50,68.20,No
T00746,Earth Excavation,BLD003,Bulldozer,5,OP019,Intermediate,6,Sunny,30.21,38.92,11.59,Rocky,Concrete,52.61,465.38,Night,7.97,0,0.00,0.43,5.82,69.00,98.36,No
T00747,Earth Excavation,EXC001,Excavator,7,OP003,Beginner,2,Sunny,10.28,63.56,6.68,Flat,Debris,52.17,137.70,Afternoon,1.10,3,0.00,16.07,5.61,60.00,90.10,No
T00748,Grading,CRN001,Crane,3,OP018,Intermediate,4,Sunny,23.10,37.84,10.72,Hilly,Rock,29.22,233.58,Evening,7.25,2,0.00,8.99,2.72,40.25,50.97,No
T00749,Earth Excavation,EXC001,Excavator,7,OP009,Beginner,2,Rainy,18.54,66.07,6.18,Sandy,Concrete,41.42,95.01,Night,5.51,0,8.13,11.59,6.79,75.90,114.63,Yes
T00750,Earth Excavation,LDR003,Loader,8,OP006,Intermediate,6,Sunny,30.75,53.99,22.21,Sandy,Sand,30.19,446.79,Evening,9.10,2,7.42,4.71,6.76,66.00,97.95,No
T00751,Material Loading,DMP001,DumpTruck,6,OP018,Intermediate,4,Cloudy,13.44,52.01,0.00,Flat,Concrete,52.71,421.64,Morning,1.00,1,15.01,11.24,1.97,31.50,36.22,No
T00752,Material Loading,LDR002,Loader,4,OP005,Intermediate,3,Sunny,31.41,33.00,8.38,Sandy,Sand,44.20,225.38,Night,1.69,0,3.79,5.43,2.48,33.00,40.56,No
T00753,Trenching,LDR002,Loader,4,OP001,Beginner,0,Sunny,27.60,53.23,12.94,Rocky,Soil,13.14,122.74,Afternoon,3.45,1,0.00,11.04,4.14,51.75,80.18,No
T00754,Trenching,BLD001,Bulldozer,2,OP002,Expert,10,Snowy,0.63,59.30,22.53,Flat,Rock,39.96,65.26,Afternoon,1.88,1,8.60,4.85,2.66,58.50,55.14,No
T00755,Digging,CRN001,Crane,3,OP020,Intermediate,6,Sunny,26.85,29.04,9.13,Sandy,Debris,33.54,370.92,Evening,2.62,0,13.83,2.87,3.96,55.00,66.18,No
T00756,Compacting,LDR003,Loader,8,OP005,Intermediate,3,Rainy,18.01,93.13,19.52,Sandy,Sand,24.37,270.43,Morning,3.29,0,14.51,8.69,5.40,69.58,87.10,No
T00757,Trenching,BLD002,Bulldozer,5,OP002,Expert,10,Windy,10.05,56.69,31.37,Flat,Rock,11.70,220.20,Evening,1.12,0,0.00,2.51,3.11,49.50,51.60,No
T00758,Trenching,BLD002,Bulldozer,5,OP003,Beginner,2,Sunny,25.14,43.71,7.78,Hilly,Sand,50.97,445.16,Night,9.03,2,13.74,12.65,4.59,51.75,81.87,No
T00759,Grading,LDR002,Loader,4,OP011,Intermediate,3,Sunny,17.64,66.40,10.49,Sandy,Debris,49.21,230.31,Night,4.75,1,6.63,0.00,2.67,38.50,49.09,No
T00760,Material Loading,EXC003,Excavator,5,OP015,Expert,9,Cloudy,14.00,50.84,13.80,Muddy,Sand,50.15,272.06,Night,3.66,1,4.89,4.80,2.24,37.80,34.96,No
T00761,Compacting,BLD001,Bulldozer,2,OP003,Beginner,2,Cloudy,19.35,59.49,26.96,Rocky,Concrete,32.27,383.37,Morning,2.64,2,14.07,13.62,5.71,66.41,94.07,No
T00762,Grading,DMP002,DumpTruck,5,OP011,Intermediate,3,Rainy,15.83,85.69,2.76,Sandy,Soil,17.57,346.44,Evening,2.73,1,3.70,7.46,2.88,44.28,48.85,No
T00763,Earth Excavation,BLD003,Bulldozer,5,OP003,Beginner,2,Snowy,4.58,52.24,16.56,Rocky,Sand,21.20,474.84,Night,5.84,2,1.91,15.74,7.81,89.70,134.36,No
T00764,Demolition,GRD001,Grader,6,OP011,Intermediate,3,Sunny,22.25,46.37,17.31,Rocky,Rock,47.83,295.29,Night,9.92,0,4.91,4.71,7.83,103.50,132.16,No
T00765,Demolition,GRD002,Grader,6,OP009,Beginner,2,Windy,11.49,66.77,46.50,Sandy,Debris,36.56,249.97,Morning,3.55,2,6.92,14.45,9.14,108.90,155.43,No
T00766,Grading,BLD003,Bulldozer,5,OP005,Intermediate,3,Foggy,12.16,51.05,3.73,Hilly,Concrete,54.63,484.19,Afternoon,8.16,2,0.00,2.99,3.99,48.30,62.59,No
T00767,Digging,DMP002,DumpTruck,5,OP004,Beginner,1,Rainy,17.75,78.66,10.10,Sandy,Debris,46.98,319.86,Morning,6.43,3,13.44,4.64,5.94,63.25,99.83,No
T00768,Trenching,BLD002,Bulldozer,5,OP003,Beginner,2,Sunny,15.41,49.27,13.38,Hilly,Soil,32.23,326.31,Morning,0.36,3,0.00,12.68,4.32,51.75,70.46,No
T00769,Demolition,GRD001,Grader,6,OP010,Beginner,0,Windy,5.93,42.40,32.60,Muddy,Sand,32.96,405.22,Evening,2.75,0,3.95,11.36,10.31,118.80,168.15,No
T00770,Compacting,LDR003,Loader,8,OP004,Beginner,1,Sunny,21.04,49.41,4.64,Muddy,Rock,26.73,25.49,Evening,8.04,0,15.76,17.78,6.26,66.00,107.22,No
T00771,Material Loading,CRN001,Crane,3,OP020,Intermediate,6,Cloudy,17.77,47.23,5.41,Rocky,Debris,33.42,299.64,Evening,4.08,2,11.46,5.31,2.30,36.22,45.54,No
T00772,Demolition,EXC002,Excavator,2,OP018,Intermediate,4,Cloudy,29.68,50.11,5.34,Flat,Concrete,58.23,50.26,Afternoon,5.78,1,6.80,1.65,5.94,94.50,117.31,No
T00773,Trenching,CRN001,Crane,3,OP005,Intermediate,3,Sunny,14.45,47.88,12.29,Flat,Debris,33.12,77.76,Night,9.64,1,7.07,7.32,3.56,45.00,58.78,No
T00774,Digging,BLD002,Bulldozer,5,OP003,Beginner,2,Sunny,21.56,37.46,4.01,Muddy,Soil,18.10,184.88,Night,1.69,3,14.09,10.13,5.06,60.00,87.77,No
T00775,Trenching,EXC003,Excavator,5,OP009,Beginner,2,Rainy,21.44,81.75,18.06,Flat,Rock,58.72,420.65,Night,0.49,1,0.00,1.62,4.24,51.75,66.06,No
T00776,Lifting,EXC001,Excavator,7,OP011,Intermediate,3,Rainy,10.04,99.05,0.00,Muddy,Soil,30.38,280.62,Night,3.10,0,2.52,5.06,4.12,55.20,70.47,No
T00777,Compacting,GRD002,Grader,6,OP001,Beginner,0,Cloudy,18.75,40.46,1.85,Sandy,Concrete,55.78,260.32,Evening,0.33,1,0.00,12.23,5.26,63.53,91.81,No
T00778,Trenching,LDR003,Loader,8,OP007,Intermediate,3,Rainy,18.56,81.25,10.02,Muddy,Sand,42.25,352.18,Morning,2.55,1,9.06,7.17,5.00,62.10,75.88,No
T00779,Demolition,BLD002,Bulldozer,5,OP010,Beginner,0,Rainy,23.90,84.91,13.61,Muddy,Sand,23.48,118.71,Night,6.34,1,5.11,10.18,9.16,124.20,166.95,Yes
T00780,Demolition,DMP002,DumpTruck,5,OP013,Intermediate,3,Snowy,15.70,63.52,13.67,Hilly,Debris,13.32,425.13,Afternoon,6.52,2,6.64,1.37,9.48,134.55,158.33,No
T00781,Earth Excavation,EXC001,Excavator,7,OP014,Beginner,2,Windy,22.42,29.32,18.77,Muddy,Sand,52.86,231.25,Evening,9.34,0,3.39,16.68,8.23,79.20,129.90,No
T00782,Digging,LDR001,Loader,1,OP012,Beginner,2,Cloudy,7.39,49.79,6.84,Muddy,Debris,13.45,261.44,Night,0.21,2,0.66,9.57,4.38,63.00,81.65,No
T00783,Digging,BLD002,Bulldozer,5,OP015,Expert,9,Cloudy,28.45,44.82,9.92,Flat,Concrete,6.28,64.80,Night,2.19,2,14.86,8.81,2.81,52.50,52.60,No
T00784,Trenching,GRD002,Grader,6,OP013,Intermediate,3,Rainy,13.13,75.21,11.36,Rocky,Debris,59.71,234.72,Afternoon,6.77,1,1.66,5.91,4.53,59.51,75.15,Yes
T00785,Demolition,DMP001,DumpTruck,6,OP006,Intermediate,6,Windy,20.25,48.27,32.99,Flat,Concrete,41.38,231.35,Afternoon,1.51,0,3.38,0.00,7.42,99.00,122.39,Yes
T00786,Lifting,CRN001,Crane,3,OP013,Intermediate,3,Rainy,17.72,91.40,20.16,Hilly,Sand,51.94,398.53,Evening,9.78,1,0.00,3.17,3.91,52.90,74.01,No
T00787,Compacting,CRN002,Crane,6,OP013,Intermediate,3,Sunny,16.21,36.19,6.15,Hilly,Debris,27.34,477.05,Night,0.82,1,1.87,5.46,4.39,63.25,68.62,No
T00788,Trenching,DMP001,DumpTruck,6,OP006,Intermediate,6,Sunny,15.07,50.37,10.71,Sandy,Sand,23.46,433.20,Morning,4.13,2,0.00,9.46,3.85,49.50,62.43,No
T00789,Earth Excavation,LDR001,Loader,1,OP013,Intermediate,3,Cloudy,17.58,66.00,0.19,Rocky,Soil,39.47,400.25,Evening,0.03,1,5.48,10.84,3.63,72.45,72.61,No
T00790,Compacting,DMP001,DumpTruck,6,OP014,Beginner,2,Cloudy,18.93,32.16,9.05,Sandy,Concrete,56.46,194.41,Morning,2.75,3,0.00,3.07,5.89,63.53,94.84,No
T00791,Demolition,DMP001,DumpTruck,6,OP018,Intermediate,4,Sunny,22.66,41.60,8.12,Flat,Soil,26.67,27.82,Afternoon,8.02,2,0.00,5.05,6.59,90.00,111.49,No
T00792,Demolition,EXC001,Excavator,7,OP018,Intermediate,4,Cloudy,13.82,42.02,8.37,Flat,Sand,24.26,152.85,Night,0.78,3,1.79,4.19,6.00,94.50,105.18,No
T00793,Compacting,BLD003,Bulldozer,5,OP010,Beginner,0,Cloudy,3.83,57.16,0.00,Hilly,Concrete,53.83,314.03,Evening,8.38,0,1.25,12.98,5.89,66.41,101.93,No
T00794,Compacting,LDR002,Loader,4,OP007,Intermediate,3,Sunny,8.68,41.33,13.04,Rocky,Sand,50.10,24.06,Night,0.23,1,1.87,7.03,4.15,63.25,63.51,No
T00795,Material Loading,BLD003,Bulldozer,5,OP016,Expert,10,Rainy,20.69,93.77,10.91,Flat,Sand,33.49,150.03,Evening,5.38,2,4.38,11.49,1.84,34.50,37.60,No
T00796,Demolition,CRN002,Crane,6,OP008,Beginner,0,Sunny,20.39,31.93,1.77,Rocky,Rock,21.13,168.95,Evening,9.53,2,4.30,8.77,10.48,103.50,175.06,No
T00797,Compacting,BLD002,Bulldozer,5,OP012,Beginner,2,Cloudy,14.26,40.04,4.24,Muddy,Soil,11.73,191.27,Afternoon,2.17,2,21.81,9.50,6.08,69.30,102.87,No
T00798,Earth Excavation,LDR003,Loader,8,OP017,Intermediate,6,Rainy,6.41,77.67,3.64,Hilly,Sand,15.07,72.94,Afternoon,3.98,1,0.00,0.00,5.64,79.35,92.11,No
T00799,Demolition,CRN001,Crane,3,OP003,Beginner,2,Windy,17.12,41.18,39.40,Flat,Rock,11.42,194.74,Night,4.04,1,0.52,11.07,6.90,99.00,132.68,No
T00800,Demolition,LDR002,Loader,4,OP003,Beginner,2,Windy,19.72,34.32,36.77,Flat,Soil,30.85,88.24,Night,4.77,3,2.08,6.62,8.25,99.00,141.42,No
T00801,Grading,CRN001,Crane,3,OP003,Beginner,2,Sunny,15.24,44.65,4.17,Sandy,Concrete,57.02,337.37,Evening,5.37,3,1.99,7.47,3.41,38.50,58.68,No
T00802,Earth Excavation,GRD002,Grader,6,OP016,Expert,10,Cloudy,9.00,46.60,6.72,Hilly,Soil,25.19,453.03,Night,9.28,0,12.64,5.13,5.05,72.45,81.05,No
T00803,Earth Excavation,BLD003,Bulldozer,5,OP004,Beginner,1,Rainy,31.44,100.00,15.22,Hilly,Soil,57.69,119.34,Evening,0.91,2,12.49,15.57,6.55,79.35,112.30,Yes
T00804,Compacting,LDR002,Loader,4,OP019,Intermediate,6,Rainy,24.51,86.33,4.53,Muddy,Soil,50.83,497.80,Night,1.39,1,1.88,4.32,4.78,75.90,85.56,Yes
T00805,Grading,GRD001,Grader,6,OP007,Intermediate,3,Sunny,19.69,57.79,11.53,Muddy,Rock,35.01,324.53,Night,0.38,3,6.54,7.97,2.84,42.00,47.28,No
T00806,Earth Excavation,BLD002,Bulldozer,5,OP001,Beginner,0,Sunny,18.31,40.85,21.18,Muddy,Concrete,7.31,383.56,Night,7.78,1,6.25,12.73,5.73,72.00,106.83,No
T00807,Digging,LDR003,Loader,8,OP008,Beginner,0,Cloudy,19.35,47.91,17.18,Hilly,Soil,9.89,159.58,Afternoon,2.98,3,5.25,14.18,5.92,60.37,96.21,No
T00808,Material Loading,GRD002,Grader,6,OP011,Intermediate,3,Cloudy,13.75,34.92,8.98,Hilly,Rock,23.09,413.29,Morning,9.60,1,11.95,0.00,3.05,36.22,57.36,No
T00809,Lifting,CRN002,Crane,6,OP016,Expert,10,Rainy,21.68,66.89,20.99,Muddy,Debris,58.02,226.38,Evening,5.28,0,12.02,4.50,3.25,55.20,62.18,No
T00810,Lifting,GRD001,Grader,6,OP020,Intermediate,6,Sunny,27.88,42.98,11.35,Flat,Soil,56.22,37.34,Morning,5.75,3,9.31,1.60,3.85,40.00,59.93,No
T00811,Earth Excavation,LDR001,Loader,1,OP020,Intermediate,6,Cloudy,19.31,45.60,9.56,Hilly,Soil,16.91,150.15,Afternoon,6.81,3,3.46,2.60,4.69,72.45,79.98,No
T00812,Grading,BLD002,Bulldozer,5,OP001,Beginner,0,Foggy,24.45,41.40,14.57,Rocky,Soil,32.49,236.55,Morning,6.57,0,1.24,11.37,4.49,48.30,72.79,No
T00813,Grading,EXC002,Excavator,2,OP012,Beginner,2,Sunny,29.11,64.63,9.98,Sandy,Soil,30.09,360.01,Night,1.66,3,0.00,19.84,2.55,38.50,51.17,No
T00814,Demolition,EXC003,Excavator,5,OP013,Intermediate,3,Sunny,20.62,77.78,7.45,Muddy,Rock,55.83,74.67,Evening,2.04,3,0.00,5.47,6.19,108.00,112.06,No
T00815,Earth Excavation,CRN002,Crane,6,OP003,Beginner,2,Sunny,20.80,40.22,9.39,Sandy,Debris,39.01,157.90,Morning,8.76,2,0.14,10.23,5.94,66.00,100.35,No
T00816,Earth Excavation,EXC001,Excavator,7,OP009,Beginner,2,Rainy,16.69,79.27,2.10,Muddy,Sand,27.80,264.64,Afternoon,1.78,0,8.54,6.36,7.90,82.80,121.31,No
T00817,Lifting,EXC002,Excavator,2,OP001,Beginner,0,Sunny,7.36,39.85,8.73,Rocky,Rock,45.28,428.12,Evening,8.38,0,2.98,13.01,3.38,46.00,67.84,No
T00818,Earth Excavation,LDR003,Loader,8,OP006,Intermediate,6,Sunny,24.27,65.55,0.00,Sandy,Sand,7.44,294.46,Morning,0.29,1,2.50,7.29,4.78,66.00,67.59,No
T00819,Grading,EXC002,Excavator,2,OP005,Intermediate,3,Cloudy,20.37,43.97,9.82,Sandy,Soil,31.38,121.80,Afternoon,5.30,0,14.22,0.00,2.74,40.43,49.24,No
T00820,Demolition,LDR002,Loader,4,OP017,Intermediate,6,Rainy,28.74,77.18,6.26,Muddy,Sand,38.63,307.71,Afternoon,7.80,2,0.00,0.38,8.83,124.20,158.00,No
T00821,Compacting,CRN002,Crane,6,OP011,Intermediate,3,Rainy,16.79,100.00,7.63,Rocky,Rock,52.47,313.45,Night,4.00,0,2.48,7.64,4.57,72.74,89.08,No
T00822,Digging,CRN001,Crane,3,OP009,Beginner,2,Sunny,23.76,45.61,0.00,Flat,Soil,52.79,57.69,Evening,7.33,2,7.36,14.55,3.82,50.00,76.65,Yes
T00823,Material Loading,EXC002,Excavator,2,OP013,Intermediate,3,Foggy,13.23,59.33,10.44,Hilly,Sand,20.59,454.22,Evening,7.45,1,11.28,9.48,2.50,41.40,56.08,No
T00824,Earth Excavation,EXC002,Excavator,2,OP002,Expert,10,Rainy,9.63,76.42,0.00,Sandy,Rock,54.05,335.23,Evening,5.50,3,9.37,3.02,3.81,75.90,68.35,No
T00825,Earth Excavation,BLD003,Bulldozer,5,OP016,Expert,10,Sunny,23.93,40.15,8.47,Hilly,Soil,43.83,300.43,Night,6.11,3,6.06,8.90,3.81,69.00,67.30,No
T00826,Lifting,BLD001,Bulldozer,2,OP009,Beginner,2,Sunny,32.80,68.39,4.08,Hilly,Rock,8.38,269.46,Afternoon,4.82,3,2.21,14.63,3.88,46.00,65.40,No
T00827,Trenching,GRD002,Grader,6,OP007,Intermediate,3,Cloudy,24.08,55.66,16.28,Hilly,Concrete,15.45,354.31,Evening,8.75,2,0.00,0.00,4.30,54.34,77.85,No
T00828,Material Loading,EXC001,Excavator,7,OP007,Intermediate,3,Foggy,25.20,33.79,14.98,Rocky,Rock,57.49,73.64,Evening,6.12,0,0.00,0.36,3.54,41.40,58.52,No
T00829,Trenching,DMP002,DumpTruck,5,OP002,Expert,10,Sunny,18.91,55.97,7.63,Hilly,Sand,10.05,439.90,Night,4.75,2,0.00,10.41,2.89,51.75,54.26,No
T00830,Demolition,EXC002,Excavator,2,OP013,Intermediate,3,Rainy,14.53,100.00,12.07,Flat,Soil,17.54,128.88,Evening,7.09,3,3.05,5.00,6.33,103.50,116.96,No
T00831,Compacting,LDR001,Loader,1,OP014,Beginner,2,Sunny,20.63,56.85,4.46,Sandy,Rock,38.36,325.21,Evening,2.54,0,15.62,13.80,4.34,60.50,80.37,No
T00832,Trenching,CRN002,Crane,6,OP020,Intermediate,6,Sunny,18.21,32.37,10.94,Flat,Concrete,38.85,210.96,Evening,4.22,3,6.10,7.31,3.55,45.00,54.87,No
T00833,Compacting,GRD001,Grader,6,OP019,Intermediate,6,Foggy,10.77,69.10,9.84,Rocky,Soil,33.45,464.48,Morning,7.37,3,10.88,13.57,5.72,75.90,103.97,Yes
T00834,Earth Excavation,CRN002,Crane,6,OP017,Intermediate,6,Cloudy,21.06,27.52,7.58,Hilly,Soil,48.55,156.86,Afternoon,1.24,0,6.87,8.28,3.85,72.45,78.27,No
T00835,Material Loading,LDR001,Loader,1,OP018,Intermediate,4,Foggy,14.59,45.34,13.95,Muddy,Soil,8.20,97.06,Night,2.60,3,3.68,4.65,2.18,43.20,47.38,No
T00836,Lifting,CRN001,Crane,3,OP003,Beginner,2,Foggy,29.11,38.78,17.19,Muddy,Rock,56.88,249.33,Morning,8.34,3,0.00,9.90,4.56,57.60,87.82,No
T00837,Lifting,BLD001,Bulldozer,2,OP008,Beginner,0,Windy,23.33,42.75,40.15,Rocky,Debris,54.96,431.20,Night,4.44,0,14.91,4.37,3.87,50.60,75.32,No
T00838,Compacting,LDR001,Loader,1,OP018,Intermediate,4,Rainy,18.20,86.60,11.50,Rocky,Concrete,45.84,158.68,Morning,3.57,2,7.80,0.00,4.12,72.74,82.44,No
T00839,Material Loading,GRD001,Grader,6,OP001,Beginner,0,Foggy,26.45,70.08,0.83,Muddy,Debris,26.10,157.59,Evening,1.98,0,8.30,11.22,3.56,43.20,62.66,No
T00840,Compacting,GRD001,Grader,6,OP005,Intermediate,3,Cloudy,21.16,60.58,8.31,Rocky,Concrete,15.88,62.64,Afternoon,2.25,0,9.51,11.89,5.57,66.41,80.80,No
T00841,Digging,EXC001,Excavator,7,OP014,Beginner,2,Foggy,24.31,59.94,8.55,Sandy,Rock,28.69,202.63,Morning,1.23,3,0.06,11.90,5.76,66.00,86.39,No
T00842,Earth Excavation,GRD001,Grader,6,OP011,Intermediate,3,Sunny,34.87,32.88,16.47,Flat,Rock,36.90,216.53,Evening,7.55,1,0.89,6.94,4.65,60.00,84.99,No
T00843,Earth Excavation,GRD001,Grader,6,OP006,Intermediate,6,Cloudy,16.04,48.14,8.33,Muddy,Concrete,21.16,102.85,Evening,1.34,2,7.76,10.79,4.92,75.60,88.28,No
T00844,Material Loading,LDR001,Loader,1,OP010,Beginner,0,Rainy,14.54,78.74,14.88,Sandy,Concrete,58.08,230.45,Morning,8.74,0,4.91,7.50,3.45,37.95,64.89,No
T00845,Grading,EXC002,Excavator,2,OP018,Intermediate,4,Windy,10.99,67.23,24.73,Rocky,Debris,5.80,382.59,Evening,0.13,3,3.81,6.54,2.20,44.27,42.57,No
T00846,Lifting,CRN002,Crane,6,OP003,Beginner,2,Cloudy,22.88,52.03,3.78,Sandy,Rock,27.98,440.59,Evening,9.69,3,3.71,4.61,5.04,46.20,74.41,No
T00847,Material Loading,EXC001,Excavator,7,OP011,Intermediate,3,Foggy,19.66,59.10,12.47,Muddy,Concrete,33.47,84.71,Afternoon,7.16,3,8.81,1.60,3.24,43.20,59.71,No
T00848,Earth Excavation,GRD001,Grader,6,OP020,Intermediate,6,Rainy,14.05,99.10,3.39,Rocky,Rock,37.31,485.39,Morning,2.37,0,10.49,4.69,5.82,79.35,95.81,Yes
T00849,Demolition,DMP002,DumpTruck,5,OP001,Beginner,0,Sunny,18.49,49.45,15.21,Sandy,Soil,13.43,291.96,Morning,8.29,2,8.04,10.16,8.70,99.00,146.19,No
T00850,Earth Excavation,LDR003,Loader,8,OP004,Beginner,1,Cloudy,12.83,37.13,9.70,Rocky,Debris,50.34,194.45,Evening,1.63,0,9.42,12.17,6.25,72.45,105.32,No
T00851,Demolition,GRD002,Grader,6,OP002,Expert,10,Foggy,26.89,69.55,9.84,Flat,Debris,26.68,357.39,Morning,6.05,2,16.47,14.16,6.80,108.00,119.04,No
T00852,Digging,GRD001,Grader,6,OP014,Beginner,2,Snowy,1.74,51.45,13.35,Rocky,Soil,6.84,151.15,Morning,7.70,3,7.12,10.36,7.25,74.75,115.82,No
T00853,Compacting,EXC002,Excavator,2,OP017,Intermediate,6,Rainy,11.13,70.84,8.56,Flat,Concrete,17.36,167.59,Night,0.45,2,0.79,6.60,3.53,63.25,57.89,No
T00854,Demolition,GRD002,Grader,6,OP012,Beginner,2,Cloudy,8.47,40.72,4.42,Rocky,Soil,55.36,407.77,Morning,4.86,1,0.00,14.29,10.07,108.67,166.04,No
T00855,Lifting,LDR002,Loader,4,OP012,Beginner,2,Sunny,21.58,59.06,10.54,Muddy,Concrete,57.99,337.49,Night,1.18,3,6.01,18.24,4.68,48.00,71.10,No
T00856,Compacting,LDR001,Loader,1,OP020,Intermediate,6,Rainy,16.33,69.25,3.02,Rocky,Rock,46.71,342.65,Evening,1.84,3,1.37,7.63,3.94,72.74,73.69,No
T00857,Compacting,EXC003,Excavator,5,OP001,Beginner,0,Sunny,19.36,44.47,4.98,Hilly,Debris,44.83,448.54,Afternoon,7.25,2,7.44,24.11,5.57,63.25,97.20,No
T00858,Compacting,LDR003,Loader,8,OP014,Beginner,2,Cloudy,25.37,49.98,11.40,Flat,Rock,52.67,291.21,Afternoon,5.59,3,8.85,8.67,5.36,57.75,89.90,No
T00859,Lifting,LDR002,Loader,4,OP012,Beginner,2,Rainy,5.81,67.61,7.84,Flat,Concrete,22.69,190.57,Evening,1.91,2,3.32,11.55,3.89,46.00,70.47,No
T00860,Grading,BLD003,Bulldozer,5,OP008,Beginner,0,Rainy,14.72,87.09,4.83,Muddy,Rock,6.65,252.60,Evening,6.17,1,0.00,15.23,4.39,48.30,72.89,No
T00861,Trenching,DMP002,DumpTruck,5,OP020,Intermediate,6,Sunny,19.60,41.87,11.72,Muddy,Sand,34.38,361.21,Morning,8.18,2,8.81,9.18,4.49,54.00,70.97,No
T00862,Trenching,BLD001,Bulldozer,2,OP014,Beginner,2,Foggy,23.94,51.04,9.82,Sandy,Rock,11.58,275.63,Night,5.82,1,9.64,15.96,4.90,59.40,89.63,No
T00863,Compacting,EXC002,Excavator,2,OP013,Intermediate,3,Rainy,14.76,75.45,8.77,Sandy,Debris,9.75,83.93,Morning,5.49,3,2.11,1.15,3.93,69.58,78.05,No
T00864,Trenching,LDR002,Loader,4,OP018,Intermediate,4,Windy,14.13,52.75,33.47,Rocky,Rock,13.91,280.18,Night,5.63,0,0.00,4.29,4.31,56.93,78.27,No
T00865,Material Loading,BLD002,Bulldozer,5,OP008,Beginner,0,Sunny,21.52,51.80,3.63,Sandy,Rock,15.98,465.90,Morning,7.20,2,0.54,17.04,3.14,33.00,55.22,No
T00866,Digging,EXC002,Excavator,2,OP008,Beginner,0,Rainy,22.47,78.37,8.40,Sandy,Rock,37.77,328.94,Morning,5.28,3,1.89,13.56,4.97,63.25,91.17,No
T00867,Digging,BLD002,Bulldozer,5,OP007,Intermediate,3,Cloudy,27.76,53.47,5.92,Muddy,Concrete,40.43,305.09,Morning,8.78,0,0.00,7.05,4.70,63.00,87.58,No
T00868,Trenching,BLD002,Bulldozer,5,OP020,Intermediate,6,Cloudy,16.08,61.49,0.86,Flat,Rock,55.76,318.56,Morning,8.57,1,0.00,11.96,3.19,47.25,65.12,No
T00869,Grading,EXC001,Excavator,7,OP006,Intermediate,6,Snowy,-5.48,37.88,12.48,Rocky,Soil,58.09,27.29,Evening,5.31,1,4.57,10.67,4.15,52.32,71.70,No
T00870,Compacting,EXC001,Excavator,7,OP013,Intermediate,3,Cloudy,8.99,45.00,11.36,Muddy,Rock,9.77,320.61,Morning,5.07,1,0.16,0.00,5.61,69.30,86.90,Yes
T00871,Trenching,GRD001,Grader,6,OP004,Beginner,1,Cloudy,15.05,41.22,10.03,Muddy,Rock,8.18,185.50,Morning,3.48,3,4.65,11.71,4.97,56.70,83.89,No
T00872,Earth Excavation,EXC001,Excavator,7,OP015,Expert,9,Windy,15.48,39.74,45.95,Sandy,Concrete,24.69,431.58,Night,7.09,1,7.59,7.58,5.90,72.60,91.62,Yes
T00873,Demolition,DMP002,DumpTruck,5,OP011,Intermediate,3,Foggy,22.27,60.18,2.03,Flat,Debris,59.95,298.46,Afternoon,3.57,0,6.93,6.85,7.95,108.00,139.04,No
T00874,Demolition,GRD002,Grader,6,OP010,Beginner,0,Sunny,18.38,43.36,3.79,Sandy,Concrete,29.47,448.24,Morning,9.53,3,14.91,18.66,8.50,99.00,151.52,No
T00875,Earth Excavation,DMP002,DumpTruck,5,OP012,Beginner,2,Windy,28.35,40.48,37.86,Flat,Rock,38.29,364.73,Night,6.79,3,11.88,17.95,5.48,66.00,97.00,No
T00876,Trenching,GRD002,Grader,6,OP008,Beginner,0,Cloudy,18.64,45.01,12.83,Sandy,Sand,25.99,373.15,Morning,5.30,1,1.70,10.94,5.24,51.98,81.22,No
T00877,Grading,EXC001,Excavator,7,OP019,Intermediate,6,Sunny,18.43,24.77,15.80,Hilly,Soil,30.02,170.22,Morning,7.66,3,0.00,0.00,3.55,40.25,54.53,Yes
T00878,Compacting,CRN001,Crane,3,OP005,Intermediate,3,Rainy,26.12,74.94,0.00,Sandy,Concrete,29.86,251.23,Night,7.79,1,17.02,6.15,5.49,69.58,92.46,No
T00879,Digging,EXC002,Excavator,2,OP009,Beginner,2,Sunny,12.65,34.31,15.74,Rocky,Rock,30.95,53.82,Afternoon,5.25,2,9.12,10.70,3.93,57.50,79.34,No
T00880,Earth Excavation,BLD002,Bulldozer,5,OP012,Beginner,2,Cloudy,17.13,64.72,13.23,Muddy,Rock,41.85,293.85,Afternoon,2.18,0,0.59,16.91,6.68,75.60,110.55,No
T00881,Trenching,GRD002,Grader,6,OP019,Intermediate,6,Rainy,19.00,84.33,3.93,Sandy,Sand,54.75,290.66,Night,1.84,3,4.56,0.76,4.19,56.92,67.72,No
T00882,Earth Excavation,BLD003,Bulldozer,5,OP014,Beginner,2,Sunny,21.02,48.67,18.56,Sandy,Concrete,32.37,404.12,Evening,0.95,1,11.04,15.90,5.26,66.00,91.23,No
T00883,Lifting,BLD002,Bulldozer,5,OP013,Intermediate,3,Rainy,20.59,87.89,9.05,Flat,Soil,34.07,24.25,Evening,6.28,3,0.00,5.03,2.82,46.00,58.18,No
T00884,Demolition,EXC002,Excavator,2,OP012,Beginner,2,Windy,13.09,63.12,27.40,Rocky,Rock,30.26,189.05,Morning,7.67,0,0.00,14.00,8.90,113.85,156.66,No
T00885,Trenching,EXC002,Excavator,2,OP013,Intermediate,3,Rainy,12.75,76.63,12.69,Rocky,Soil,23.04,347.89,Morning,4.84,0,6.73,15.04,4.31,59.51,78.47,No
T00886,Digging,BLD001,Bulldozer,2,OP010,Beginner,0,Rainy,11.88,83.65,14.00,Sandy,Rock,51.51,303.18,Night,9.40,1,9.41,12.59,5.96,63.25,97.89,No
T00887,Earth Excavation,LDR002,Loader,4,OP002,Expert,10,Cloudy,19.84,45.13,7.88,Flat,Debris,58.35,201.89,Night,6.32,2,0.00,0.00,3.85,63.00,67.70,No
T00888,Lifting,DMP002,DumpTruck,5,OP011,Intermediate,3,Rainy,10.94,86.40,18.84,Hilly,Concrete,56.60,268.85,Morning,7.24,1,5.03,14.25,4.34,52.90,70.93,No
T00889,Earth Excavation,GRD001,Grader,6,OP003,Beginner,2,Sunny,30.26,32.51,20.76,Muddy,Rock,42.50,183.63,Evening,6.61,0,3.92,7.30,6.38,72.00,106.08,No
T00890,Demolition,LDR001,Loader,1,OP002,Expert,10,Rainy,21.59,87.37,16.34,Flat,Debris,22.03,213.34,Morning,6.26,1,9.64,7.10,4.69,103.50,96.30,No
T00891,Compacting,CRN002,Crane,6,OP019,Intermediate,6,Sunny,33.01,56.15,1.40,Flat,Concrete,22.78,293.07,Morning,4.84,0,2.22,9.02,4.52,55.00,70.05,No
T00892,Earth Excavation,GRD001,Grader,6,OP011,Intermediate,3,Rainy,27.06,65.41,13.14,Muddy,Concrete,29.93,462.66,Night,1.37,3,11.51,0.00,4.97,82.80,92.13,No
T00893,Grading,GRD002,Grader,6,OP011,Intermediate,3,Sunny,33.30,27.24,14.51,Rocky,Debris,11.19,243.56,Morning,0.64,1,1.46,9.08,3.09,40.25,46.33,No
T00894,Trenching,LDR002,Loader,4,OP017,Intermediate,6,Windy,12.01,26.39,40.17,Flat,Rock,9.60,438.99,Night,1.81,0,9.19,10.20,3.05,49.50,52.28,No
T00895,Material Loading,DMP001,DumpTruck,6,OP019,Intermediate,6,Snowy,-2.52,56.44,8.20,Rocky,Rock,44.77,139.54,Evening,0.60,0,12.69,2.23,3.36,44.85,51.72,No
T00896,Compacting,GRD001,Grader,6,OP019,Intermediate,6,Sunny,35.26,52.80,10.41,Flat,Soil,20.83,28.14,Afternoon,0.25,2,0.00,6.82,3.53,55.00,55.57,No
T00897,Demolition,LDR001,Loader,1,OP006,Intermediate,6,Rainy,10.03,76.15,1.35,Hilly,Concrete,33.97,323.80,Morning,5.74,2,0.00,6.75,7.10,119.02,139.41,No
T00898,Material Loading,BLD003,Bulldozer,5,OP008,Beginner,0,Windy,18.23,51.13,36.95,Hilly,Sand,26.91,460.31,Afternoon,6.63,0,7.74,15.45,3.75,37.95,62.80,No
T00899,Demolition,LDR001,Loader,1,OP010,Beginner,0,Rainy,16.02,70.54,2.91,Sandy,Sand,59.64,415.88,Morning,6.41,3,3.08,13.88,8.16,113.85,153.10,No
T00900,Demolition,EXC001,Excavator,7,OP017,Intermediate,6,Cloudy,18.08,45.07,17.88,Rocky,Concrete,48.70,25.01,Night,7.89,1,8.69,4.02,7.90,108.67,125.16,No
T00901,Digging,CRN002,Crane,6,OP018,Intermediate,4,Sunny,20.67,26.33,9.95,Flat,Sand,38.75,81.75,Afternoon,9.90,3,13.36,8.46,3.84,50.00,69.04,No
T00902,Material Loading,CRN002,Crane,6,OP008,Beginner,0,Windy,12.16,59.56,46.17,Muddy,Debris,43.58,192.23,Night,2.74,1,12.07,13.85,3.53,39.60,62.40,No
T00903,Material Loading,BLD003,Bulldozer,5,OP005,Intermediate,3,Foggy,12.81,58.51,0.00,Hilly,Debris,58.81,216.32,Morning,1.79,1,12.37,8.37,2.48,41.40,48.92,No
T00904,Trenching,CRN002,Crane,6,OP003,Beginner,2,Cloudy,12.47,51.93,9.09,Flat,Soil,36.36,257.13,Morning,1.31,0,20.47,15.58,4.17,47.25,71.60,No
T00905,Digging,EXC001,Excavator,7,OP005,Intermediate,3,Cloudy,23.67,68.90,3.39,Hilly,Debris,17.09,175.86,Afternoon,8.06,2,0.60,7.20,5.34,60.37,91.69,No
T00906,Digging,LDR001,Loader,1,OP019,Intermediate,6,Sunny,18.12,53.55,18.35,Sandy,Concrete,11.17,361.05,Morning,8.85,1,9.05,12.38,3.38,55.00,71.92,No
T00907,Earth Excavation,EXC001,Excavator,7,OP006,Intermediate,6,Sunny,19.78,38.67,18.68,Sandy,Debris,43.65,229.46,Evening,2.31,3,4.37,8.53,4.88,66.00,80.97,No
T00908,Grading,GRD001,Grader,6,OP006,Intermediate,6,Foggy,24.51,49.23,11.05,Muddy,Debris,33.63,253.03,Afternoon,7.29,3,2.69,4.81,3.93,50.40,64.54,No
T00909,Compacting,EXC003,Excavator,5,OP020,Intermediate,6,Cloudy,21.45,51.06,11.05,Sandy,Debris,37.41,318.56,Afternoon,7.76,0,10.86,11.86,5.03,63.53,82.25,No
T00910,Trenching,EXC002,Excavator,2,OP013,Intermediate,3,Cloudy,19.45,36.75,9.54,Flat,Concrete,18.95,337.60,Evening,5.44,0,0.65,6.47,3.04,47.25,56.83,No
T00911,Earth Excavation,GRD002,Grader,6,OP011,Intermediate,3,Sunny,23.15,60.18,14.37,Flat,Soil,56.81,377.66,Morning,5.37,2,2.17,7.11,4.53,60.00,75.66,No
T00912,Material Loading,DMP002,DumpTruck,5,OP004,Beginner,1,Rainy,26.18,95.44,7.53,Rocky,Rock,59.09,328.71,Morning,3.36,2,3.97,11.42,3.66,39.67,56.84,No
T00913,Earth Excavation,CRN002,Crane,6,OP006,Intermediate,6,Windy,21.53,42.35,33.12,Hilly,Concrete,50.25,179.87,Afternoon,5.16,0,10.47,9.86,5.23,75.90,90.92,No
T00914,Lifting,GRD001,Grader,6,OP008,Beginner,0,Sunny,17.54,58.12,13.38,Flat,Soil,22.78,200.39,Night,2.09,1,12.10,8.30,3.78,40.00,59.04,No
T00915,Compacting,CRN002,Crane,6,OP019,Intermediate,6,Snowy,1.25,51.09,11.73,Sandy,Concrete,30.37,396.97,Morning,8.94,2,10.96,6.27,5.27,78.65,97.85,No
T00916,Compacting,BLD003,Bulldozer,5,OP012,Beginner,2,Rainy,8.75,52.19,9.92,Muddy,Rock,13.77,113.10,Afternoon,4.03,3,1.36,13.57,6.12,75.90,109.10,Yes
T00917,Demolition,BLD003,Bulldozer,5,OP004,Beginner,1,Windy,19.45,79.83,32.40,Flat,Rock,56.96,76.66,Night,7.14,2,5.59,11.18,7.67,99.00,136.62,No
T00918,Lifting,CRN001,Crane,3,OP016,Expert,10,Sunny,22.76,55.29,7.11,Muddy,Sand,45.10,176.76,Morning,1.94,0,5.88,9.21,2.13,48.00,43.15,No
T00919,Digging,DMP002,DumpTruck,5,OP017,Intermediate,6,Cloudy,9.82,78.54,0.00,Rocky,Rock,30.70,397.62,Night,3.00,1,0.00,4.76,3.92,60.37,65.26,No
T00920,Trenching,GRD002,Grader,6,OP009,Beginner,2,Cloudy,10.65,67.52,21.37,Flat,Sand,51.80,108.00,Evening,4.22,1,13.86,14.12,4.35,47.25,72.42,No
T00921,Digging,CRN001,Crane,3,OP010,Beginner,0,Sunny,32.24,65.88,17.10,Hilly,Rock,11.18,445.40,Morning,1.53,0,5.06,16.82,3.96,57.50,75.64,No
T00922,Demolition,CRN001,Crane,3,OP004,Beginner,1,Sunny,27.06,36.84,9.34,Hilly,Concrete,18.15,130.15,Evening,3.76,3,3.98,9.57,7.28,103.50,134.54,No
T00923,Digging,BLD002,Bulldozer,5,OP009,Beginner,2,Cloudy,20.13,43.13,1.14,Flat,Sand,45.62,449.99,Evening,2.83,2,8.67,11.19,4.52,52.50,74.37,No
T00924,Grading,GRD002,Grader,6,OP016,Expert,10,Rainy,20.24,65.48,7.65,Flat,Rock,57.51,102.61,Night,1.73,1,3.17,9.69,2.29,40.25,41.21,No
T00925,Lifting,DMP002,DumpTruck,5,OP004,Beginner,1,Cloudy,20.00,61.70,3.20,Rocky,Concrete,36.40,176.92,Morning,8.89,2,12.23,12.03,4.32,48.30,81.05,Yes
T00926,Grading,DMP002,DumpTruck,5,OP011,Intermediate,3,Cloudy,10.73,29.02,11.95,Flat,Sand,44.54,369.36,Night,0.55,2,11.89,12.22,2.27,36.75,40.04,No
T00927,Lifting,BLD003,Bulldozer,5,OP006,Intermediate,6,Snowy,2.67,46.28,0.00,Flat,Sand,43.32,135.57,Evening,2.98,2,15.92,3.06,3.78,52.00,63.81,No
T00928,Compacting,LDR002,Loader,4,OP004,Beginner,1,Cloudy,18.65,47.36,14.41,Hilly,Debris,51.13,487.97,Night,9.25,1,12.18,12.96,5.58,66.41,101.38,No
T00929,Grading,LDR003,Loader,8,OP010,Beginner,0,Sunny,23.33,53.26,8.00,Hilly,Concrete,52.67,492.09,Evening,6.98,0,0.00,12.57,4.12,40.25,72.27,No
T00930,Material Loading,CRN002,Crane,6,OP001,Beginner,0,Windy,16.75,52.60,38.24,Rocky,Concrete,13.73,350.75,Night,0.27,2,11.46,10.37,4.03,37.95,54.73,No
T00931,Compacting,EXC001,Excavator,7,OP004,Beginner,1,Cloudy,18.27,18.65,6.84,Rocky,Concrete,43.54,83.98,Morning,8.77,1,0.00,8.28,7.43,66.41,112.71,No
T00932,Material Loading,LDR001,Loader,1,OP004,Beginner,1,Sunny,31.28,28.31,3.96,Sandy,Sand,25.89,198.82,Night,6.30,0,5.18,11.42,3.29,33.00,52.06,No
T00933,Trenching,BLD001,Bulldozer,2,OP005,Intermediate,3,Rainy,21.76,76.29,13.69,Flat,Concrete,32.70,281.04,Afternoon,4.74,1,5.83,11.12,3.54,51.75,65.41,No
T00934,Compacting,DMP002,DumpTruck,5,OP014,Beginner,2,Rainy,21.65,84.12,5.90,Hilly,Debris,19.37,435.21,Night,7.18,2,0.00,13.61,7.17,72.74,112.63,No
T00935,Trenching,CRN001,Crane,3,OP020,Intermediate,6,Windy,20.60,62.66,36.56,Flat,Soil,8.86,41.35,Night,0.78,3,8.12,0.00,2.43,49.50,50.07,No
T00936,Trenching,BLD002,Bulldozer,5,OP007,Intermediate,3,Windy,19.04,62.23,40.63,Hilly,Sand,23.44,191.19,Evening,3.11,0,4.88,13.32,4.66,56.93,74.25,No
T00937,Grading,CRN001,Crane,3,OP013,Intermediate,3,Sunny,26.06,50.44,16.96,Hilly,Debris,19.44,324.72,Evening,7.03,2,15.17,5.15,3.33,40.25,52.39,No
T00938,Lifting,DMP001,DumpTruck,6,OP014,Beginner,2,Sunny,20.58,38.25,15.98,Hilly,Concrete,41.73,262.30,Morning,6.52,1,11.11,15.19,4.47,46.00,76.83,No
T00939,Compacting,EXC003,Excavator,5,OP019,Intermediate,6,Cloudy,21.71,29.83,9.76,Muddy,Rock,21.00,152.51,Night,2.64,1,7.10,0.00,4.11,69.30,70.78,No
T00940,Compacting,LDR003,Loader,8,OP009,Beginner,2,Cloudy,16.69,49.61,7.72,Muddy,Rock,39.65,436.95,Evening,2.88,1,13.08,13.96,6.73,69.30,105.74,No
T00941,Compacting,GRD002,Grader,6,OP009,Beginner,2,Sunny,23.49,67.25,7.54,Sandy,Sand,33.02,43.93,Night,3.60,1,0.00,14.00,5.26,60.50,83.91,Yes
T00942,Trenching,BLD002,Bulldozer,5,OP017,Intermediate,6,Rainy,14.61,94.39,24.74,Rocky,Soil,48.05,182.46,Morning,6.84,0,0.00,0.89,4.09,59.51,70.32,No
T00943,Compacting,CRN001,Crane,3,OP009,Beginner,2,Cloudy,27.47,73.20,10.81,Muddy,Rock,50.98,61.70,Evening,8.13,3,10.68,12.71,5.41,69.30,105.25,No
T00944,Grading,EXC001,Excavator,7,OP015,Expert,9,Sunny,36.78,54.78,0.00,Rocky,Concrete,19.01,455.56,Night,2.39,2,14.60,8.85,2.91,40.25,40.89,No
T00945,Grading,CRN002,Crane,6,OP009,Beginner,2,Sunny,26.85,35.88,12.30,Muddy,Debris,9.33,246.32,Evening,8.23,2,6.33,12.06,4.41,42.00,75.31,No
T00946,Grading,LDR003,Loader,8,OP018,Intermediate,4,Sunny,17.00,54.67,3.49,Flat,Sand,27.14,20.76,Afternoon,8.35,3,0.98,5.53,2.62,35.00,50.60,No
T00947,Compacting,GRD001,Grader,6,OP002,Expert,10,Sunny,8.79,51.35,2.99,Flat,Debris,38.99,412.57,Evening,5.37,0,1.53,1.02,3.59,55.00,57.10,No
T00948,Grading,DMP002,DumpTruck,5,OP008,Beginner,0,Cloudy,11.69,53.10,9.22,Muddy,Rock,29.42,195.32,Evening,3.78,3,9.20,10.09,3.61,44.10,67.74,No
T00949,Demolition,EXC002,Excavator,2,OP017,Intermediate,6,Foggy,15.05,66.57,4.88,Sandy,Sand,19.21,368.46,Evening,1.50,3,14.55,4.00,6.02,118.80,114.19,Yes
T00950,Lifting,DMP001,DumpTruck,6,OP005,Intermediate,3,Cloudy,13.50,57.13,10.32,Sandy,Rock,19.39,389.64,Afternoon,0.56,1,17.23,2.26,2.97,46.20,52.09,No
T00951,Lifting,DMP002,DumpTruck,5,OP016,Expert,10,Cloudy,14.12,61.13,9.41,Muddy,Sand,36.90,345.16,Afternoon,9.72,2,4.24,0.02,3.93,50.40,62.47,No
T00952,Digging,EXC003,Excavator,5,OP015,Expert,9,Rainy,21.79,87.09,11.42,Flat,Rock,32.84,401.39,Morning,2.78,1,7.49,12.92,2.74,57.50,57.29,No
T00953,Material Loading,EXC003,Excavator,5,OP008,Beginner,0,Sunny,22.80,54.73,13.67,Rocky,Sand,14.39,195.28,Afternoon,9.76,2,2.09,11.55,4.02,34.50,64.00,No
T00954,Digging,BLD001,Bulldozer,2,OP007,Intermediate,3,Cloudy,18.45,60.89,6.61,Muddy,Debris,53.94,398.85,Morning,3.19,0,0.00,8.77,4.34,63.00,77.37,No
T00955,Earth Excavation,BLD001,Bulldozer,2,OP005,Intermediate,3,Cloudy,24.67,46.09,8.69,Muddy,Sand,21.05,287.45,Morning,5.92,0,5.97,7.73,4.82,75.60,88.46,Yes
T00956,Earth Excavation,GRD002,Grader,6,OP005,Intermediate,3,Cloudy,13.36,65.69,11.87,Hilly,Rock,40.91,470.74,Morning,8.73,2,5.88,4.28,5.92,72.45,97.56,No
T00957,Material Loading,CRN002,Crane,6,OP005,Intermediate,3,Sunny,31.67,41.46,8.31,Muddy,Soil,20.43,178.89,Morning,3.74,3,13.54,4.76,2.71,36.00,43.49,Yes
T00958,Digging,CRN002,Crane,6,OP018,Intermediate,4,Sunny,16.61,44.58,4.74,Hilly,Sand,6.50,459.83,Night,3.71,1,0.00,10.79,3.97,57.50,68.00,Yes
T00959,Earth Excavation,LDR002,Loader,4,OP015,Expert,9,Cloudy,3.45,58.41,15.39,Hilly,Concrete,30.80,392.29,Afternoon,1.16,0,5.44,0.00,4.49,72.45,77.43,No
T00960,Digging,LDR001,Loader,1,OP013,Intermediate,3,Sunny,17.15,57.70,6.75,Hilly,Sand,14.15,287.44,Morning,2.49,0,11.46,9.30,3.00,57.50,59.11,No
T00961,Earth Excavation,BLD003,Bulldozer,5,OP008,Beginner,0,Cloudy,24.52,20.63,16.13,Flat,Rock,23.71,473.54,Afternoon,2.82,3,13.85,12.75,5.56,63.00,91.93,No
T00962,Compacting,LDR002,Loader,4,OP019,Intermediate,6,Sunny,25.60,63.84,7.48,Flat,Rock,22.97,423.26,Morning,6.09,0,0.00,0.00,4.34,55.00,71.22,No
T00963,Grading,DMP002,DumpTruck,5,OP003,Beginner,2,Rainy,8.70,82.18,10.16,Muddy,Soil,37.58,492.40,Afternoon,3.74,0,8.28,15.18,3.91,48.30,66.59,No
T00964,Earth Excavation,CRN002,Crane,6,OP002,Expert,10,Cloudy,19.23,41.53,3.93,Hilly,Debris,18.61,97.94,Evening,3.88,1,0.00,4.34,4.25,72.45,64.03,No
T00965,Digging,DMP002,DumpTruck,5,OP013,Intermediate,3,Cloudy,19.76,51.37,3.62,Sandy,Debris,55.82,365.05,Evening,2.55,1,2.76,11.15,4.02,57.75,64.08,No
T00966,Earth Excavation,GRD001,Grader,6,OP009,Beginner,2,Sunny,22.95,57.38,0.00,Sandy,Concrete,9.60,339.77,Evening,3.77,0,0.00,14.71,5.72,66.00,93.33,No
T00967,Digging,BLD001,Bulldozer,2,OP014,Beginner,2,Snowy,-3.23,61.54,12.03,Rocky,Concrete,5.84,436.94,Evening,3.88,1,0.00,10.80,5.48,74.75,103.74,No
T00968,Material Loading,GRD001,Grader,6,OP009,Beginner,2,Cloudy,17.91,44.87,14.70,Hilly,Debris,44.73,318.90,Morning,1.26,2,8.65,17.78,3.33,36.22,50.63,No
T00969,Grading,BLD003,Bulldozer,5,OP003,Beginner,2,Sunny,34.59,45.77,15.81,Flat,Soil,46.92,265.02,Night,2.80,0,9.65,7.62,3.52,35.00,57.93,No
T00970,Digging,LDR001,Loader,1,OP018,Intermediate,4,Sunny,22.96,18.07,5.97,Flat,Rock,7.38,475.37,Night,7.15,3,5.36,4.54,3.28,50.00,61.60,No
T00971,Digging,GRD002,Grader,6,OP006,Intermediate,6,Sunny,31.78,50.64,14.24,Muddy,Concrete,35.72,215.18,Afternoon,4.38,2,4.67,0.47,4.37,60.00,71.90,No
T00972,Material Loading,LDR002,Loader,4,OP016,Expert,10,Rainy,17.14,70.09,8.21,Hilly,Concrete,51.72,308.13,Evening,6.32,0,4.37,7.53,2.54,39.67,46.72,No
T00973,Trenching,BLD003,Bulldozer,5,OP002,Expert,10,Sunny,20.48,63.09,9.74,Muddy,Debris,57.47,236.52,Afternoon,5.33,3,13.38,6.57,3.56,54.00,53.99,No
T00974,Demolition,GRD002,Grader,6,OP017,Intermediate,6,Sunny,22.45,66.27,4.76,Hilly,Concrete,53.66,305.42,Evening,0.97,3,5.12,12.11,7.23,103.50,119.47,No
T00975,Grading,BLD003,Bulldozer,5,OP005,Intermediate,3,Cloudy,13.94,52.75,10.91,Flat,Soil,24.43,309.75,Afternoon,3.66,1,12.03,14.15,2.66,36.75,45.15,No
T00976,Digging,CRN002,Crane,6,OP020,Intermediate,6,Sunny,20.53,34.34,10.69,Sandy,Soil,10.87,156.07,Morning,6.47,2,7.84,5.65,3.91,55.00,67.90,No
T00977,Material Loading,GRD001,Grader,6,OP002,Expert,10,Windy,15.26,77.16,30.76,Hilly,Rock,24.77,437.39,Afternoon,8.86,1,0.00,9.63,2.84,37.95,49.89,Yes
T00978,Grading,BLD003,Bulldozer,5,OP007,Intermediate,3,Rainy,10.64,64.29,12.65,Rocky,Soil,36.36,191.44,Night,5.42,1,5.41,0.00,3.26,46.29,58.51,No
T00979,Earth Excavation,CRN001,Crane,3,OP007,Intermediate,3,Rainy,17.75,75.04,10.32,Hilly,Debris,14.26,444.68,Morning,8.58,2,4.41,4.42,6.25,79.35,103.75,No
T00980,Demolition,DMP002,DumpTruck,5,OP012,Beginner,2,Sunny,30.07,54.67,12.51,Hilly,Debris,37.49,92.53,Afternoon,1.01,2,8.07,9.00,7.97,103.50,136.18,No
T00981,Material Loading,EXC003,Excavator,5,OP016,Expert,10,Rainy,16.60,69.19,12.23,Flat,Debris,47.42,36.86,Afternoon,6.55,3,6.54,3.56,2.64,34.50,38.02,No
T00982,Lifting,LDR003,Loader,8,OP004,Beginner,1,Sunny,19.96,74.87,0.00,Muddy,Sand,47.78,159.90,Evening,6.72,0,5.30,12.57,5.11,48.00,85.58,No
T00983,Material Loading,BLD003,Bulldozer,5,OP017,Intermediate,6,Sunny,27.38,32.86,11.29,Hilly,Sand,26.84,44.29,Night,4.02,2,10.92,4.56,3.69,34.50,50.34,No
T00984,Digging,LDR002,Loader,4,OP010,Beginner,0,Windy,14.75,67.17,33.73,Flat,Rock,21.82,472.54,Night,2.81,3,3.51,10.78,4.23,55.00,73.19,No
T00985,Digging,BLD002,Bulldozer,5,OP011,Intermediate,3,Sunny,19.58,49.05,8.13,Flat,Soil,9.53,69.99,Morning,1.78,0,11.70,5.21,3.26,50.00,58.68,No
T00986,Trenching,EXC002,Excavator,2,OP018,Intermediate,4,Rainy,15.37,91.72,0.00,Hilly,Sand,24.81,62.07,Evening,5.62,2,0.00,5.76,3.15,59.51,64.78,No
T00987,Earth Excavation,DMP001,DumpTruck,6,OP019,Intermediate,6,Windy,18.49,29.07,33.60,Rocky,Soil,53.79,145.07,Morning,2.52,2,6.90,5.49,5.72,75.90,93.29,No
T00988,Earth Excavation,DMP001,DumpTruck,6,OP017,Intermediate,6,Cloudy,17.99,60.79,9.06,Hilly,Sand,53.58,89.89,Morning,6.17,1,3.92,10.19,4.74,72.45,82.21,No
T00989,Demolition,BLD003,Bulldozer,5,OP005,Intermediate,3,Windy,24.87,53.63,31.81,Sandy,Concrete,39.85,274.64,Afternoon,3.17,0,7.76,6.21,7.86,108.90,134.41,No
T00990,Digging,LDR003,Loader,8,OP008,Beginner,0,Cloudy,22.17,69.88,9.97,Rocky,Sand,25.43,183.98,Morning,7.92,2,2.60,17.74,7.15,60.37,105.83,No
T00991,Lifting,DMP002,DumpTruck,5,OP018,Intermediate,4,Windy,17.69,62.17,36.78,Flat,Rock,50.11,273.25,Night,7.34,3,1.20,8.16,2.95,44.00,58.24,No
T00992,Grading,EXC003,Excavator,5,OP004,Beginner,1,Sunny,22.04,51.69,11.14,Sandy,Debris,11.03,20.48,Evening,2.71,1,15.13,7.85,3.89,38.50,60.48,No
T00993,Demolition,BLD002,Bulldozer,5,OP015,Expert,9,Rainy,14.39,87.59,8.11,Sandy,Debris,55.42,153.98,Morning,8.44,2,9.11,15.62,5.77,113.85,104.53,No
T00994,Demolition,LDR003,Loader,8,OP013,Intermediate,3,Windy,19.25,51.77,37.07,Hilly,Rock,22.66,488.60,Evening,8.95,2,0.00,0.00,9.39,113.85,150.88,No
T00995,Material Loading,DMP001,DumpTruck,6,OP005,Intermediate,3,Foggy,21.87,72.21,13.93,Rocky,Soil,30.92,456.58,Evening,8.06,2,10.16,7.01,3.64,41.40,60.44,Yes
T00996,Demolition,LDR003,Loader,8,OP005,Intermediate,3,Windy,19.05,23.59,29.11,Sandy,Concrete,39.84,123.17,Night,6.72,3,0.00,8.90,8.78,108.90,133.10,No
T00997,Grading,LDR001,Loader,1,OP011,Intermediate,3,Foggy,15.33,48.12,15.25,Hilly,Soil,22.42,107.59,Night,1.42,1,5.39,0.00,2.65,48.30,47.00,No
T00998,Earth Excavation,EXC001,Excavator,7,OP017,Intermediate,6,Sunny,31.55,50.37,8.05,Sandy,Sand,21.42,394.82,Evening,1.65,0,1.92,4.02,4.19,66.00,75.35,No
T00999,Material Loading,DMP001,DumpTruck,6,OP004,Beginner,1,Sunny,26.94,52.62,17.37,Rocky,Sand,36.31,114.13,Evening,3.54,1,6.35,14.48,3.54,34.50,54.95,No
T01000,Grading,DMP002,DumpTruck,5,OP004,Beginner,1,Cloudy,11.93,46.65,10.13,Flat,Debris,33.75,42.04,Morning,9.89,0,3.82,12.96,4.14,36.75,67.30,No
T01001,Demolition,EXC003,Excavator,5,OP008,Beginner,0,Rainy,10.80,84.35,11.78,Sandy,Concrete,42.09,388.26,Afternoon,7.02,3,12.45,16.27,8.37,113.85,150.82,No
T01002,Grading,LDR002,Loader,4,OP020,Intermediate,6,Foggy,13.75,67.83,12.88,Hilly,Rock,35.28,392.25,Morning,2.35,1,6.02,2.40,2.99,48.30,55.90,No
T01003,Compacting,CRN002,Crane,6,OP019,Intermediate,6,Sunny,20.49,37.75,7.75,Flat,Concrete,51.68,191.68,Night,2.76,0,0.00,13.15,4.14,55.00,71.56,No
T01004,Demolition,LDR003,Loader,8,OP014,Beginner,2,Foggy,18.87,50.08,17.42,Hilly,Rock,24.09,72.55,Evening,1.39,1,11.38,12.83,11.55,124.20,177.15,No
T01005,Trenching,CRN002,Crane,6,OP003,Beginner,2,Snowy,6.56,43.98,21.43,Muddy,Rock,36.94,261.40,Afternoon,7.14,3,5.84,13.56,6.91,70.20,106.65,No
T01006,Trenching,LDR003,Loader,8,OP010,Beginner,0,Sunny,23.09,37.52,13.03,Hilly,Rock,17.23,259.38,Morning,8.94,1,5.84,24.08,6.22,51.75,85.74,No
T01007,Trenching,DMP002,DumpTruck,5,OP014,Beginner,2,Windy,23.29,48.02,34.59,Rocky,Rock,28.55,462.55,Night,3.04,0,15.44,11.88,5.16,56.93,90.20,No
T01008,Compacting,EXC001,Excavator,7,OP008,Beginner,0,Cloudy,18.86,50.73,14.61,Rocky,Sand,17.39,66.49,Night,0.05,1,15.00,10.70,6.18,66.41,97.61,No
T01009,Digging,LDR002,Loader,4,OP016,Expert,10,Snowy,3.02,37.89,0.00,Rocky,Debris,30.65,225.34,Afternoon,9.84,1,6.23,2.27,4.79,74.75,84.26,Yes
T01010,Compacting,LDR002,Loader,4,OP017,Intermediate,6,Cloudy,14.72,66.22,4.80,Flat,Sand,25.81,241.30,Afternoon,1.23,2,14.85,6.15,4.31,57.75,72.00,No
T01011,Compacting,BLD003,Bulldozer,5,OP014,Beginner,2,Sunny,12.50,36.58,2.67,Hilly,Soil,19.98,224.82,Night,4.49,2,4.01,10.92,5.36,63.25,93.93,No
T01012,Compacting,LDR002,Loader,4,OP019,Intermediate,6,Cloudy,18.11,29.61,8.20,Flat,Rock,31.33,313.54,Evening,3.56,0,2.30,1.43,3.78,57.75,65.50,No
T01013,Demolition,EXC001,Excavator,7,OP018,Intermediate,4,Snowy,-3.17,40.95,0.00,Flat,Debris,11.95,85.15,Afternoon,1.26,0,8.76,9.77,9.30,117.00,151.87,No
T01014,Compacting,DMP001,DumpTruck,6,OP006,Intermediate,6,Sunny,12.01,49.08,7.19,Hilly,Sand,57.05,320.56,Morning,0.25,2,8.65,1.49,4.31,63.25,67.04,No
T01015,Compacting,LDR001,Loader,1,OP006,Intermediate,6,Windy,23.38,60.65,30.69,Muddy,Debris,57.39,206.52,Morning,4.90,1,2.62,0.00,4.57,72.60,79.08,No
T01016,Lifting,LDR001,Loader,1,OP012,Beginner,2,Cloudy,12.09,38.94,9.74,Sandy,Sand,35.33,140.48,Evening,1.59,0,11.07,18.90,3.49,46.20,60.03,No
T01017,Digging,LDR003,Loader,8,OP020,Intermediate,6,Cloudy,18.95,63.30,13.34,Sandy,Sand,50.44,481.20,Morning,7.64,1,3.33,11.21,5.46,57.75,86.67,Yes
T01018,Compacting,BLD003,Bulldozer,5,OP006,Intermediate,6,Windy,24.52,62.99,26.03,Rocky,Concrete,36.83,196.38,Night,6.34,1,5.30,3.43,4.55,69.58,82.75,No
T01019,Grading,EXC003,Excavator,5,OP001,Beginner,0,Sunny,24.04,52.19,0.00,Flat,Soil,47.53,190.82,Afternoon,4.00,0,6.61,7.42,3.26,35.00,59.79,No
T01020,Trenching,GRD001,Grader,6,OP009,Beginner,2,Windy,22.56,45.05,36.99,Sandy,Soil,57.11,414.27,Night,9.35,0,3.16,13.27,5.99,54.45,92.17,No
T01021,Grading,CRN002,Crane,6,OP001,Beginner,0,Cloudy,13.83,56.82,15.23,Muddy,Rock,18.69,373.06,Night,4.01,0,0.00,12.01,4.22,44.10,63.39,No
T01022,Grading,EXC002,Excavator,2,OP008,Beginner,0,Windy,27.94,40.36,34.84,Hilly,Concrete,44.96,103.36,Evening,1.66,2,0.00,8.48,3.94,44.27,64.77,Yes
T01023,Trenching,GRD002,Grader,6,OP009,Beginner,2,Sunny,28.27,74.57,13.47,Muddy,Soil,18.35,266.98,Evening,2.29,2,0.90,14.15,4.65,54.00,79.93,No
T01024,Compacting,EXC003,Excavator,5,OP003,Beginner,2,Windy,15.36,40.02,30.90,Flat,Debris,34.17,166.02,Morning,7.75,1,0.34,6.26,5.77,60.50,94.20,Yes
T01025,Grading,CRN001,Crane,3,OP016,Expert,10,Rainy,23.57,82.71,17.11,Hilly,Soil,7.97,93.25,Night,4.00,0,7.05,5.78,2.63,46.29,50.03,No
T01026,Trenching,EXC001,Excavator,7,OP020,Intermediate,6,Snowy,-0.31,69.86,10.67,Hilly,Soil,53.34,397.48,Evening,4.04,2,11.98,5.06,4.92,67.27,80.03,No
T01027,Material Loading,LDR001,Loader,1,OP020,Intermediate,6,Sunny,1.97,52.17,8.53,Flat,Sand,35.57,55.67,Afternoon,4.24,1,5.07,11.02,1.94,30.00,35.06,No
T01028,Material Loading,EXC003,Excavator,5,OP010,Beginner,0,Windy,16.78,56.89,29.32,Rocky,Sand,44.06,335.96,Evening,1.85,2,0.77,14.89,3.13,37.95,54.96,No
T01029,Demolition,GRD002,Grader,6,OP012,Beginner,2,Sunny,15.52,48.19,0.00,Flat,Sand,40.19,474.39,Evening,5.70,2,1.23,9.82,7.64,90.00,135.33,No
T01030,Compacting,EXC003,Excavator,5,OP009,Beginner,2,Foggy,6.52,68.26,2.67,Hilly,Concrete,27.55,238.97,Afternoon,0.62,0,13.60,10.96,5.83,75.90,97.69,No
T01031,Digging,BLD002,Bulldozer,5,OP006,Intermediate,6,Cloudy,13.14,53.03,0.00,Hilly,Concrete,30.91,182.39,Morning,6.78,1,0.00,0.73,4.47,60.37,77.14,No
T01032,Grading,DMP001,DumpTruck,6,OP008,Beginner,0,Sunny,27.37,56.22,17.44,Sandy,Concrete,46.35,250.20,Afternoon,6.38,2,0.00,1.98,3.61,38.50,62.05,No
T01033,Demolition,DMP002,DumpTruck,5,OP001,Beginner,0,Sunny,22.14,19.32,5.20,Sandy,Rock,51.08,430.56,Evening,3.22,2,13.78,11.15,7.52,99.00,137.12,No
T01034,Lifting,EXC002,Excavator,2,OP004,Beginner,1,Rainy,25.17,63.94,11.79,Hilly,Concrete,43.99,171.61,Evening,4.28,3,1.23,15.16,4.02,52.90,71.38,Yes
T01035,Earth Excavation,GRD002,Grader,6,OP013,Intermediate,3,Cloudy,27.55,55.70,10.29,Sandy,Rock,43.78,267.84,Afternoon,7.51,0,0.00,8.46,4.77,69.30,86.04,No
T01036,Grading,DMP001,DumpTruck,6,OP013,Intermediate,3,Rainy,18.85,71.11,12.72,Flat,Sand,38.40,63.15,Night,3.81,2,2.23,2.52,3.19,40.25,51.67,No
T01037,Grading,CRN002,Crane,6,OP013,Intermediate,3,Foggy,25.24,51.57,5.05,Sandy,Sand,6.84,322.60,Evening,3.72,1,3.52,1.59,3.31,46.20,54.59,Yes
T01038,Lifting,EXC002,Excavator,2,OP017,Intermediate,6,Cloudy,11.26,45.17,3.66,Sandy,Soil,19.45,65.38,Morning,2.51,1,4.34,6.80,3.33,46.20,54.44,No
T01039,Trenching,DMP001,DumpTruck,6,OP016,Expert,10,Cloudy,8.66,81.39,7.63,Rocky,Concrete,19.78,302.78,Morning,8.43,2,0.00,5.48,3.61,54.34,61.06,No
T01040,Digging,GRD002,Grader,6,OP016,Expert,10,Cloudy,23.13,53.80,7.41,Hilly,Debris,10.88,131.11,Morning,8.05,1,6.03,6.92,3.19,60.37,65.06,No
T01041,Demolition,CRN002,Crane,6,OP016,Expert,10,Sunny,35.99,53.85,7.20,Hilly,Soil,52.99,250.08,Night,1.27,1,8.30,4.10,5.58,103.50,93.26,No
T01042,Trenching,DMP002,DumpTruck,5,OP017,Intermediate,6,Sunny,25.09,75.85,19.44,Rocky,Sand,49.20,338.55,Morning,3.06,1,1.52,6.28,3.28,51.75,63.09,No
T01043,Material Loading,DMP002,DumpTruck,5,OP012,Beginner,2,Windy,21.51,38.75,47.16,Rocky,Concrete,57.03,45.64,Evening,1.09,3,2.53,12.53,3.16,37.95,54.99,Yes
T01044,Material Loading,LDR002,Loader,4,OP002,Expert,10,Cloudy,26.75,54.20,12.88,Rocky,Rock,30.40,334.55,Morning,4.19,2,7.88,2.37,1.96,36.22,37.42,No
T01045,Earth Excavation,BLD001,Bulldozer,2,OP007,Intermediate,3,Cloudy,10.39,53.16,13.71,Muddy,Sand,28.73,410.84,Evening,2.16,1,10.44,4.81,4.46,75.60,81.19,No
T01046,Digging,LDR001,Loader,1,OP014,Beginner,2,Foggy,25.66,44.95,6.71,Sandy,Rock,53.56,435.79,Evening,8.01,0,0.00,10.67,5.15,66.00,100.89,No
T01047,Digging,GRD001,Grader,6,OP019,Intermediate,6,Sunny,33.23,50.80,16.26,Rocky,Concrete,14.18,496.98,Night,0.98,0,2.96,9.53,3.84,57.50,68.97,No
T01048,Earth Excavation,BLD002,Bulldozer,5,OP004,Beginner,1,Cloudy,15.47,49.45,10.66,Sandy,Soil,42.07,35.40,Morning,7.43,3,0.00,15.25,5.90,69.30,103.53,No
T01049,Trenching,EXC003,Excavator,5,OP008,Beginner,0,Foggy,16.27,64.75,12.68,Rocky,Soil,44.58,419.91,Night,9.32,2,0.00,17.23,5.16,62.10,97.70,No
T01050,Trenching,BLD002,Bulldozer,5,OP008,Beginner,0,Rainy,19.75,82.37,14.51,Muddy,Concrete,20.88,441.56,Afternoon,0.24,1,0.00,11.41,4.84,62.10,86.09,No
T01051,Compacting,CRN001,Crane,3,OP012,Beginner,2,Sunny,20.56,72.05,12.53,Hilly,Rock,36.83,167.16,Evening,7.77,2,1.80,15.11,4.77,63.25,97.27,No
T01052,Lifting,EXC001,Excavator,7,OP007,Intermediate,3,Sunny,17.41,44.65,7.69,Sandy,Rock,48.52,169.24,Night,8.96,0,0.00,5.81,3.60,44.00,61.10,No
T01053,Lifting,GRD001,Grader,6,OP020,Intermediate,6,Foggy,12.50,47.53,10.80,Muddy,Sand,20.74,449.36,Afternoon,0.50,3,1.94,9.06,4.42,57.60,69.62,No
T01054,Grading,LDR001,Loader,1,OP005,Intermediate,3,Rainy,19.95,60.93,15.05,Sandy,Rock,53.75,201.15,Afternoon,1.79,0,12.19,3.36,2.62,44.28,49.91,No
T01055,Trenching,EXC001,Excavator,7,OP008,Beginner,0,Sunny,11.87,26.03,7.68,Hilly,Soil,22.21,60.36,Night,8.25,3,1.48,18.52,5.90,51.75,91.70,Yes
T01056,Compacting,CRN001,Crane,3,OP011,Intermediate,3,Sunny,21.31,47.17,12.43,Rocky,Soil,36.44,376.96,Afternoon,5.10,1,14.36,9.53,4.61,63.25,78.52,No
T01057,Grading,GRD002,Grader,6,OP020,Intermediate,6,Rainy,33.12,75.28,9.97,Hilly,Sand,46.24,453.96,Morning,3.59,1,6.01,2.12,3.67,46.29,55.87,No
T01058,Compacting,GRD001,Grader,6,OP017,Intermediate,6,Cloudy,17.33,65.68,12.43,Hilly,Soil,16.05,438.65,Morning,6.70,1,4.34,8.38,4.85,66.41,86.84,No
T01059,Material Loading,BLD001,Bulldozer,2,OP013,Intermediate,3,Windy,23.37,63.39,30.12,Sandy,Sand,15.50,289.74,Morning,8.55,3,4.43,0.41,2.95,36.30,53.28,No
T01060,Trenching,CRN001,Crane,3,OP008,Beginner,0,Foggy,18.52,35.84,9.47,Hilly,Debris,13.80,156.95,Evening,4.89,2,0.00,6.10,4.75,62.10,90.09,No
T01061,Earth Excavation,EXC002,Excavator,2,OP017,Intermediate,6,Cloudy,24.06,50.75,5.76,Sandy,Sand,21.27,285.99,Evening,7.34,0,0.00,2.81,3.61,69.30,72.57,No
T01062,Lifting,DMP002,DumpTruck,5,OP006,Intermediate,6,Sunny,31.39,39.53,9.75,Hilly,Sand,7.15,244.85,Morning,1.47,2,18.35,5.70,2.81,46.00,51.55,No
T01063,Demolition,GRD002,Grader,6,OP001,Beginner,0,Rainy,24.72,89.54,3.25,Flat,Soil,59.75,424.67,Evening,1.74,3,6.08,7.85,9.33,103.50,155.22,No
T01064,Compacting,LDR001,Loader,1,OP009,Beginner,2,Sunny,20.17,73.51,4.91,Flat,Sand,24.68,126.18,Night,4.70,3,7.57,15.75,4.08,55.00,76.56,No
T01065,Grading,BLD001,Bulldozer,2,OP010,Beginner,0,Cloudy,25.97,41.72,7.00,Sandy,Rock,6.44,294.87,Morning,1.62,2,0.42,7.44,2.12,40.43,50.99,No
T01066,Trenching,LDR001,Loader,1,OP001,Beginner,0,Rainy,13.93,81.05,7.76,Sandy,Sand,19.30,424.52,Afternoon,9.99,2,0.94,12.47,4.31,56.92,85.66,Yes
T01067,Grading,GRD001,Grader,6,OP008,Beginner,0,Foggy,20.54,48.29,5.12,Muddy,Debris,34.55,399.66,Night,5.09,1,1.38,11.73,5.59,50.40,80.01,No
T01068,Earth Excavation,EXC003,Excavator,5,OP013,Intermediate,3,Sunny,17.78,57.70,12.01,Flat,Sand,32.22,327.46,Afternoon,5.96,2,5.48,10.69,3.85,60.00,71.16,No
T01069,Trenching,GRD002,Grader,6,OP014,Beginner,2,Sunny,18.92,55.68,14.52,Rocky,Rock,20.12,227.85,Afternoon,6.41,2,3.89,12.24,4.54,51.75,79.68,No
T01070,Lifting,GRD002,Grader,6,OP002,Expert,10,Snowy,6.12,63.07,8.46,Sandy,Sand,15.62,489.82,Morning,1.38,2,5.39,0.00,3.31,57.20,54.83,No
T01071,Earth Excavation,GRD001,Grader,6,OP001,Beginner,0,Windy,23.68,41.71,25.36,Sandy,Soil,40.03,296.43,Night,7.26,0,0.00,14.00,7.11,72.60,117.69,No
T01072,Grading,EXC002,Excavator,2,OP011,Intermediate,3,Sunny,22.54,56.61,11.61,Muddy,Debris,50.71,41.56,Afternoon,4.96,1,6.90,2.97,3.65,42.00,57.11,No
T01073,Earth Excavation,EXC002,Excavator,2,OP002,Expert,10,Sunny,23.11,50.69,13.01,Rocky,Sand,31.12,396.83,Morning,1.61,3,6.89,6.95,3.09,69.00,61.82,No
T01074,Material Loading,EXC003,Excavator,5,OP009,Beginner,2,Sunny,30.38,56.30,12.78,Flat,Rock,32.19,50.12,Afternoon,0.63,0,1.97,15.01,2.96,30.00,43.74,No
T01075,Demolition,EXC002,Excavator,2,OP005,Intermediate,3,Cloudy,8.26,57.25,9.22,Muddy,Rock,46.21,126.72,Afternoon,9.94,3,6.73,15.72,6.96,113.40,126.31,No
T01076,Demolition,DMP001,DumpTruck,6,OP012,Beginner,2,Sunny,28.20,66.11,14.63,Rocky,Rock,29.32,281.03,Afternoon,7.05,0,1.92,14.11,8.62,103.50,144.61,No
T01077,Grading,LDR002,Loader,4,OP013,Intermediate,3,Foggy,24.73,65.72,14.13,Hilly,Debris,35.27,115.84,Evening,7.28,0,22.10,11.44,4.02,48.30,68.45,No
T01078,Digging,LDR002,Loader,4,OP008,Beginner,0,Sunny,9.07,63.40,12.32,Flat,Sand,29.13,54.72,Afternoon,8.13,3,1.48,12.06,5.15,50.00,80.71,No
T01079,Grading,LDR003,Loader,8,OP018,Intermediate,4,Sunny,28.64,46.02,4.16,Rocky,Debris,54.31,166.99,Night,5.39,3,3.45,12.25,3.27,40.25,58.14,No
T01080,Earth Excavation,LDR003,Loader,8,OP002,Expert,10,Sunny,24.45,46.65,7.18,Sandy,Concrete,56.60,295.88,Morning,7.81,2,6.40,2.59,4.95,66.00,81.87,No
T01081,Lifting,DMP002,DumpTruck,5,OP003,Beginner,2,Windy,20.38,46.81,45.52,Hilly,Soil,27.49,472.14,Evening,4.07,2,1.32,11.30,4.43,50.60,84.12,No
T01082,Earth Excavation,EXC003,Excavator,5,OP013,Intermediate,3,Windy,18.26,50.05,26.03,Hilly,Rock,42.28,207.08,Night,5.51,2,0.00,2.64,5.20,75.90,91.92,No
T01083,Demolition,CRN001,Crane,3,OP013,Intermediate,3,Cloudy,17.25,37.66,10.03,Hilly,Sand,17.01,129.47,Evening,4.58,2,2.51,2.06,6.90,108.67,118.94,No
T01084,Material Loading,CRN001,Crane,3,OP001,Beginner,0,Sunny,21.43,67.71,15.13,Hilly,Soil,26.89,332.41,Evening,9.66,2,8.23,3.38,3.25,34.50,63.63,No
T01085,Earth Excavation,EXC001,Excavator,7,OP013,Intermediate,3,Sunny,33.05,66.97,7.97,Rocky,Debris,43.54,149.13,Evening,8.51,2,10.82,12.83,5.79,69.00,97.49,No
T01086,Trenching,LDR001,Loader,1,OP005,Intermediate,3,Foggy,15.30,47.90,9.89,Sandy,Concrete,27.12,223.32,Night,0.35,2,17.27,1.17,3.01,59.40,56.23,No
T01087,Trenching,EXC001,Excavator,7,OP009,Beginner,2,Windy,6.62,39.13,34.92,Hilly,Soil,14.69,116.59,Evening,5.37,3,8.84,11.28,4.98,56.93,84.28,No
T01088,Trenching,CRN001,Crane,3,OP014,Beginner,2,Sunny,19.88,38.49,2.87,Muddy,Sand,51.01,473.26,Night,9.63,1,4.81,14.72,5.20,54.00,89.11,No
T01089,Earth Excavation,EXC002,Excavator,2,OP003,Beginner,2,Sunny,10.95,51.22,14.66,Sandy,Concrete,10.18,207.58,Afternoon,9.56,1,7.44,5.27,5.80,66.00,105.51,No
T01090,Compacting,LDR002,Loader,4,OP020,Intermediate,6,Cloudy,11.28,63.05,7.03,Flat,Rock,50.75,447.22,Afternoon,6.96,2,9.91,4.98,3.74,57.75,76.01,No
T01091,Digging,CRN002,Crane,6,OP015,Expert,9,Sunny,21.25,29.24,4.91,Sandy,Rock,35.45,202.44,Morning,5.38,1,6.76,12.71,3.57,55.00,60.96,No
T01092,Trenching,LDR002,Loader,4,OP006,Intermediate,6,Sunny,27.77,56.21,7.32,Flat,Sand,22.54,182.36,Evening,6.68,3,6.18,11.39,3.29,45.00,64.25,Yes
T01093,Digging,BLD003,Bulldozer,5,OP015,Expert,9,Windy,16.56,62.82,33.00,Rocky,Soil,12.20,421.68,Afternoon,8.85,3,10.77,4.03,4.28,63.25,71.56,No
T01094,Lifting,CRN001,Crane,3,OP003,Beginner,2,Rainy,12.02,85.59,6.73,Flat,Debris,44.69,113.42,Morning,3.46,3,1.57,11.41,3.43,46.00,63.37,Yes
T01095,Compacting,GRD001,Grader,6,OP011,Intermediate,3,Sunny,17.98,41.24,7.82,Rocky,Concrete,36.55,32.40,Morning,6.93,1,0.00,9.42,5.11,63.25,81.83,No
T01096,Material Loading,GRD002,Grader,6,OP020,Intermediate,6,Foggy,17.97,36.49,3.95,Hilly,Rock,51.61,486.37,Afternoon,7.38,2,3.46,7.31,3.36,41.40,56.04,No
T01097,Material Loading,BLD002,Bulldozer,5,OP011,Intermediate,3,Sunny,24.80,45.70,15.59,Sandy,Debris,11.78,314.45,Morning,2.42,3,0.00,4.51,2.30,33.00,40.94,No
T01098,Digging,DMP002,DumpTruck,5,OP013,Intermediate,3,Snowy,-2.73,58.34,9.82,Rocky,Sand,19.48,458.48,Morning,9.73,1,0.00,7.84,4.84,74.75,91.76,No
T01099,Material Loading,LDR001,Loader,1,OP018,Intermediate,4,Cloudy,13.55,64.69,4.85,Hilly,Rock,20.14,378.77,Night,6.53,0,0.00,0.00,2.48,36.22,48.04,No
T01100,Compacting,EXC002,Excavator,2,OP003,Beginner,2,Sunny,13.04,54.88,1.58,Sandy,Debris,6.69,213.02,Morning,5.30,0,7.26,13.46,4.28,60.50,85.09,No
T01101,Lifting,DMP001,DumpTruck,6,OP012,Beginner,2,Foggy,20.07,38.76,4.37,Flat,Rock,27.57,84.91,Afternoon,4.26,3,0.00,10.88,4.27,48.00,79.57,No
T01102,Compacting,CRN002,Crane,6,OP008,Beginner,0,Windy,23.46,62.86,34.45,Muddy,Concrete,38.55,474.01,Evening,5.86,3,12.72,9.78,6.79,72.60,112.39,No
T01103,Lifting,BLD001,Bulldozer,2,OP005,Intermediate,3,Rainy,26.11,68.15,12.35,Muddy,Rock,11.44,482.49,Afternoon,9.35,2,0.00,5.05,4.15,55.20,77.42,No
T01104,Compacting,BLD002,Bulldozer,5,OP009,Beginner,2,Rainy,13.92,74.77,12.94,Flat,Debris,47.33,162.93,Morning,2.72,2,11.30,11.34,5.67,63.25,95.81,No
T01105,Lifting,BLD001,Bulldozer,2,OP014,Beginner,2,Rainy,26.00,80.08,10.12,Flat,Sand,7.98,191.63,Night,9.14,0,14.54,9.84,4.31,46.00,77.16,No
T01106,Earth Excavation,BLD001,Bulldozer,2,OP014,Beginner,2,Windy,20.18,47.06,27.98,Muddy,Concrete,50.88,318.90,Evening,1.97,2,0.00,9.49,5.58,79.20,102.67,No
T01107,Lifting,BLD002,Bulldozer,5,OP003,Beginner,2,Sunny,27.74,55.93,15.09,Flat,Concrete,41.47,492.39,Morning,3.59,3,0.62,12.71,3.26,40.00,61.59,No
T01108,Demolition,GRD002,Grader,6,OP016,Expert,10,Cloudy,17.36,67.15,9.48,Flat,Concrete,52.18,420.65,Evening,4.29,2,0.17,2.29,5.38,94.50,92.38,No
T01109,Demolition,DMP001,DumpTruck,6,OP007,Intermediate,3,Windy,8.81,56.56,39.51,Flat,Concrete,47.06,195.32,Night,8.61,0,5.81,14.34,8.20,99.00,132.36,No
T01110,Lifting,BLD002,Bulldozer,5,OP005,Intermediate,3,Sunny,23.89,53.53,5.45,Rocky,Debris,40.92,45.79,Morning,8.37,3,11.32,6.63,3.68,46.00,64.46,No
T01111,Trenching,LDR001,Loader,1,OP016,Expert,10,Rainy,24.33,85.42,10.12,Flat,Sand,8.83,350.73,Morning,0.36,3,15.12,5.48,2.27,51.75,42.68,No
T01112,Trenching,LDR002,Loader,4,OP009,Beginner,2,Cloudy,12.80,36.18,10.68,Sandy,Soil,56.00,26.25,Afternoon,2.72,0,14.25,11.62,4.84,51.98,80.06,No
T01113,Digging,CRN001,Crane,3,OP010,Beginner,0,Cloudy,23.50,43.00,8.42,Muddy,Debris,18.64,287.75,Afternoon,2.50,2,0.05,12.42,5.09,63.00,83.84,Yes
T01114,Material Loading,EXC001,Excavator,7,OP019,Intermediate,6,Rainy,6.05,84.09,2.18,Sandy,Soil,6.62,467.47,Evening,3.71,3,1.84,7.11,2.65,37.95,46.57,No
T01115,Material Loading,LDR002,Loader,4,OP007,Intermediate,3,Rainy,16.99,60.54,15.00,Flat,Concrete,39.65,76.66,Morning,3.27,2,7.38,1.18,2.43,34.50,47.45,No
T01116,Grading,BLD003,Bulldozer,5,OP010,Beginner,0,Sunny,28.70,49.13,8.76,Rocky,Debris,53.99,455.63,Evening,0.02,3,15.70,14.30,3.14,40.25,55.51,No
T01117,Earth Excavation,BLD002,Bulldozer,5,OP012,Beginner,2,Sunny,26.04,51.01,9.72,Muddy,Sand,18.52,279.97,Afternoon,5.64,0,7.04,12.97,5.90,72.00,99.04,No
T01118,Demolition,GRD001,Grader,6,OP009,Beginner,2,Cloudy,17.38,73.60,8.93,Muddy,Rock,51.97,46.85,Night,2.48,2,3.63,8.40,8.61,113.40,147.64,No
T01119,Demolition,BLD001,Bulldozer,2,OP006,Intermediate,6,Cloudy,13.86,46.37,18.80,Flat,Debris,24.98,344.55,Evening,9.73,1,10.64,12.93,5.74,94.50,110.62,No
T01120,Material Loading,BLD002,Bulldozer,5,OP010,Beginner,0,Windy,22.89,50.38,32.79,Flat,Concrete,26.50,82.13,Night,6.33,2,7.56,12.16,2.96,33.00,52.05,No
T01121,Trenching,EXC001,Excavator,7,OP005,Intermediate,3,Windy,18.78,38.29,29.85,Rocky,Sand,13.91,366.55,Evening,8.17,2,9.36,1.99,4.64,56.93,79.60,Yes
T01122,Demolition,DMP002,DumpTruck,5,OP013,Intermediate,3,Cloudy,9.74,36.13,8.55,Sandy,Concrete,7.39,241.74,Afternoon,7.77,1,5.60,3.63,8.17,103.95,134.37,Yes
T01123,Material Loading,EXC003,Excavator,5,OP017,Intermediate,6,Foggy,23.10,49.14,9.61,Sandy,Soil,5.42,463.74,Morning,8.96,0,0.00,5.03,2.87,39.60,49.76,No
T01124,Digging,BLD003,Bulldozer,5,OP018,Intermediate,4,Rainy,14.67,76.30,1.94,Flat,Rock,19.68,251.97,Night,2.50,1,10.10,3.31,3.80,57.50,65.74,No
T01125,Earth Excavation,CRN001,Crane,3,OP016,Expert,10,Sunny,25.60,74.85,17.65,Sandy,Concrete,33.97,374.59,Night,1.85,3,10.30,6.90,3.06,66.00,64.70,Yes
T01126,Trenching,CRN001,Crane,3,OP008,Beginner,0,Snowy,-3.26,54.12,1.19,Rocky,Rock,21.92,199.38,Morning,4.62,3,3.31,15.24,5.81,67.27,94.45,No
T01127,Compacting,BLD002,Bulldozer,5,OP008,Beginner,0,Sunny,18.43,69.29,10.32,Rocky,Rock,21.28,303.70,Afternoon,1.17,0,0.02,16.57,5.27,63.25,86.67,No
T01128,Material Loading,CRN001,Crane,3,OP014,Beginner,2,Sunny,13.39,70.38,8.78,Rocky,Soil,30.34,87.23,Night,9.88,2,20.88,12.61,3.36,34.50,59.57,No
T01129,Trenching,LDR001,Loader,1,OP011,Intermediate,3,Rainy,15.01,84.62,6.37,Hilly,Soil,57.32,203.16,Night,1.87,3,8.41,0.00,3.62,59.51,64.45,No
T01130,Compacting,GRD002,Grader,6,OP017,Intermediate,6,Cloudy,19.61,45.70,16.22,Muddy,Debris,49.96,44.58,Night,1.98,1,4.81,6.49,4.89,69.30,83.92,No
T01131,Trenching,DMP001,DumpTruck,6,OP012,Beginner,2,Rainy,23.21,76.93,14.49,Hilly,Concrete,44.88,174.39,Morning,3.91,3,13.68,9.18,5.67,59.51,88.00,Yes
T01132,Earth Excavation,BLD001,Bulldozer,2,OP012,Beginner,2,Cloudy,14.39,67.94,7.17,Flat,Debris,13.33,155.37,Evening,9.18,0,0.00,6.80,5.48,63.00,105.59,No
T01133,Grading,LDR002,Loader,4,OP004,Beginner,1,Sunny,24.45,50.23,10.84,Muddy,Concrete,6.04,336.01,Afternoon,3.81,3,2.02,9.77,3.83,42.00,60.53,Yes
T01134,Earth Excavation,GRD002,Grader,6,OP009,Beginner,2,Rainy,18.87,79.79,8.39,Hilly,Soil,30.64,27.88,Morning,7.53,2,4.60,9.60,7.40,79.35,122.40,No
T01135,Grading,DMP001,DumpTruck,6,OP006,Intermediate,6,Sunny,18.50,49.09,7.62,Muddy,Sand,9.24,24.45,Evening,8.81,2,0.00,0.00,3.97,42.00,64.90,No
T01136,Grading,CRN002,Crane,6,OP017,Intermediate,6,Rainy,15.64,79.59,9.37,Hilly,Sand,19.11,431.48,Evening,3.00,2,0.00,7.83,3.64,46.29,56.12,No
T01137,Grading,LDR001,Loader,1,OP007,Intermediate,3,Windy,20.39,42.53,41.51,Rocky,Soil,56.61,405.22,Morning,2.95,1,0.00,2.69,2.57,44.27,49.86,No
T01138,Grading,EXC002,Excavator,2,OP009,Beginner,2,Sunny,24.45,41.58,7.36,Flat,Soil,52.16,478.84,Night,9.39,3,3.07,14.34,3.33,35.00,59.12,Yes
T01139,Lifting,EXC002,Excavator,2,OP017,Intermediate,6,Sunny,24.18,61.15,13.70,Muddy,Rock,25.08,178.35,Night,5.20,0,8.02,7.69,2.73,48.00,54.09,No
T01140,Earth Excavation,BLD003,Bulldozer,5,OP008,Beginner,0,Cloudy,19.45,34.79,11.43,Flat,Soil,57.54,138.71,Afternoon,4.37,1,5.76,10.39,5.71,63.00,94.40,No
T01141,Earth Excavation,BLD003,Bulldozer,5,OP013,Intermediate,3,Foggy,6.01,46.81,8.81,Rocky,Soil,55.06,300.36,Night,0.43,2,0.00,4.38,5.14,82.80,92.73,No
T01142,Trenching,CRN001,Crane,3,OP015,Expert,9,Rainy,8.36,67.06,8.75,Sandy,Concrete,23.11,361.16,Afternoon,1.45,3,5.97,4.51,2.97,56.92,53.23,No
T01143,Digging,LDR002,Loader,4,OP019,Intermediate,6,Sunny,25.29,47.74,6.09,Hilly,Rock,30.43,293.36,Morning,5.79,0,9.37,7.64,3.93,57.50,69.98,No
T01144,Lifting,EXC003,Excavator,5,OP018,Intermediate,4,Snowy,9.16,69.56,5.01,Flat,Debris,58.10,190.85,Night,0.71,3,1.98,11.30,3.16,52.00,61.29,No
T01145,Lifting,BLD002,Bulldozer,5,OP001,Beginner,0,Sunny,18.50,36.42,2.37,Rocky,Sand,25.04,72.79,Night,5.32,0,4.17,12.29,4.04,46.00,73.38,No
T01146,Demolition,BLD001,Bulldozer,2,OP016,Expert,10,Foggy,12.75,54.83,7.30,Rocky,Rock,41.32,288.74,Evening,1.62,1,8.45,0.06,5.98,124.20,109.68,No
T01147,Earth Excavation,EXC003,Excavator,5,OP004,Beginner,1,Cloudy,22.80,59.22,10.61,Rocky,Rock,30.32,196.85,Night,1.52,2,0.00,16.62,5.68,72.45,102.48,No
T01148,Digging,EXC002,Excavator,2,OP008,Beginner,0,Windy,22.18,48.65,35.23,Flat,Soil,20.75,308.46,Night,0.48,0,24.17,0.00,4.60,55.00,77.84,No
T01149,Grading,BLD001,Bulldozer,2,OP008,Beginner,0,Sunny,15.18,63.64,14.46,Flat,Sand,34.05,32.55,Evening,5.00,0,7.67,11.27,2.78,35.00,54.01,No
T01150,Lifting,LDR001,Loader,1,OP003,Beginner,2,Cloudy,22.53,53.19,7.74,Rocky,Rock,43.72,129.88,Morning,6.01,2,7.33,2.65,3.87,48.30,74.82,No
T01151,Earth Excavation,LDR001,Loader,1,OP008,Beginner,0,Cloudy,20.22,47.91,0.00,Flat,Debris,24.45,360.19,Evening,3.29,0,0.00,8.34,4.23,63.00,93.43,No
T01152,Grading,LDR001,Loader,1,OP012,Beginner,2,Sunny,26.23,46.83,0.00,Muddy,Soil,40.58,213.67,Evening,4.83,1,1.24,9.52,3.13,42.00,59.70,No
T01153,Grading,EXC003,Excavator,5,OP003,Beginner,2,Windy,17.11,66.46,40.22,Rocky,Concrete,26.49,218.97,Afternoon,0.02,0,0.00,11.87,3.73,44.27,60.42,Yes
T01154,Trenching,BLD003,Bulldozer,5,OP017,Intermediate,6,Cloudy,12.19,34.15,8.97,Rocky,Sand,40.83,398.99,Evening,8.59,0,7.67,4.14,3.93,54.34,68.98,No
T01155,Demolition,CRN002,Crane,6,OP020,Intermediate,6,Cloudy,15.35,26.22,10.30,Hilly,Soil,26.82,138.67,Morning,9.62,2,4.41,3.31,8.87,108.67,146.61,No
T01156,Earth Excavation,LDR003,Loader,8,OP006,Intermediate,6,Sunny,25.30,49.90,8.35,Sandy,Debris,24.82,159.75,Morning,6.21,0,2.54,2.44,5.13,66.00,81.39,No
T01157,Compacting,CRN001,Crane,3,OP011,Intermediate,3,Cloudy,23.09,50.27,3.75,Flat,Soil,55.69,183.25,Evening,3.29,0,6.87,5.30,3.21,57.75,60.52,No
T01158,Trenching,LDR001,Loader,1,OP013,Intermediate,3,Cloudy,15.51,28.78,6.20,Muddy,Sand,7.28,186.67,Evening,6.41,0,12.91,8.12,3.36,56.70,67.76,No
T01159,Grading,GRD001,Grader,6,OP005,Intermediate,3,Sunny,21.97,38.99,0.94,Rocky,Debris,28.15,54.54,Afternoon,8.67,2,8.17,7.67,3.76,40.25,58.73,No
T01160,Digging,CRN001,Crane,3,OP003,Beginner,2,Foggy,24.48,65.92,5.78,Muddy,Debris,20.94,483.43,Night,8.04,1,0.00,7.96,5.96,72.00,106.93,No
T01161,Lifting,BLD001,Bulldozer,2,OP008,Beginner,0,Snowy,5.21,64.11,0.00,Rocky,Concrete,13.61,364.20,Morning,3.91,2,6.43,10.39,3.95,59.80,81.25,No
T01162,Digging,EXC001,Excavator,7,OP008,Beginner,0,Sunny,26.20,46.51,9.66,Sandy,Soil,24.34,125.45,Afternoon,2.43,2,0.00,17.60,5.05,55.00,82.29,No
T01163,Earth Excavation,BLD003,Bulldozer,5,OP001,Beginner,0,Windy,18.96,62.84,46.76,Rocky,Debris,17.57,112.63,Night,8.63,0,7.75,12.28,6.85,75.90,113.22,No
T01164,Earth Excavation,GRD002,Grader,6,OP009,Beginner,2,Cloudy,29.49,45.18,15.00,Hilly,Sand,6.46,177.16,Afternoon,9.26,1,9.75,7.31,7.54,72.45,124.80,No
T01165,Digging,GRD002,Grader,6,OP005,Intermediate,3,Cloudy,26.81,51.53,0.09,Sandy,Concrete,29.47,150.72,Afternoon,8.52,1,3.73,5.01,4.43,57.75,81.07,No
T01166,Digging,CRN001,Crane,3,OP004,Beginner,1,Foggy,17.48,35.13,5.57,Hilly,Soil,49.10,393.24,Night,3.49,0,7.10,13.25,5.17,69.00,92.18,No
T01167,Grading,DMP001,DumpTruck,6,OP003,Beginner,2,Sunny,29.08,46.21,16.52,Flat,Debris,37.49,73.03,Morning,5.68,1,13.18,20.68,3.79,35.00,58.52,No
T01168,Grading,DMP002,DumpTruck,5,OP017,Intermediate,6,Cloudy,12.14,22.97,3.28,Sandy,Debris,29.80,448.97,Afternoon,2.92,2,7.60,9.27,2.86,40.43,47.36,No
T01169,Lifting,LDR001,Loader,1,OP015,Expert,9,Cloudy,22.50,71.67,6.07,Muddy,Soil,54.94,418.04,Evening,7.09,3,0.00,3.38,3.03,50.40,53.81,No
T01170,Digging,LDR002,Loader,4,OP008,Beginner,0,Sunny,22.02,58.96,7.09,Muddy,Concrete,21.84,338.53,Afternoon,1.93,0,0.00,11.93,4.78,60.00,85.00,Yes
T01171,Trenching,GRD002,Grader,6,OP016,Expert,10,Snowy,0.55,32.16,9.26,Sandy,Sand,59.57,310.98,Afternoon,8.02,1,11.91,6.35,4.35,64.35,73.00,No
T01172,Earth Excavation,GRD001,Grader,6,OP019,Intermediate,6,Rainy,29.62,95.96,6.81,Muddy,Sand,39.01,57.91,Morning,9.11,0,8.19,5.04,5.91,82.80,103.50,No
T01173,Compacting,CRN001,Crane,3,OP011,Intermediate,3,Sunny,4.92,73.35,3.16,Sandy,Soil,38.37,76.38,Night,3.64,0,7.06,8.77,3.99,60.50,72.24,No
T01174,Lifting,GRD001,Grader,6,OP005,Intermediate,3,Rainy,32.43,69.78,5.95,Hilly,Concrete,44.33,205.85,Afternoon,2.88,2,21.53,4.59,3.70,52.90,65.77,No
T01175,Lifting,CRN002,Crane,6,OP009,Beginner,2,Windy,16.13,37.29,28.76,Hilly,Soil,17.16,201.99,Evening,0.05,3,1.64,13.50,5.10,50.60,76.55,No
T01176,Lifting,BLD002,Bulldozer,5,OP006,Intermediate,6,Windy,7.10,37.48,38.48,Muddy,Sand,12.00,155.91,Afternoon,2.40,0,0.73,6.68,4.14,52.80,65.55,No
T01177,Earth Excavation,EXC002,Excavator,2,OP013,Intermediate,3,Sunny,25.48,56.00,13.82,Sandy,Concrete,51.50,353.21,Night,4.17,2,10.37,7.58,4.51,66.00,77.71,No
T01178,Demolition,EXC002,Excavator,2,OP012,Beginner,2,Sunny,29.34,51.17,12.09,Hilly,Debris,13.82,238.61,Evening,9.45,1,1.97,19.08,7.25,103.50,142.86,No
T01179,Earth Excavation,BLD001,Bulldozer,2,OP003,Beginner,2,Sunny,13.34,45.41,9.97,Sandy,Soil,38.98,123.52,Morning,3.74,0,4.33,17.46,5.08,66.00,96.62,No
T01180,Material Loading,EXC003,Excavator,5,OP015,Expert,9,Cloudy,9.13,65.06,12.95,Hilly,Soil,54.31,471.49,Afternoon,5.83,3,7.34,7.71,2.63,36.22,43.99,No
T01181,Trenching,DMP002,DumpTruck,5,OP007,Intermediate,3,Sunny,21.85,40.76,8.11,Flat,Soil,40.47,140.31,Evening,0.54,1,10.13,2.80,3.47,45.00,53.34,No
T01182,Lifting,DMP001,DumpTruck,6,OP010,Beginner,0,Rainy,14.95,89.43,17.47,Rocky,Debris,51.02,442.35,Morning,6.52,1,5.28,8.86,4.44,52.90,82.96,No
T01183,Earth Excavation,CRN002,Crane,6,OP015,Expert,9,Sunny,19.52,40.47,10.58,Rocky,Soil,13.61,158.14,Night,6.01,2,0.00,10.42,4.27,69.00,73.28,No
T01184,Grading,CRN002,Crane,6,OP018,Intermediate,4,Rainy,15.51,58.09,12.52,Rocky,Concrete,32.02,292.71,Afternoon,2.80,2,9.17,13.01,3.33,46.29,56.12,No
T01185,Demolition,EXC003,Excavator,5,OP017,Intermediate,6,Sunny,23.81,40.56,16.19,Muddy,Concrete,28.87,36.44,Afternoon,1.78,2,2.90,4.67,7.38,108.00,124.69,No
T01186,Trenching,DMP002,DumpTruck,5,OP016,Expert,10,Sunny,29.00,49.07,14.83,Sandy,Debris,25.65,75.04,Morning,1.69,0,10.52,1.24,3.17,49.50,46.48,No
T01187,Demolition,GRD001,Grader,6,OP006,Intermediate,6,Rainy,34.02,63.96,12.95,Hilly,Rock,18.41,428.68,Evening,6.24,2,6.29,9.56,8.77,119.02,142.41,No
T01188,Material Loading,LDR003,Loader,8,OP001,Beginner,0,Sunny,27.90,48.69,6.90,Flat,Sand,9.66,370.93,Afternoon,4.60,0,0.00,11.16,2.43,30.00,48.40,No
T01189,Grading,CRN002,Crane,6,OP008,Beginner,0,Sunny,32.90,62.58,12.20,Flat,Concrete,9.68,296.89,Evening,1.43,1,0.00,14.19,3.29,35.00,50.46,No
T01190,Compacting,CRN001,Crane,3,OP017,Intermediate,6,Sunny,20.32,53.55,10.99,Muddy,Rock,14.52,90.99,Night,5.38,0,6.06,10.98,4.87,66.00,80.91,No
T01191,Compacting,BLD002,Bulldozer,5,OP016,Expert,10,Sunny,23.50,40.37,5.96,Hilly,Debris,28.06,305.25,Night,4.21,2,2.96,4.25,3.00,63.25,54.56,No
T01192,Lifting,LDR001,Loader,1,OP007,Intermediate,3,Cloudy,21.50,39.25,12.84,Sandy,Sand,10.20,466.29,Evening,0.10,3,0.00,0.11,2.52,46.20,43.20,No
T01193,Grading,CRN001,Crane,3,OP019,Intermediate,6,Snowy,-1.70,29.52,7.45,Rocky,Soil,14.65,198.73,Afternoon,8.49,1,1.17,8.39,3.37,52.32,68.84,No
T01194,Digging,DMP002,DumpTruck,5,OP002,Expert,10,Snowy,1.16,48.93,12.04,Muddy,Concrete,25.18,415.58,Night,8.01,1,11.96,2.62,4.21,78.00,72.36,No
T01195,Grading,LDR003,Loader,8,OP008,Beginner,0,Cloudy,7.54,46.18,10.20,Hilly,Sand,26.15,151.64,Night,3.76,2,7.88,13.91,4.38,42.26,58.92,No
T01196,Material Loading,CRN002,Crane,6,OP007,Intermediate,3,Snowy,-7.38,43.13,10.05,Muddy,Rock,28.26,247.60,Evening,7.28,3,0.00,6.06,4.62,46.80,68.79,No
T01197,Demolition,DMP002,DumpTruck,5,OP009,Beginner,2,Sunny,17.96,48.70,18.68,Muddy,Rock,30.95,423.45,Morning,2.86,3,0.36,6.60,8.31,108.00,144.22,No
T01198,Material Loading,BLD002,Bulldozer,5,OP008,Beginner,0,Foggy,21.78,59.92,15.98,Hilly,Rock,11.58,469.97,Afternoon,3.07,3,4.97,6.30,3.20,41.40,59.53,No
T01199,Compacting,EXC003,Excavator,5,OP003,Beginner,2,Cloudy,17.96,37.92,19.45,Sandy,Sand,51.93,100.04,Afternoon,3.49,0,15.20,10.87,5.32,63.53,96.60,No
T01200,Grading,BLD003,Bulldozer,5,OP001,Beginner,0,Cloudy,19.79,54.36,2.12,Sandy,Soil,33.75,467.42,Night,9.54,3,6.32,4.10,4.16,40.43,70.22,No
T01201,Digging,LDR002,Loader,4,OP014,Beginner,2,Sunny,18.14,53.06,17.26,Sandy,Soil,36.68,306.03,Morning,7.73,3,8.63,7.83,4.59,55.00,80.18,No
T01202,Demolition,GRD001,Grader,6,OP011,Intermediate,3,Cloudy,7.91,60.90,14.92,Rocky,Concrete,8.89,144.21,Evening,2.63,1,0.00,2.07,7.58,108.67,128.74,No
T01203,Lifting,GRD001,Grader,6,OP020,Intermediate,6,Cloudy,5.99,56.46,7.13,Flat,Concrete,42.66,53.80,Night,2.25,0,9.98,1.39,2.25,42.00,44.23,Yes
T01204,Grading,GRD001,Grader,6,OP016,Expert,10,Rainy,16.41,63.03,11.52,Rocky,Sand,48.36,102.35,Morning,3.32,2,6.16,14.01,2.87,46.29,53.06,No
T01205,Grading,LDR003,Loader,8,OP005,Intermediate,3,Sunny,26.56,38.92,5.66,Flat,Rock,42.43,252.54,Evening,8.04,1,0.63,3.51,3.56,35.00,53.04,No
T01206,Digging,LDR001,Loader,1,OP020,Intermediate,6,Sunny,21.73,45.74,14.18,Flat,Rock,40.80,497.84,Morning,3.84,0,12.74,8.79,2.83,50.00,58.22,No
T01207,Grading,GRD002,Grader,6,OP009,Beginner,2,Cloudy,24.83,57.53,13.84,Muddy,Sand,30.33,125.39,Evening,1.20,2,8.63,15.60,3.95,44.10,65.25,No
T01208,Trenching,DMP002,DumpTruck,5,OP010,Beginner,0,Rainy,13.09,78.09,1.76,Rocky,Soil,17.16,152.73,Afternoon,2.57,2,0.00,10.93,5.15,59.51,88.45,No
T01209,Trenching,DMP002,DumpTruck,5,OP011,Intermediate,3,Sunny,16.13,55.35,16.09,Flat,Debris,12.97,395.77,Night,9.36,1,13.06,9.27,3.29,45.00,64.72,No
T01210,Demolition,EXC001,Excavator,7,OP012,Beginner,2,Sunny,25.59,52.42,17.45,Rocky,Rock,42.02,384.80,Night,3.00,2,8.12,6.72,8.94,103.50,141.75,Yes
T01211,Demolition,BLD001,Bulldozer,2,OP018,Intermediate,4,Windy,23.53,50.87,43.05,Flat,Debris,56.73,206.07,Night,3.38,3,10.54,2.51,6.07,99.00,110.68,No
T01212,Earth Excavation,DMP001,DumpTruck,6,OP002,Expert,10,Cloudy,24.57,36.57,7.85,Flat,Concrete,18.32,383.16,Morning,9.56,2,3.58,11.88,4.79,63.00,80.56,No
T01213,Lifting,EXC003,Excavator,5,OP012,Beginner,2,Cloudy,23.30,67.84,20.70,Flat,Debris,56.35,159.12,Afternoon,3.79,0,2.66,11.03,4.32,42.00,65.67,Yes
T01214,Compacting,EXC003,Excavator,5,OP014,Beginner,2,Sunny,27.41,57.41,4.70,Muddy,Concrete,53.57,390.54,Afternoon,9.52,0,18.34,12.09,5.98,66.00,105.50,No
T01215,Grading,GRD002,Grader,6,OP006,Intermediate,6,Sunny,10.29,43.72,1.34,Flat,Debris,10.15,330.94,Afternoon,0.76,3,0.00,6.63,2.71,35.00,44.32,No
T01216,Grading,GRD002,Grader,6,OP018,Intermediate,4,Sunny,21.25,52.62,0.00,Sandy,Sand,16.30,331.00,Morning,7.12,1,6.80,3.22,3.47,38.50,59.76,No
T01217,Demolition,DMP001,DumpTruck,6,OP008,Beginner,0,Cloudy,21.20,66.90,13.35,Rocky,Sand,46.06,149.34,Morning,2.02,2,7.64,12.17,9.69,108.67,153.49,No
T01218,Demolition,EXC001,Excavator,7,OP002,Expert,10,Sunny,25.81,43.91,10.67,Hilly,Concrete,25.18,146.17,Afternoon,8.63,1,1.98,2.60,7.74,103.50,117.21,No
T01219,Earth Excavation,LDR003,Loader,8,OP016,Expert,10,Sunny,21.86,44.07,5.05,Flat,Sand,55.79,393.98,Evening,2.90,0,11.42,0.00,3.73,60.00,62.75,No
T01220,Lifting,GRD002,Grader,6,OP014,Beginner,2,Sunny,11.99,45.42,5.83,Rocky,Soil,6.07,62.20,Night,5.60,1,14.69,14.03,4.36,46.00,74.95,No
T01221,Digging,EXC003,Excavator,5,OP007,Intermediate,3,Sunny,17.69,50.27,0.00,Sandy,Sand,44.46,56.64,Afternoon,1.81,1,8.67,4.89,3.74,55.00,63.89,No
T01222,Lifting,EXC002,Excavator,2,OP002,Expert,10,Sunny,30.29,21.66,16.28,Flat,Rock,59.88,60.84,Evening,7.55,3,9.64,1.39,2.53,40.00,46.00,No
T01223,Lifting,CRN002,Crane,6,OP014,Beginner,2,Sunny,16.32,33.70,0.00,Hilly,Debris,59.88,49.83,Night,0.11,1,0.00,6.15,3.57,46.00,61.39,Yes
T01224,Digging,EXC002,Excavator,2,OP008,Beginner,0,Cloudy,13.94,42.26,13.55,Rocky,Concrete,23.10,203.94,Morning,4.30,3,1.65,2.22,4.51,60.37,84.98,No
T01225,Earth Excavation,EXC003,Excavator,5,OP001,Beginner,0,Snowy,6.89,52.92,11.14,Hilly,Rock,30.84,238.09,Morning,1.66,1,6.90,11.55,7.13,89.70,127.75,No
T01226,Digging,GRD001,Grader,6,OP009,Beginner,2,Cloudy,22.63,20.78,8.37,Hilly,Debris,32.10,199.18,Night,6.68,0,6.12,11.59,6.06,60.37,96.63,No
T01227,Trenching,LDR002,Loader,4,OP019,Intermediate,6,Sunny,24.96,65.22,10.37,Muddy,Rock,40.88,53.87,Night,1.70,3,14.70,4.99,3.44,54.00,60.39,No
T01228,Digging,LDR003,Loader,8,OP016,Expert,10,Sunny,14.19,47.59,7.21,Muddy,Soil,54.19,297.47,Morning,9.33,0,12.06,7.14,4.68,60.00,81.75,Yes
T01229,Earth Excavation,BLD001,Bulldozer,2,OP008,Beginner,0,Sunny,19.91,66.35,0.00,Rocky,Sand,42.61,345.42,Evening,3.38,1,0.00,13.57,4.98,69.00,99.48,No
T01230,Digging,DMP001,DumpTruck,6,OP020,Intermediate,6,Sunny,22.93,55.51,0.00,Hilly,Sand,24.74,452.79,Morning,4.36,1,16.20,8.66,3.99,57.50,68.79,No
T01231,Grading,BLD001,Bulldozer,2,OP002,Expert,10,Snowy,9.43,42.68,11.51,Muddy,Rock,14.26,353.22,Evening,7.97,1,3.61,4.32,3.31,54.60,62.09,No
T01232,Trenching,BLD003,Bulldozer,5,OP006,Intermediate,6,Sunny,14.51,61.33,9.05,Hilly,Concrete,17.61,184.64,Evening,2.86,3,7.34,11.18,3.71,51.75,63.44,No
T01233,Earth Excavation,GRD002,Grader,6,OP008,Beginner,0,Foggy,23.65,53.00,12.45,Rocky,Rock,49.18,485.44,Night,8.27,0,11.41,15.92,7.46,82.80,126.16,No
T01234,Compacting,EXC003,Excavator,5,OP003,Beginner,2,Sunny,16.33,58.80,0.00,Muddy,Concrete,40.41,343.42,Morning,7.19,2,8.49,9.94,5.63,66.00,97.43,No
T01235,Trenching,EXC001,Excavator,7,OP006,Intermediate,6,Cloudy,20.54,34.35,14.89,Muddy,Concrete,47.74,222.21,Morning,8.94,2,9.98,10.13,4.81,56.70,79.63,No
T01236,Material Loading,DMP002,DumpTruck,5,OP020,Intermediate,6,Rainy,24.71,78.25,4.08,Hilly,Debris,21.34,290.58,Afternoon,5.30,3,1.20,1.84,3.44,39.67,52.47,No
T01237,Lifting,BLD001,Bulldozer,2,OP011,Intermediate,3,Sunny,14.14,45.93,5.66,Muddy,Concrete,25.87,174.87,Night,3.10,3,3.80,9.81,2.51,48.00,52.60,No
T01238,Lifting,EXC001,Excavator,7,OP006,Intermediate,6,Cloudy,9.90,71.65,14.60,Sandy,Sand,32.06,112.58,Evening,4.46,2,7.24,3.48,3.64,46.20,60.12,No
T01239,Compacting,LDR002,Loader,4,OP001,Beginner,0,Foggy,11.74,48.02,13.65,Hilly,Soil,44.07,401.90,Evening,5.61,0,12.82,18.88,5.90,75.90,108.52,No
T01240,Grading,BLD003,Bulldozer,5,OP017,Intermediate,6,Sunny,18.58,46.79,6.52,Sandy,Concrete,36.76,333.73,Morning,9.01,3,0.00,12.56,3.57,38.50,58.78,No
T01241,Earth Excavation,CRN001,Crane,3,OP019,Intermediate,6,Cloudy,19.41,25.98,13.84,Muddy,Concrete,48.59,480.73,Evening,4.05,0,12.78,3.64,4.44,75.60,85.58,No
T01242,Demolition,BLD002,Bulldozer,5,OP017,Intermediate,6,Cloudy,24.54,39.51,6.32,Rocky,Sand,8.01,100.81,Morning,8.46,1,0.22,4.45,8.26,108.67,138.11,No
T01243,Compacting,DMP001,DumpTruck,6,OP001,Beginner,0,Sunny,28.00,50.90,10.34,Muddy,Rock,57.58,109.83,Morning,1.21,1,5.39,13.18,5.03,66.00,94.41,No
T01244,Trenching,LDR003,Loader,8,OP005,Intermediate,3,Windy,13.05,58.42,29.03,Rocky,Debris,36.10,206.38,Night,0.97,0,0.00,0.00,4.50,56.93,68.15,No
T01245,Lifting,CRN002,Crane,6,OP015,Expert,9,Rainy,11.24,95.57,9.02,Sandy,Debris,18.53,402.17,Afternoon,2.52,3,0.00,9.27,3.14,50.60,52.69,No
T01246,Trenching,DMP002,DumpTruck,5,OP016,Expert,10,Foggy,18.69,48.39,11.96,Hilly,Soil,19.27,137.97,Evening,2.28,0,1.32,10.21,3.08,62.10,56.12,No
T01247,Material Loading,DMP001,DumpTruck,6,OP015,Expert,9,Sunny,24.35,35.34,19.89,Hilly,Rock,37.58,481.42,Night,1.36,2,2.65,10.28,2.16,34.50,34.19,No
T01248,Earth Excavation,LDR001,Loader,1,OP020,Intermediate,6,Sunny,32.95,57.78,6.13,Flat,Concrete,59.19,209.88,Afternoon,0.94,3,6.43,10.68,3.33,60.00,64.37,No
T01249,Compacting,LDR003,Loader,8,OP019,Intermediate,6,Windy,7.93,35.09,31.11,Hilly,Concrete,18.37,97.37,Evening,8.19,2,10.73,6.64,5.73,69.58,96.47,No
T01250,Trenching,LDR003,Loader,8,OP018,Intermediate,4,Sunny,18.04,63.46,12.52,Muddy,Soil,30.07,48.09,Afternoon,4.12,0,1.71,5.69,4.59,54.00,67.26,No
T01251,Grading,EXC003,Excavator,5,OP019,Intermediate,6,Sunny,15.79,58.88,11.76,Muddy,Sand,21.60,348.20,Evening,1.95,3,0.00,0.00,3.26,42.00,47.58,No
T01252,Trenching,BLD001,Bulldozer,2,OP019,Intermediate,6,Sunny,29.02,52.92,0.00,Rocky,Soil,43.73,200.44,Evening,4.05,2,0.00,13.03,4.07,51.75,63.71,No
T01253,Trenching,BLD002,Bulldozer,5,OP017,Intermediate,6,Cloudy,3.01,63.51,15.72,Sandy,Soil,29.66,112.63,Evening,2.55,0,0.67,6.09,3.46,51.98,62.25,No
T01254,Material Loading,CRN002,Crane,6,OP006,Intermediate,6,Cloudy,18.45,72.39,3.77,Rocky,Sand,33.59,172.86,Night,4.79,1,0.73,11.17,2.38,36.22,45.45,No
T01255,Earth Excavation,CRN002,Crane,6,OP007,Intermediate,3,Sunny,18.04,59.13,21.61,Sandy,Soil,33.58,149.18,Night,6.97,1,16.08,5.85,5.07,66.00,83.02,No
T01256,Earth Excavation,EXC002,Excavator,2,OP007,Intermediate,3,Sunny,21.04,43.41,5.72,Sandy,Rock,58.85,385.44,Night,9.29,0,10.16,7.21,4.75,66.00,83.98,No
T01257,Material Loading,EXC003,Excavator,5,OP015,Expert,9,Sunny,17.99,66.69,10.77,Muddy,Debris,27.11,316.07,Morning,9.45,1,10.20,8.75,2.80,36.00,47.05,No
T01258,Compacting,BLD001,Bulldozer,2,OP002,Expert,10,Rainy,31.06,99.83,0.00,Sandy,Rock,14.07,178.49,Evening,1.03,1,2.64,8.04,3.06,69.58,54.75,No
T01259,Lifting,BLD003,Bulldozer,5,OP012,Beginner,2,Snowy,3.48,58.80,4.76,Sandy,Concrete,58.99,381.84,Afternoon,7.66,0,7.25,9.80,5.17,57.20,88.66,No
T01260,Grading,CRN001,Crane,3,OP008,Beginner,0,Sunny,28.21,48.89,9.12,Sandy,Soil,24.72,362.46,Night,1.26,2,4.14,6.69,3.08,38.50,51.40,No
T01261,Demolition,CRN002,Crane,6,OP013,Intermediate,3,Sunny,18.88,32.71,3.05,Sandy,Rock,14.05,447.41,Evening,7.81,0,16.73,12.84,7.58,99.00,126.81,No
T01262,Compacting,EXC003,Excavator,5,OP015,Expert,9,Cloudy,8.14,53.60,14.95,Hilly,Rock,50.66,416.13,Afternoon,0.98,1,1.80,4.05,3.92,66.41,63.60,No
T01263,Lifting,EXC001,Excavator,7,OP013,Intermediate,3,Windy,19.94,61.11,36.01,Muddy,Sand,12.65,330.33,Afternoon,7.23,1,0.00,11.77,4.08,52.80,70.32,No
T01264,Earth Excavation,EXC002,Excavator,2,OP006,Intermediate,6,Sunny,28.44,44.10,8.95,Flat,Concrete,30.22,304.43,Night,1.06,0,0.00,7.64,3.50,60.00,72.29,No
T01265,Lifting,BLD001,Bulldozer,2,OP013,Intermediate,3,Rainy,16.24,88.54,3.98,Flat,Sand,56.10,60.52,Evening,9.32,0,5.44,10.16,3.04,46.00,58.97,No
T01266,Demolition,EXC001,Excavator,7,OP016,Expert,10,Sunny,20.24,51.84,14.24,Rocky,Concrete,14.46,494.22,Morning,9.52,0,15.17,11.18,5.78,103.50,97.77,No
T01267,Compacting,LDR001,Loader,1,OP014,Beginner,2,Windy,5.89,60.36,26.86,Flat,Rock,23.91,424.53,Night,3.61,0,12.50,10.24,4.27,60.50,79.86,No
T01268,Compacting,EXC002,Excavator,2,OP018,Intermediate,4,Rainy,9.01,84.40,8.79,Sandy,Sand,28.91,417.28,Afternoon,4.31,3,13.72,5.45,4.50,69.58,83.22,No
T01269,Trenching,BLD002,Bulldozer,5,OP008,Beginner,0,Windy,17.20,62.65,31.62,Rocky,Concrete,44.98,71.23,Night,7.19,2,2.76,0.02,4.96,56.93,88.12,No
T01270,Demolition,BLD003,Bulldozer,5,OP016,Expert,10,Cloudy,23.32,35.83,7.85,Muddy,Rock,47.80,251.59,Night,0.21,2,12.81,0.00,5.99,113.40,103.92,No
T01271,Trenching,CRN002,Crane,6,OP016,Expert,10,Foggy,17.54,73.51,10.16,Hilly,Concrete,29.61,185.54,Afternoon,7.41,0,5.43,6.97,4.33,62.10,70.88,No
T01272,Earth Excavation,BLD002,Bulldozer,5,OP006,Intermediate,6,Sunny,24.21,52.09,15.12,Muddy,Debris,42.37,336.53,Morning,2.36,0,0.00,7.22,4.93,72.00,80.68,No
T01273,Lifting,EXC002,Excavator,2,OP017,Intermediate,6,Windy,26.59,46.86,49.47,Hilly,Concrete,49.08,300.08,Evening,5.08,3,0.00,9.06,3.48,50.60,59.55,No
T01274,Compacting,EXC002,Excavator,2,OP020,Intermediate,6,Foggy,25.18,58.31,9.37,Hilly,Concrete,5.88,96.53,Night,2.51,3,9.03,2.32,4.04,75.90,80.28,No
T01275,Trenching,BLD002,Bulldozer,5,OP011,Intermediate,3,Foggy,25.78,52.78,8.19,Rocky,Concrete,45.51,174.16,Morning,6.70,1,7.29,8.25,4.94,62.10,76.81,No
T01276,Demolition,GRD002,Grader,6,OP019,Intermediate,6,Cloudy,22.76,59.40,7.08,Sandy,Concrete,28.21,124.16,Night,1.42,3,2.71,7.80,7.06,103.95,121.75,No
T01277,Compacting,DMP002,DumpTruck,5,OP009,Beginner,2,Cloudy,13.53,47.10,1.31,Hilly,Debris,15.66,443.21,Evening,7.85,1,8.09,17.13,5.91,66.41,98.67,No
T01278,Digging,EXC001,Excavator,7,OP016,Expert,10,Rainy,15.16,81.47,18.02,Hilly,Rock,39.65,217.76,Night,9.61,2,3.27,5.29,4.77,66.12,83.72,No
T01279,Compacting,LDR001,Loader,1,OP004,Beginner,1,Sunny,24.78,50.55,16.12,Rocky,Soil,42.59,357.78,Night,8.28,2,9.16,4.66,5.10,63.25,95.43,No
T01280,Material Loading,LDR003,Loader,8,OP019,Intermediate,6,Sunny,32.25,59.89,8.16,Sandy,Rock,8.09,178.34,Evening,2.95,2,3.57,3.51,2.61,33.00,41.16,No
T01281,Grading,BLD002,Bulldozer,5,OP019,Intermediate,6,Foggy,22.12,44.54,11.24,Hilly,Concrete,22.26,116.92,Afternoon,1.78,0,1.74,7.64,3.14,48.30,55.85,No
T01282,Digging,BLD002,Bulldozer,5,OP017,Intermediate,6,Foggy,9.43,60.54,13.97,Sandy,Sand,7.26,309.82,Night,8.20,2,0.10,4.87,5.16,66.00,84.94,No
T01283,Grading,BLD002,Bulldozer,5,OP018,Intermediate,4,Foggy,17.45,38.10,13.93,Sandy,Debris,41.78,358.55,Night,6.60,1,10.01,8.31,3.03,46.20,54.39,No
T01284,Lifting,CRN001,Crane,3,OP009,Beginner,2,Sunny,24.14,59.85,12.70,Sandy,Soil,21.89,60.25,Night,2.63,3,3.83,13.70,3.23,44.00,58.35,No
T01285,Material Loading,CRN002,Crane,6,OP013,Intermediate,3,Rainy,20.74,90.49,9.91,Flat,Sand,10.45,79.60,Morning,4.89,2,10.65,10.23,2.44,34.50,47.03,No
T01286,Trenching,CRN001,Crane,3,OP007,Intermediate,3,Foggy,10.54,49.58,8.67,Flat,Sand,22.17,496.14,Night,3.35,1,3.65,3.20,3.46,54.00,68.05,No
T01287,Compacting,BLD001,Bulldozer,2,OP007,Intermediate,3,Rainy,25.96,64.06,7.44,Sandy,Soil,39.57,214.56,Evening,0.88,3,3.12,6.28,3.82,69.58,76.56,No
T01288,Digging,BLD003,Bulldozer,5,OP007,Intermediate,3,Rainy,19.66,56.87,10.46,Muddy,Rock,49.84,447.22,Afternoon,0.72,2,0.00,14.65,4.34,69.00,81.54,No
T01289,Digging,GRD001,Grader,6,OP005,Intermediate,3,Sunny,17.29,29.37,7.55,Flat,Concrete,47.69,22.69,Afternoon,2.62,1,12.52,11.20,3.26,50.00,56.50,No
T01290,Material Loading,EXC002,Excavator,2,OP010,Beginner,0,Windy,16.02,50.49,27.34,Hilly,Concrete,35.90,472.94,Night,2.50,2,1.23,8.58,2.44,37.95,51.30,No
T01291,Digging,DMP001,DumpTruck,6,OP006,Intermediate,6,Sunny,23.01,35.10,10.64,Rocky,Debris,9.54,186.98,Night,2.53,0,3.50,10.30,3.95,57.50,65.94,No
T01292,Grading,LDR002,Loader,4,OP018,Intermediate,4,Cloudy,20.61,47.51,16.45,Rocky,Debris,25.10,365.64,Morning,0.75,0,0.41,7.56,2.70,42.26,44.61,No
T01293,Grading,LDR001,Loader,1,OP020,Intermediate,6,Sunny,21.63,50.93,8.72,Hilly,Debris,45.43,293.86,Night,1.26,3,16.17,4.06,2.11,40.25,44.92,No
T01294,Earth Excavation,BLD003,Bulldozer,5,OP014,Beginner,2,Sunny,22.30,53.12,2.91,Flat,Rock,17.78,285.38,Evening,1.28,3,3.54,8.90,5.40,60.00,85.98,No
T01295,Earth Excavation,LDR001,Loader,1,OP016,Expert,10,Sunny,31.59,46.72,13.65,Flat,Soil,24.62,58.02,Evening,6.65,3,4.36,2.86,3.86,60.00,65.73,No
T01296,Grading,EXC003,Excavator,5,OP015,Expert,9,Sunny,21.55,57.94,19.23,Flat,Soil,59.77,110.54,Night,1.33,3,2.95,8.46,2.10,35.00,39.44,No
T01297,Earth Excavation,BLD001,Bulldozer,2,OP001,Beginner,0,Rainy,15.12,63.01,15.89,Hilly,Concrete,11.30,82.82,Night,7.59,0,9.34,11.81,6.01,79.35,114.07,No
T01298,Grading,BLD001,Bulldozer,2,OP007,Intermediate,3,Cloudy,27.50,63.59,16.87,Hilly,Sand,45.63,260.19,Evening,0.35,1,12.61,5.05,2.24,42.26,40.71,No
T01299,Grading,EXC002,Excavator,2,OP010,Beginner,0,Foggy,15.79,42.41,17.56,Hilly,Concrete,12.99,231.26,Night,7.21,1,1.42,8.06,3.49,48.30,74.23,No
T01300,Trenching,EXC003,Excavator,5,OP004,Beginner,1,Snowy,19.29,40.35,14.77,Muddy,Soil,55.79,33.96,Afternoon,1.69,1,3.01,13.79,5.34,70.20,98.34,No
T01301,Grading,CRN001,Crane,3,OP020,Intermediate,6,Windy,22.39,51.06,24.44,Hilly,Concrete,26.44,499.17,Morning,1.37,3,8.60,9.97,3.18,44.27,51.17,No
T01302,Earth Excavation,DMP002,DumpTruck,5,OP006,Intermediate,6,Cloudy,3.23,73.34,10.89,Flat,Sand,34.83,175.55,Afternoon,4.19,1,9.59,6.83,4.17,63.00,74.64,No
T01303,Digging,LDR003,Loader,8,OP008,Beginner,0,Rainy,18.73,87.14,12.27,Sandy,Concrete,15.14,159.30,Afternoon,6.86,1,0.00,10.05,5.67,63.25,99.67,No
T01304,Material Loading,CRN001,Crane,3,OP008,Beginner,0,Cloudy,23.09,52.41,11.41,Sandy,Sand,35.15,107.89,Afternoon,1.84,0,0.00,14.05,2.64,34.65,46.70,No
T01305,Grading,EXC002,Excavator,2,OP016,Expert,10,Cloudy,7.23,75.20,19.95,Muddy,Rock,8.04,52.43,Afternoon,3.06,3,1.55,6.89,2.01,44.10,44.34,No
T01306,Material Loading,BLD001,Bulldozer,2,OP011,Intermediate,3,Rainy,18.94,56.97,1.75,Muddy,Soil,27.49,277.45,Morning,7.82,1,14.86,12.29,2.47,41.40,48.79,No
T01307,Grading,CRN002,Crane,6,OP007,Intermediate,3,Cloudy,14.18,52.77,13.23,Flat,Concrete,6.02,271.61,Morning,0.84,0,8.22,7.20,2.91,36.75,41.72,No
T01308,Grading,EXC003,Excavator,5,OP009,Beginner,2,Sunny,22.16,26.99,3.93,Rocky,Debris,59.91,205.52,Night,7.66,3,11.46,11.06,3.43,40.25,65.78,No
T01309,Material Loading,BLD003,Bulldozer,5,OP004,Beginner,1,Windy,26.10,67.73,37.13,Rocky,Rock,43.34,231.84,Evening,2.96,1,6.91,20.57,3.08,37.95,52.98,Yes
T01310,Demolition,EXC002,Excavator,2,OP016,Expert,10,Rainy,8.73,79.84,0.00,Muddy,Sand,40.92,179.31,Afternoon,1.85,3,13.07,11.69,5.70,124.20,116.86,No
T01311,Trenching,BLD001,Bulldozer,2,OP012,Beginner,2,Cloudy,23.66,32.75,18.27,Muddy,Debris,41.02,490.64,Afternoon,3.38,2,1.07,11.66,4.63,56.70,81.18,No
T01312,Earth Excavation,DMP002,DumpTruck,5,OP013,Intermediate,3,Sunny,26.19,28.41,13.33,Muddy,Debris,47.65,23.34,Evening,8.13,2,2.19,9.78,5.40,72.00,96.19,No
T01313,Demolition,EXC001,Excavator,7,OP019,Intermediate,6,Snowy,8.89,60.80,10.63,Flat,Sand,49.44,328.79,Morning,1.36,1,3.34,3.50,7.57,117.00,124.29,No
T01314,Demolition,DMP002,DumpTruck,5,OP011,Intermediate,3,Sunny,26.40,34.04,7.91,Flat,Debris,46.24,72.41,Afternoon,0.80,3,11.88,10.29,6.11,90.00,108.84,Yes
T01315,Lifting,BLD002,Bulldozer,5,OP013,Intermediate,3,Rainy,17.23,75.13,17.67,Muddy,Sand,27.77,130.37,Evening,2.71,3,8.32,4.99,3.81,55.20,63.72,No
T01316,Grading,LDR001,Loader,1,OP020,Intermediate,6,Cloudy,16.59,44.67,9.20,Sandy,Rock,5.70,291.84,Night,7.63,1,11.07,9.50,3.06,40.43,54.89,No
T01317,Trenching,CRN002,Crane,6,OP008,Beginner,0,Rainy,13.88,100.00,13.18,Muddy,Sand,45.71,297.54,Evening,5.28,1,19.30,10.88,5.73,62.10,95.89,No
T01318,Trenching,GRD001,Grader,6,OP006,Intermediate,6,Foggy,21.32,40.97,7.83,Hilly,Concrete,22.06,340.99,Evening,6.40,1,8.21,12.39,4.85,62.10,82.82,No
T01319,Material Loading,CRN002,Crane,6,OP011,Intermediate,3,Cloudy,21.51,42.83,7.59,Muddy,Concrete,32.11,112.74,Evening,2.14,2,7.06,4.74,3.11,37.80,44.38,No
T01320,Material Loading,CRN001,Crane,3,OP001,Beginner,0,Rainy,10.80,88.81,19.99,Hilly,Concrete,54.59,404.54,Afternoon,7.33,2,0.00,12.03,2.93,39.67,61.08,No
T01321,Material Loading,BLD003,Bulldozer,5,OP003,Beginner,2,Rainy,27.12,81.65,0.00,Sandy,Rock,7.63,142.71,Afternoon,9.80,0,2.28,15.33,3.75,37.95,65.20,No
T01322,Grading,BLD002,Bulldozer,5,OP014,Beginner,2,Windy,16.92,57.68,36.42,Rocky,Concrete,52.89,112.89,Night,1.22,3,12.33,5.38,3.65,44.27,60.24,No
T01323,Trenching,DMP001,DumpTruck,6,OP020,Intermediate,6,Sunny,19.03,50.89,0.59,Flat,Soil,59.33,389.71,Evening,6.53,1,10.09,6.59,3.45,45.00,62.29,No
T01324,Compacting,BLD003,Bulldozer,5,OP012,Beginner,2,Cloudy,19.78,66.74,8.77,Hilly,Rock,33.41,205.21,Morning,8.16,2,0.88,16.52,6.38,66.41,106.05,No
T01325,Earth Excavation,BLD002,Bulldozer,5,OP006,Intermediate,6,Cloudy,11.14,54.91,4.26,Rocky,Concrete,5.29,453.40,Evening,1.35,1,2.43,8.03,4.82,72.45,87.04,No
T01326,Material Loading,EXC003,Excavator,5,OP017,Intermediate,6,Cloudy,10.08,47.54,6.47,Flat,Soil,35.70,470.39,Afternoon,2.04,2,5.78,4.79,2.56,31.50,40.34,No
T01327,Demolition,LDR002,Loader,4,OP003,Beginner,2,Rainy,14.33,76.81,5.55,Hilly,Soil,13.53,227.64,Evening,8.94,1,1.28,12.68,9.18,119.02,164.24,No
T01328,Compacting,CRN001,Crane,3,OP018,Intermediate,4,Sunny,24.91,20.98,0.71,Flat,Debris,5.45,31.12,Morning,3.15,3,4.59,13.21,3.81,55.00,68.72,No
T01329,Lifting,GRD001,Grader,6,OP019,Intermediate,6,Sunny,24.86,41.76,0.00,Muddy,Concrete,10.92,268.34,Evening,8.38,1,4.45,1.75,3.83,48.00,66.18,No
T01330,Trenching,GRD002,Grader,6,OP004,Beginner,1,Rainy,8.06,60.42,9.98,Muddy,Sand,38.42,457.47,Evening,4.59,3,4.66,8.42,5.82,62.10,94.40,No
T01331,Grading,BLD003,Bulldozer,5,OP012,Beginner,2,Sunny,20.88,46.18,12.77,Hilly,Concrete,51.79,119.41,Morning,6.97,0,0.00,12.64,3.75,40.25,64.45,No
T01332,Digging,LDR002,Loader,4,OP018,Intermediate,4,Sunny,15.93,44.95,15.79,Sandy,Soil,16.46,161.96,Night,5.70,1,1.86,7.69,3.72,55.00,69.66,No
T01333,Grading,BLD001,Bulldozer,2,OP012,Beginner,2,Cloudy,16.17,44.02,6.34,Rocky,Concrete,23.76,404.92,Night,7.61,3,5.27,16.28,3.72,42.26,68.90,No
T01334,Lifting,LDR003,Loader,8,OP013,Intermediate,3,Sunny,24.92,37.10,10.53,Muddy,Concrete,12.47,332.05,Morning,0.79,0,0.00,6.63,3.51,48.00,57.53,No
T01335,Earth Excavation,EXC002,Excavator,2,OP018,Intermediate,4,Cloudy,18.23,55.47,0.00,Rocky,Concrete,30.89,64.25,Morning,1.73,1,16.52,9.03,3.92,72.45,71.73,Yes
T01336,Earth Excavation,EXC002,Excavator,2,OP016,Expert,10,Cloudy,33.05,80.55,9.79,Hilly,Concrete,51.64,91.23,Afternoon,0.99,1,0.00,6.42,4.18,72.45,70.28,No
T01337,Material Loading,CRN001,Crane,3,OP018,Intermediate,4,Cloudy,21.59,42.82,15.31,Sandy,Rock,56.14,228.12,Evening,1.05,3,12.17,4.90,2.80,34.65,43.16,No
T01338,Lifting,DMP002,DumpTruck,5,OP017,Intermediate,6,Cloudy,17.56,63.25,17.81,Sandy,Soil,41.46,420.55,Afternoon,7.88,0,1.62,0.00,4.03,46.20,63.95,No
T01339,Compacting,LDR003,Loader,8,OP018,Intermediate,4,Sunny,31.70,31.54,6.12,Muddy,Concrete,7.49,194.96,Evening,6.84,2,0.78,0.00,5.60,66.00,84.71,No
T01340,Digging,LDR001,Loader,1,OP013,Intermediate,3,Sunny,17.35,59.98,8.98,Rocky,Debris,52.68,297.22,Morning,7.56,0,0.58,9.76,3.43,57.50,66.14,Yes
T01341,Grading,BLD002,Bulldozer,5,OP015,Expert,9,Sunny,9.34,26.53,7.74,Rocky,Debris,15.71,133.91,Night,1.97,2,5.65,9.93,2.81,40.25,44.56,No
T01342,Demolition,EXC002,Excavator,2,OP010,Beginner,0,Windy,24.44,47.86,35.70,Flat,Concrete,19.28,209.77,Night,8.23,2,4.63,7.04,6.65,99.00,128.57,No
T01343,Compacting,DMP001,DumpTruck,6,OP018,Intermediate,4,Windy,19.82,35.07,32.05,Muddy,Soil,16.31,188.68,Evening,7.66,3,2.66,9.84,6.11,72.60,103.31,No
T01344,Demolition,CRN002,Crane,6,OP013,Intermediate,3,Windy,8.58,63.83,36.14,Hilly,Debris,45.06,96.31,Morning,6.88,2,0.00,8.61,7.53,113.85,128.27,Yes
T01345,Trenching,GRD001,Grader,6,OP017,Intermediate,6,Cloudy,16.21,50.33,0.00,Hilly,Soil,13.69,291.03,Morning,4.83,1,9.48,2.18,3.69,54.34,64.18,No
T01346,Material Loading,BLD003,Bulldozer,5,OP016,Expert,10,Snowy,13.00,69.90,1.11,Sandy,Debris,55.83,36.22,Night,4.31,1,6.87,0.47,2.40,42.90,40.85,No
T01347,Earth Excavation,GRD002,Grader,6,OP011,Intermediate,3,Sunny,31.27,47.92,5.41,Rocky,Concrete,29.40,427.56,Evening,2.88,3,0.00,2.50,5.00,69.00,84.47,No
T01348,Compacting,GRD002,Grader,6,OP010,Beginner,0,Cloudy,11.72,61.74,6.61,Rocky,Soil,10.69,156.64,Night,0.29,2,2.13,12.98,5.44,66.41,94.36,No
T01349,Digging,DMP001,DumpTruck,6,OP015,Expert,9,Sunny,20.21,45.39,11.52,Flat,Sand,41.47,66.92,Evening,0.46,3,0.00,5.37,2.92,50.00,49.58,No
T01350,Material Loading,EXC001,Excavator,7,OP009,Beginner,2,Windy,10.60,59.94,41.69,Hilly,Rock,36.47,442.76,Afternoon,9.09,0,11.05,12.07,4.24,37.95,70.37,No
T01351,Grading,EXC001,Excavator,7,OP017,Intermediate,6,Sunny,24.94,62.91,2.87,Rocky,Debris,5.02,71.75,Afternoon,4.06,2,0.20,11.74,2.84,40.25,55.94,No
T01352,Trenching,LDR003,Loader,8,OP010,Beginner,0,Cloudy,18.42,33.64,8.44,Sandy,Soil,22.36,495.49,Morning,0.94,3,0.93,15.00,4.97,51.98,76.21,No
T01353,Lifting,LDR001,Loader,1,OP006,Intermediate,6,Rainy,10.48,85.85,10.71,Rocky,Sand,18.83,405.15,Afternoon,1.74,1,0.00,10.79,3.17,52.90,60.65,No
T01354,Trenching,BLD002,Bulldozer,5,OP005,Intermediate,3,Cloudy,21.64,50.78,16.35,Sandy,Soil,43.71,72.73,Afternoon,8.18,1,0.00,3.29,4.64,51.98,72.36,No
T01355,Trenching,LDR001,Loader,1,OP019,Intermediate,6,Sunny,20.28,60.49,8.66,Rocky,Concrete,26.79,188.18,Night,8.65,1,5.46,0.00,3.64,51.75,64.15,No
T01356,Grading,LDR002,Loader,4,OP001,Beginner,0,Windy,20.39,23.56,29.54,Muddy,Sand,40.54,456.04,Morning,1.24,2,7.49,15.36,3.90,46.20,67.34,No
T01357,Demolition,LDR002,Loader,4,OP019,Intermediate,6,Cloudy,18.98,64.34,10.06,Sandy,Soil,19.06,461.68,Evening,4.60,2,0.00,9.87,6.49,103.95,121.49,No
T01358,Compacting,LDR002,Loader,4,OP017,Intermediate,6,Cloudy,19.95,27.70,8.94,Sandy,Soil,24.13,86.27,Morning,8.74,0,3.00,7.28,4.91,63.53,85.85,Yes
T01359,Earth Excavation,EXC001,Excavator,7,OP003,Beginner,2,Sunny,14.37,42.34,9.21,Flat,Sand,27.90,468.97,Afternoon,5.11,3,0.00,19.55,5.73,60.00,86.38,No
T01360,Grading,DMP002,DumpTruck,5,OP012,Beginner,2,Rainy,23.46,75.80,13.46,Sandy,Debris,22.09,371.11,Evening,2.54,1,15.81,10.77,4.48,44.28,63.76,No
T01361,Grading,BLD003,Bulldozer,5,OP015,Expert,9,Cloudy,21.34,55.72,5.65,Hilly,Debris,21.49,290.07,Night,7.83,0,0.00,5.20,3.05,42.26,53.72,Yes
T01362,Lifting,LDR003,Loader,8,OP016,Expert,10,Cloudy,28.83,59.59,8.68,Flat,Soil,29.60,69.93,Afternoon,8.57,3,3.59,9.36,3.04,42.00,51.77,No
T01363,Grading,BLD001,Bulldozer,2,OP012,Beginner,2,Rainy,12.69,68.21,15.54,Sandy,Rock,24.91,383.34,Night,7.18,3,0.00,11.66,3.93,44.28,66.55,No
T01364,Earth Excavation,DMP002,DumpTruck,5,OP010,Beginner,0,Cloudy,16.05,44.90,12.99,Rocky,Sand,48.52,360.02,Evening,2.28,1,0.00,7.94,5.65,72.45,100.53,No
T01365,Lifting,GRD002,Grader,6,OP012,Beginner,2,Sunny,29.50,52.08,19.27,Sandy,Sand,30.93,81.07,Evening,2.13,3,0.05,7.34,4.11,44.00,66.23,No
T01366,Grading,EXC001,Excavator,7,OP010,Beginner,0,Cloudy,4.45,55.64,0.00,Rocky,Sand,8.35,254.57,Afternoon,0.59,2,0.00,7.08,3.66,42.26,64.44,No
T01367,Grading,LDR002,Loader,4,OP013,Intermediate,3,Sunny,17.09,38.51,18.91,Hilly,Concrete,10.38,66.72,Evening,2.06,1,7.74,7.71,2.66,40.25,50.20,Yes
T01368,Digging,EXC002,Excavator,2,OP012,Beginner,2,Cloudy,23.97,41.30,0.35,Rocky,Sand,45.24,133.14,Night,7.16,3,5.76,10.23,5.02,60.37,91.01,No
T01369,Digging,GRD002,Grader,6,OP004,Beginner,1,Rainy,27.59,73.91,12.32,Flat,Concrete,15.91,158.67,Morning,9.95,0,20.61,4.94,5.66,57.50,92.84,No
T01370,Material Loading,CRN001,Crane,3,OP016,Expert,10,Rainy,22.48,63.22,0.00,Hilly,Soil,21.11,320.32,Morning,4.21,1,0.00,11.05,2.39,39.67,39.75,No
T01371,Grading,DMP002,DumpTruck,5,OP011,Intermediate,3,Sunny,37.27,61.99,9.73,Hilly,Sand,17.10,232.19,Morning,0.22,2,0.00,4.37,1.98,40.25,46.58,No
T01372,Compacting,DMP002,DumpTruck,5,OP013,Intermediate,3,Rainy,18.44,77.36,7.14,Rocky,Sand,16.06,337.95,Evening,3.53,3,5.84,3.34,5.44,72.74,81.54,No
T01373,Compacting,BLD001,Bulldozer,2,OP016,Expert,10,Windy,14.89,51.71,35.08,Flat,Soil,59.29,46.55,Night,6.75,1,0.00,0.00,3.28,60.50,65.11,No
T01374,Lifting,GRD001,Grader,6,OP003,Beginner,2,Snowy,7.76,46.73,5.63,Flat,Rock,17.41,237.12,Night,2.03,1,2.34,19.05,4.40,52.00,76.04,No
T01375,Compacting,BLD002,Bulldozer,5,OP016,Expert,10,Sunny,27.54,72.98,18.23,Sandy,Soil,17.93,362.21,Morning,8.49,0,9.33,0.32,4.09,60.50,69.21,No
T01376,Earth Excavation,GRD001,Grader,6,OP019,Intermediate,6,Rainy,9.02,90.13,10.04,Flat,Debris,10.19,407.49,Evening,7.24,2,9.29,6.84,5.72,69.00,98.94,No
T01377,Material Loading,BLD003,Bulldozer,5,OP005,Intermediate,3,Rainy,12.55,69.35,4.53,Sandy,Soil,33.25,383.48,Afternoon,3.35,0,5.10,7.66,2.91,37.95,46.96,No
T01378,Compacting,GRD002,Grader,6,OP001,Beginner,0,Snowy,6.96,22.28,19.33,Flat,Rock,24.13,132.61,Afternoon,4.45,3,9.75,15.86,6.31,71.50,113.36,No
T01379,Grading,EXC002,Excavator,2,OP016,Expert,10,Sunny,20.74,35.09,11.23,Rocky,Soil,43.86,230.34,Afternoon,7.49,1,3.73,7.62,2.43,40.25,45.63,No
T01380,Earth Excavation,EXC002,Excavator,2,OP014,Beginner,2,Cloudy,16.59,33.13,5.83,Muddy,Rock,52.08,338.78,Afternoon,2.21,0,0.00,9.07,5.76,75.60,103.75,No
T01381,Grading,CRN001,Crane,3,OP007,Intermediate,3,Rainy,14.68,91.99,22.40,Hilly,Concrete,48.27,480.61,Afternoon,9.91,0,9.49,9.85,3.29,46.29,65.60,No
T01382,Digging,EXC002,Excavator,2,OP019,Intermediate,6,Rainy,26.09,91.02,19.09,Flat,Rock,38.87,415.85,Morning,6.01,1,0.00,9.07,3.68,57.50,65.25,No
T01383,Earth Excavation,EXC003,Excavator,5,OP020,Intermediate,6,Cloudy,18.29,46.80,9.10,Flat,Concrete,47.34,52.26,Afternoon,6.12,0,9.37,3.84,4.22,63.00,79.58,No
T01384,Material Loading,LDR001,Loader,1,OP014,Beginner,2,Sunny,21.88,60.81,2.78,Sandy,Debris,18.55,170.53,Afternoon,4.12,3,8.42,10.56,2.20,33.00,46.27,No
T01385,Compacting,GRD001,Grader,6,OP010,Beginner,0,Windy,13.17,28.71,34.15,Flat,Soil,31.88,415.69,Afternoon,6.11,2,3.79,10.76,5.20,60.50,88.37,No
T01386,Earth Excavation,EXC002,Excavator,2,OP004,Beginner,1,Cloudy,13.91,44.58,8.34,Sandy,Debris,59.78,478.52,Night,5.72,2,13.49,6.80,5.44,69.30,102.78,No
T01387,Earth Excavation,CRN001,Crane,3,OP020,Intermediate,6,Windy,18.10,28.87,36.12,Flat,Rock,41.97,223.59,Morning,1.65,1,3.45,3.21,3.97,66.00,72.04,No
T01388,Material Loading,EXC002,Excavator,2,OP020,Intermediate,6,Sunny,13.62,46.66,17.31,Flat,Debris,45.37,400.22,Evening,6.90,1,6.46,5.36,2.65,30.00,42.26,No
T01389,Material Loading,LDR001,Loader,1,OP005,Intermediate,3,Windy,20.17,32.56,39.06,Hilly,Sand,32.75,274.65,Morning,7.10,2,17.82,3.25,2.47,37.95,52.28,No
T01390,Earth Excavation,EXC002,Excavator,2,OP016,Expert,10,Cloudy,22.17,57.59,8.71,Muddy,Sand,28.99,415.18,Morning,4.06,2,16.03,4.98,3.73,75.60,66.65,No
T01391,Trenching,DMP001,DumpTruck,6,OP008,Beginner,0,Cloudy,28.01,46.34,16.47,Rocky,Concrete,19.94,74.21,Night,4.18,1,3.45,20.80,5.06,54.34,81.02,No
T01392,Trenching,BLD003,Bulldozer,5,OP001,Beginner,0,Sunny,20.24,52.59,4.21,Muddy,Rock,11.41,441.79,Evening,7.28,1,0.00,14.04,5.01,54.00,86.71,No
T01393,Earth Excavation,EXC001,Excavator,7,OP003,Beginner,2,Cloudy,7.02,40.30,1.11,Sandy,Sand,23.98,226.82,Evening,0.57,2,11.54,16.40,6.47,69.30,102.08,Yes
T01394,Grading,CRN001,Crane,3,OP006,Intermediate,6,Sunny,27.63,42.06,6.68,Rocky,Sand,38.47,129.51,Night,1.05,2,11.61,5.10,2.24,40.25,46.38,No
T01395,Digging,EXC003,Excavator,5,OP019,Intermediate,6,Cloudy,21.36,55.64,11.78,Muddy,Rock,20.01,35.03,Morning,5.12,3,5.41,8.15,4.49,63.00,77.27,No
T01396,Digging,BLD003,Bulldozer,5,OP007,Intermediate,3,Foggy,18.54,31.07,0.00,Rocky,Concrete,35.66,152.51,Evening,4.07,2,2.59,1.59,5.01,69.00,85.39,No
T01397,Trenching,CRN002,Crane,6,OP016,Expert,10,Sunny,24.34,57.47,24.27,Muddy,Debris,16.48,457.61,Morning,8.53,2,2.41,5.48,3.61,54.00,66.92,No
T01398,Lifting,GRD001,Grader,6,OP016,Expert,10,Cloudy,11.68,24.16,6.41,Sandy,Debris,11.27,365.86,Night,0.53,2,12.01,7.32,2.61,46.20,38.90,No
T01399,Digging,DMP002,DumpTruck,5,OP010,Beginner,0,Rainy,14.39,65.71,11.34,Muddy,Debris,49.35,460.66,Evening,9.49,1,4.41,13.73,6.42,69.00,107.39,No
T01400,Lifting,CRN002,Crane,6,OP012,Beginner,2,Snowy,1.27,60.58,1.96,Rocky,Debris,16.25,255.75,Morning,7.13,1,15.63,12.98,5.47,59.80,97.69,No
T01401,Grading,BLD003,Bulldozer,5,OP011,Intermediate,3,Rainy,13.39,77.33,11.55,Rocky,Rock,12.30,187.55,Evening,8.05,3,0.00,6.31,3.97,46.29,59.95,Yes
T01402,Lifting,EXC003,Excavator,5,OP015,Expert,9,Sunny,5.69,68.79,20.57,Flat,Sand,29.10,420.40,Night,4.04,3,0.00,8.07,2.67,40.00,45.25,Yes
T01403,Grading,DMP001,DumpTruck,6,OP002,Expert,10,Sunny,14.27,60.50,19.47,Rocky,Sand,6.11,129.08,Evening,1.21,3,3.83,5.83,2.23,40.25,42.29,No
T01404,Digging,GRD002,Grader,6,OP009,Beginner,2,Foggy,24.03,55.03,3.36,Rocky,Concrete,15.05,125.68,Morning,7.44,2,0.00,6.54,6.37,69.00,105.56,No
T01405,Lifting,BLD002,Bulldozer,5,OP013,Intermediate,3,Cloudy,12.73,45.63,13.40,Muddy,Rock,49.11,471.76,Afternoon,5.35,1,13.54,8.84,4.12,50.40,60.55,No
T01406,Material Loading,CRN001,Crane,3,OP011,Intermediate,3,Sunny,15.35,42.61,5.83,Flat,Debris,28.83,298.64,Evening,0.62,3,0.00,5.97,1.60,30.00,32.49,Yes
T01407,Material Loading,CRN001,Crane,3,OP012,Beginner,2,Cloudy,24.20,43.51,0.00,Rocky,Concrete,20.69,343.68,Evening,7.75,3,5.26,11.64,3.10,36.22,57.13,No
T01408,Grading,DMP001,DumpTruck,6,OP008,Beginner,0,Cloudy,12.23,36.23,15.00,Sandy,Sand,37.83,268.82,Morning,5.10,3,6.91,9.64,3.78,40.43,67.28,No
T01409,Demolition,LDR001,Loader,1,OP008,Beginner,0,Rainy,23.23,100.00,11.27,Rocky,Concrete,29.09,75.60,Night,1.86,2,5.01,12.48,8.83,119.02,165.64,No
T01410,Material Loading,GRD001,Grader,6,OP007,Intermediate,3,Sunny,15.72,63.09,11.05,Sandy,Sand,39.03,415.29,Night,4.76,0,0.00,9.93,2.60,33.00,40.16,No
T01411,Grading,GRD002,Grader,6,OP015,Expert,9,Windy,17.98,45.08,42.13,Sandy,Rock,48.51,86.77,Evening,2.88,0,15.45,3.46,2.30,42.35,40.23,No
T01412,Lifting,DMP001,DumpTruck,6,OP004,Beginner,1,Cloudy,11.27,50.98,18.98,Hilly,Concrete,52.80,228.29,Night,6.76,1,8.90,15.92,4.05,48.30,75.51,No
T01413,Demolition,LDR003,Loader,8,OP004,Beginner,1,Cloudy,11.64,45.97,8.89,Sandy,Soil,15.68,35.23,Night,9.76,3,0.00,8.52,10.77,103.95,168.38,No
T01414,Digging,CRN002,Crane,6,OP015,Expert,9,Windy,13.49,41.48,41.64,Sandy,Soil,26.30,256.66,Night,6.51,3,4.23,10.56,3.71,60.50,61.86,No
T01415,Digging,LDR002,Loader,4,OP020,Intermediate,6,Windy,13.76,48.62,34.35,Hilly,Sand,53.53,450.63,Afternoon,5.36,2,1.86,10.11,4.34,63.25,76.72,No
T01416,Demolition,CRN002,Crane,6,OP016,Expert,10,Sunny,8.80,53.28,6.92,Rocky,Concrete,58.54,426.68,Evening,3.75,1,10.38,7.27,5.79,103.50,101.03,No
T01417,Demolition,EXC001,Excavator,7,OP008,Beginner,0,Cloudy,19.29,16.76,20.28,Sandy,Concrete,18.80,449.05,Afternoon,9.05,3,13.00,14.10,11.22,103.95,180.39,No
T01418,Demolition,LDR001,Loader,1,OP004,Beginner,1,Rainy,23.98,64.73,6.74,Hilly,Sand,47.09,210.97,Evening,8.41,2,3.06,11.89,8.80,119.02,160.51,Yes
T01419,Trenching,LDR003,Loader,8,OP012,Beginner,2,Cloudy,16.14,60.15,16.91,Hilly,Concrete,46.25,376.11,Night,6.62,2,0.00,16.36,5.63,54.34,88.27,No
T01420,Earth Excavation,CRN001,Crane,3,OP003,Beginner,2,Cloudy,20.96,38.40,14.92,Hilly,Concrete,18.48,336.70,Evening,5.61,3,4.58,16.35,5.82,72.45,105.21,No
T01421,Earth Excavation,EXC003,Excavator,5,OP020,Intermediate,6,Sunny,28.47,39.71,3.62,Hilly,Sand,27.51,120.81,Evening,3.96,2,7.54,11.09,4.93,69.00,86.83,No
T01422,Earth Excavation,EXC002,Excavator,2,OP019,Intermediate,6,Cloudy,21.98,47.07,13.66,Muddy,Concrete,32.52,129.95,Night,1.53,3,11.49,1.78,5.13,75.60,84.74,No
T01423,Digging,GRD001,Grader,6,OP006,Intermediate,6,Foggy,26.04,64.05,6.68,Rocky,Soil,50.60,246.43,Afternoon,0.58,3,6.27,5.49,3.94,69.00,71.37,No
T01424,Trenching,GRD002,Grader,6,OP017,Intermediate,6,Rainy,18.83,94.19,0.00,Rocky,Debris,18.37,220.56,Night,3.87,2,7.79,0.00,3.95,59.51,73.25,No
T01425,Lifting,DMP001,DumpTruck,6,OP013,Intermediate,3,Sunny,29.11,41.59,0.00,Flat,Soil,27.05,159.39,Morning,7.35,2,1.01,2.71,3.27,40.00,54.00,No
T01426,Digging,CRN001,Crane,3,OP005,Intermediate,3,Cloudy,23.77,49.37,11.62,Muddy,Sand,18.00,389.20,Evening,2.60,3,11.68,10.21,4.12,63.00,75.11,No
T01427,Trenching,DMP002,DumpTruck,5,OP020,Intermediate,6,Sunny,9.55,48.96,12.31,Sandy,Debris,44.92,86.75,Morning,5.99,2,13.67,2.97,3.91,49.50,63.37,No
T01428,Compacting,BLD002,Bulldozer,5,OP010,Beginner,0,Sunny,35.02,54.44,6.68,Flat,Concrete,43.58,488.13,Evening,5.95,3,12.93,13.69,4.93,55.00,81.60,No
T01429,Material Loading,LDR003,Loader,8,OP009,Beginner,2,Rainy,18.87,100.00,8.63,Sandy,Soil,22.32,429.30,Evening,1.97,1,7.27,13.77,3.77,37.95,57.13,No
T01430,Digging,EXC002,Excavator,2,OP013,Intermediate,3,Cloudy,23.49,50.07,4.76,Muddy,Rock,14.51,221.58,Evening,9.69,1,5.20,4.28,3.92,63.00,79.87,No
T01431,Trenching,BLD002,Bulldozer,5,OP007,Intermediate,3,Rainy,21.35,62.96,24.23,Sandy,Rock,12.47,421.50,Night,2.07,2,6.64,3.25,3.75,56.92,65.72,No
T01432,Lifting,DMP002,DumpTruck,5,OP017,Intermediate,6,Sunny,19.49,51.66,12.03,Hilly,Concrete,9.35,118.20,Afternoon,7.96,1,6.01,0.00,3.46,46.00,60.63,No
T01433,Trenching,LDR001,Loader,1,OP018,Intermediate,4,Foggy,16.68,45.55,2.17,Rocky,Rock,42.09,485.55,Morning,9.11,3,11.31,13.45,4.28,62.10,75.40,Yes
T01434,Trenching,GRD002,Grader,6,OP018,Intermediate,4,Windy,11.87,43.04,33.88,Flat,Debris,20.49,387.60,Afternoon,8.40,2,2.46,7.53,3.77,49.50,63.78,No
T01435,Lifting,EXC003,Excavator,5,OP015,Expert,9,Windy,15.77,64.80,32.05,Hilly,Sand,40.37,47.61,Evening,1.87,2,0.00,7.56,2.51,50.60,45.93,No
T01436,Compacting,EXC003,Excavator,5,OP003,Beginner,2,Windy,22.19,52.45,39.82,Flat,Concrete,19.11,279.30,Evening,8.97,1,16.88,9.37,6.00,60.50,98.03,No
T01437,Earth Excavation,DMP001,DumpTruck,6,OP010,Beginner,0,Sunny,17.70,37.17,10.80,Hilly,Sand,33.83,55.64,Evening,3.82,2,3.05,8.06,6.16,69.00,99.72,Yes
T01438,Lifting,GRD001,Grader,6,OP014,Beginner,2,Cloudy,31.21,55.75,15.85,Rocky,Rock,23.57,285.48,Afternoon,5.35,3,3.69,10.34,4.55,48.30,73.53,Yes
T01439,Compacting,GRD001,Grader,6,OP008,Beginner,0,Sunny,18.81,43.91,19.38,Flat,Soil,51.28,452.83,Morning,7.20,0,13.12,10.33,5.45,55.00,94.75,No
T01440,Trenching,BLD003,Bulldozer,5,OP009,Beginner,2,Rainy,11.81,89.24,12.21,Muddy,Soil,21.70,285.04,Morning,0.97,3,5.48,9.29,4.96,62.10,91.31,No
T01441,Demolition,EXC003,Excavator,5,OP011,Intermediate,3,Sunny,27.58,67.06,18.36,Rocky,Sand,48.03,182.35,Afternoon,2.54,2,0.00,12.01,7.71,103.50,126.32,No
T01442,Grading,LDR001,Loader,1,OP003,Beginner,2,Sunny,24.06,35.82,13.20,Hilly,Rock,18.74,489.48,Morning,5.26,2,1.83,9.94,3.03,40.25,56.37,No
T01443,Lifting,EXC003,Excavator,5,OP013,Intermediate,3,Sunny,17.08,28.85,6.52,Flat,Soil,41.53,323.37,Evening,0.96,0,2.90,16.60,2.71,40.00,48.76,No
T01444,Material Loading,GRD001,Grader,6,OP003,Beginner,2,Sunny,19.91,55.34,8.80,Flat,Debris,36.67,454.61,Night,2.48,3,11.29,2.00,2.94,30.00,44.81,No
T01445,Earth Excavation,BLD001,Bulldozer,2,OP008,Beginner,0,Sunny,18.56,63.97,2.84,Hilly,Soil,39.27,482.49,Afternoon,6.32,1,0.00,3.76,4.98,69.00,99.21,No
T01446,Lifting,BLD003,Bulldozer,5,OP012,Beginner,2,Windy,26.19,66.82,37.47,Sandy,Soil,59.22,95.46,Morning,4.52,2,11.64,11.66,3.75,48.40,73.22,No
T01447,Demolition,EXC002,Excavator,2,OP012,Beginner,2,Rainy,17.46,46.38,9.14,Flat,Sand,32.04,24.23,Night,8.72,1,6.93,12.47,7.68,103.50,146.06,No
T01448,Earth Excavation,BLD003,Bulldozer,5,OP010,Beginner,0,Sunny,17.95,31.60,9.82,Rocky,Soil,7.28,73.32,Evening,5.05,1,7.38,17.01,6.09,69.00,101.60,No
T01449,Compacting,LDR002,Loader,4,OP019,Intermediate,6,Cloudy,12.78,56.92,10.11,Muddy,Debris,11.08,167.67,Afternoon,5.57,0,6.18,8.16,4.86,69.30,90.52,No
T01450,Lifting,EXC003,Excavator,5,OP016,Expert,10,Windy,3.00,49.10,42.41,Muddy,Soil,37.19,293.53,Night,5.10,1,12.45,3.35,3.15,52.80,51.81,No
T01451,Trenching,DMP002,DumpTruck,5,OP002,Expert,10,Rainy,26.54,84.97,10.30,Sandy,Debris,7.07,442.62,Afternoon,8.11,3,11.90,10.38,4.11,56.92,60.48,No
T01452,Grading,BLD001,Bulldozer,2,OP005,Intermediate,3,Rainy,7.50,85.48,12.48,Flat,Soil,13.08,459.61,Night,4.75,3,1.26,3.30,2.90,40.25,51.59,No
T01453,Compacting,LDR001,Loader,1,OP014,Beginner,2,Sunny,21.79,58.04,1.48,Hilly,Soil,7.97,289.05,Morning,7.15,2,13.13,12.82,4.59,63.25,90.02,No
T01454,Compacting,GRD001,Grader,6,OP012,Beginner,2,Cloudy,24.48,35.39,5.67,Sandy,Debris,36.69,203.00,Morning,7.39,0,4.00,11.86,5.44,63.53,94.53,No
T01455,Trenching,GRD001,Grader,6,OP016,Expert,10,Cloudy,28.33,53.17,11.67,Muddy,Soil,18.75,160.82,Afternoon,5.27,2,10.39,6.57,3.72,56.70,60.19,No
T01456,Lifting,BLD001,Bulldozer,2,OP011,Intermediate,3,Cloudy,10.74,44.13,0.94,Hilly,Soil,8.03,332.98,Morning,1.92,1,0.85,4.99,2.16,48.30,51.84,No
T01457,Lifting,BLD003,Bulldozer,5,OP011,Intermediate,3,Sunny,22.63,51.09,14.42,Flat,Debris,10.01,176.70,Morning,6.06,1,8.53,10.05,2.74,40.00,51.58,No
T01458,Earth Excavation,LDR002,Loader,4,OP009,Beginner,2,Cloudy,12.77,66.77,3.11,Flat,Soil,13.85,385.51,Afternoon,1.59,2,5.96,13.16,4.74,63.00,87.24,No
T01459,Compacting,DMP002,DumpTruck,5,OP004,Beginner,1,Sunny,14.24,37.13,12.29,Hilly,Soil,48.53,490.08,Afternoon,0.72,3,0.00,7.62,4.68,63.25,90.94,No
T01460,Demolition,EXC003,Excavator,5,OP019,Intermediate,6,Cloudy,12.93,30.41,2.14,Rocky,Rock,57.06,383.31,Morning,2.90,2,2.49,13.25,7.18,108.67,118.97,No
T01461,Digging,BLD002,Bulldozer,5,OP016,Expert,10,Sunny,26.93,43.72,0.00,Flat,Soil,32.49,287.13,Afternoon,1.98,3,0.00,12.02,2.37,50.00,45.57,No
T01462,Grading,GRD001,Grader,6,OP010,Beginner,0,Foggy,12.08,44.85,5.07,Sandy,Concrete,33.40,120.31,Night,6.52,2,0.00,10.28,4.33,46.20,75.94,No
T01463,Lifting,LDR003,Loader,8,OP013,Intermediate,3,Sunny,38.97,59.42,11.40,Rocky,Concrete,43.01,206.07,Afternoon,5.91,3,12.22,9.27,3.74,46.00,59.66,No
T01464,Demolition,EXC003,Excavator,5,OP008,Beginner,0,Foggy,23.72,68.81,1.51,Flat,Concrete,37.04,106.64,Night,6.76,3,0.00,5.95,10.40,108.00,165.37,No
T01465,Demolition,BLD003,Bulldozer,5,OP007,Intermediate,3,Snowy,-1.63,49.36,11.67,Rocky,Sand,52.27,199.34,Night,3.15,1,7.38,1.00,8.94,134.55,157.10,No
T01466,Compacting,CRN002,Crane,6,OP015,Expert,9,Cloudy,15.46,36.16,20.04,Rocky,Rock,56.97,79.22,Night,7.45,1,18.81,9.74,4.12,66.41,71.66,No
T01467,Earth Excavation,GRD001,Grader,6,OP020,Intermediate,6,Sunny,22.12,58.23,2.88,Hilly,Sand,58.00,370.52,Afternoon,8.13,1,14.01,5.48,5.53,69.00,88.60,No
T01468,Trenching,LDR003,Loader,8,OP011,Intermediate,3,Rainy,34.69,55.03,8.91,Sandy,Rock,51.07,151.11,Evening,0.75,2,11.94,6.35,4.75,56.92,68.41,Yes
T01469,Compacting,CRN001,Crane,3,OP020,Intermediate,6,Windy,11.51,40.91,37.52,Muddy,Debris,54.74,224.42,Afternoon,8.97,1,8.66,2.95,5.46,72.60,95.69,No
T01470,Grading,GRD002,Grader,6,OP014,Beginner,2,Rainy,16.36,81.94,10.19,Muddy,Debris,56.97,154.81,Afternoon,3.14,1,11.84,12.10,4.58,48.30,70.60,No
T01471,Compacting,CRN001,Crane,3,OP009,Beginner,2,Cloudy,23.98,46.83,13.40,Rocky,Rock,19.25,186.13,Afternoon,6.87,1,13.45,14.11,5.54,66.41,102.07,Yes
T01472,Compacting,EXC002,Excavator,2,OP005,Intermediate,3,Rainy,19.84,84.50,15.17,Muddy,Soil,49.71,247.54,Afternoon,7.61,2,13.75,7.80,5.17,75.90,92.50,No
T01473,Demolition,DMP001,DumpTruck,6,OP004,Beginner,1,Sunny,17.02,54.00,18.83,Rocky,Sand,40.10,42.96,Evening,1.99,3,12.93,18.64,9.06,103.50,155.94,No
T01474,Earth Excavation,BLD001,Bulldozer,2,OP011,Intermediate,3,Sunny,33.02,56.21,14.25,Sandy,Rock,5.91,280.14,Morning,8.41,2,2.56,4.31,4.89,66.00,78.91,No
T01475,Lifting,GRD002,Grader,6,OP005,Intermediate,3,Rainy,15.61,92.51,11.82,Rocky,Soil,10.37,359.21,Afternoon,3.56,0,3.17,4.23,3.39,52.90,63.53,No
T01476,Earth Excavation,LDR001,Loader,1,OP018,Intermediate,4,Rainy,16.73,94.47,20.86,Sandy,Debris,13.66,75.77,Afternoon,5.74,2,2.48,6.59,4.26,75.90,84.11,No
T01477,Material Loading,LDR002,Loader,4,OP007,Intermediate,3,Foggy,24.63,39.85,15.97,Muddy,Sand,6.29,56.31,Evening,7.64,1,0.00,3.80,3.77,43.20,59.22,No
T01478,Lifting,CRN001,Crane,3,OP013,Intermediate,3,Rainy,17.38,78.35,7.15,Hilly,Sand,12.15,196.32,Afternoon,2.92,1,4.32,7.20,3.27,52.90,64.83,No
T01479,Compacting,DMP002,DumpTruck,5,OP010,Beginner,0,Rainy,21.37,96.58,15.65,Muddy,Sand,39.55,208.70,Morning,6.18,3,0.67,15.44,6.38,75.90,105.81,No
T01480,Trenching,CRN001,Crane,3,OP013,Intermediate,3,Sunny,11.41,52.67,2.56,Sandy,Debris,37.03,352.02,Evening,0.71,3,5.04,1.84,3.15,49.50,58.50,No
T01481,Digging,GRD001,Grader,6,OP002,Expert,10,Sunny,23.77,41.66,0.00,Hilly,Sand,27.57,444.83,Morning,1.12,3,0.00,4.59,3.16,57.50,58.87,No
T01482,Compacting,BLD003,Bulldozer,5,OP001,Beginner,0,Sunny,21.48,20.68,2.70,Flat,Rock,19.20,126.01,Afternoon,8.92,0,0.00,7.68,4.83,55.00,86.72,No
T01483,Trenching,DMP002,DumpTruck,5,OP002,Expert,10,Foggy,26.11,63.23,6.51,Muddy,Soil,20.52,296.88,Afternoon,7.66,0,0.00,14.49,3.69,64.80,69.12,No
T01484,Demolition,DMP002,DumpTruck,5,OP001,Beginner,0,Sunny,19.63,35.05,12.17,Sandy,Debris,16.05,61.39,Morning,1.43,3,9.82,16.70,7.78,99.00,134.35,Yes
T01485,Earth Excavation,BLD003,Bulldozer,5,OP011,Intermediate,3,Sunny,17.78,61.32,16.33,Hilly,Rock,42.70,61.78,Night,6.88,2,17.14,2.80,5.38,69.00,83.88,No
T01486,Trenching,EXC002,Excavator,2,OP008,Beginner,0,Sunny,28.31,59.06,10.56,Muddy,Concrete,15.86,173.03,Evening,5.14,1,2.93,15.44,4.74,54.00,85.93,No
T01487,Lifting,CRN001,Crane,3,OP014,Beginner,2,Cloudy,24.74,41.10,18.90,Hilly,Concrete,29.32,304.63,Evening,0.03,3,5.57,10.86,3.14,48.30,60.56,No
T01488,Digging,GRD002,Grader,6,OP003,Beginner,2,Foggy,8.72,50.97,17.11,Flat,Sand,29.74,295.12,Evening,3.41,2,3.53,13.01,6.05,60.00,90.24,Yes
T01489,Grading,GRD001,Grader,6,OP011,Intermediate,3,Sunny,28.60,39.80,8.13,Rocky,Concrete,9.14,74.56,Morning,5.41,2,6.25,7.57,2.87,40.25,53.78,No
T01490,Demolition,DMP001,DumpTruck,6,OP009,Beginner,2,Cloudy,24.56,68.44,9.65,Sandy,Sand,25.19,480.93,Afternoon,5.60,1,7.50,13.21,9.45,103.95,149.96,No
T01491,Demolition,CRN002,Crane,6,OP014,Beginner,2,Rainy,17.25,89.37,7.38,Hilly,Sand,46.62,78.76,Morning,6.64,3,14.47,14.70,10.00,119.02,175.14,No
T01492,Earth Excavation,EXC003,Excavator,5,OP004,Beginner,1,Sunny,33.31,63.93,2.76,Muddy,Soil,41.88,353.62,Night,9.46,0,6.47,16.28,7.35,72.00,119.39,No
T01493,Trenching,EXC003,Excavator,5,OP003,Beginner,2,Cloudy,8.15,56.65,8.17,Rocky,Concrete,13.23,146.85,Night,0.16,3,5.84,11.40,4.37,54.34,72.51,Yes
T01494,Digging,BLD002,Bulldozer,5,OP004,Beginner,1,Rainy,14.48,94.32,18.77,Sandy,Sand,33.25,319.88,Morning,8.83,0,0.73,8.57,5.38,63.25,101.74,No
T01495,Material Loading,LDR002,Loader,4,OP003,Beginner,2,Cloudy,4.52,52.95,11.04,Flat,Rock,22.66,453.15,Morning,3.74,2,7.58,21.84,2.53,31.50,53.47,No
T01496,Trenching,EXC001,Excavator,7,OP002,Expert,10,Foggy,12.69,58.34,16.41,Flat,Concrete,29.27,434.07,Evening,6.73,3,10.77,4.39,3.65,54.00,61.02,No
T01497,Trenching,BLD002,Bulldozer,5,OP008,Beginner,0,Rainy,6.75,77.51,6.52,Sandy,Debris,16.04,333.60,Morning,0.67,0,4.84,18.13,4.80,56.92,83.37,No
T01498,Digging,LDR001,Loader,1,OP020,Intermediate,6,Sunny,9.01,41.19,10.08,Sandy,Rock,55.05,256.86,Night,1.56,1,0.89,11.20,2.85,55.00,58.90,No
T01499,Compacting,LDR001,Loader,1,OP017,Intermediate,6,Sunny,26.53,63.61,9.23,Muddy,Rock,13.39,257.55,Afternoon,9.50,0,1.87,4.17,3.83,66.00,78.85,No
T01500,Grading,LDR002,Loader,4,OP017,Intermediate,6,Cloudy,15.56,69.06,8.37,Flat,Soil,22.56,76.02,Evening,4.57,3,5.39,2.34,2.80,36.75,46.55,No
T01501,Demolition,GRD001,Grader,6,OP018,Intermediate,4,Cloudy,9.86,80.47,9.20,Muddy,Sand,57.56,222.82,Evening,8.19,3,0.76,1.88,8.00,113.40,121.49,No
T01502,Digging,CRN001,Crane,3,OP001,Beginner,0,Cloudy,17.84,59.08,9.53,Rocky,Debris,12.54,201.58,Evening,3.75,0,0.00,14.92,4.42,60.37,82.05,No
T01503,Earth Excavation,LDR003,Loader,8,OP016,Expert,10,Foggy,14.01,39.53,10.45,Rocky,Concrete,37.83,188.06,Evening,0.86,1,15.65,4.55,5.11,82.80,78.35,No
T01504,Material Loading,DMP001,DumpTruck,6,OP004,Beginner,1,Cloudy,17.12,42.89,12.43,Muddy,Concrete,45.07,308.42,Morning,8.88,3,9.77,14.23,4.28,37.80,64.47,No
T01505,Digging,GRD001,Grader,6,OP018,Intermediate,4,Sunny,10.18,54.10,0.00,Muddy,Rock,25.42,68.15,Evening,1.67,2,12.94,0.00,4.45,60.00,69.03,No
T01506,Earth Excavation,EXC002,Excavator,2,OP013,Intermediate,3,Rainy,18.40,78.36,4.06,Hilly,Soil,49.06,149.68,Morning,3.81,1,10.87,12.04,4.77,79.35,87.67,No
T01507,Earth Excavation,DMP002,DumpTruck,5,OP010,Beginner,0,Rainy,13.92,73.95,11.60,Muddy,Rock,17.64,483.07,Evening,3.49,0,2.80,17.65,7.07,82.80,124.01,Yes
T01508,Compacting,BLD003,Bulldozer,5,OP012,Beginner,2,Foggy,8.65,37.05,15.62,Flat,Rock,10.00,212.54,Afternoon,1.58,2,4.61,10.83,4.96,66.00,93.74,Yes
T01509,Demolition,LDR003,Loader,8,OP014,Beginner,2,Snowy,14.64,32.87,8.39,Sandy,Debris,46.16,270.72,Morning,7.80,1,8.11,20.14,12.80,128.70,206.34,No
T01510,Demolition,BLD003,Bulldozer,5,OP005,Intermediate,3,Sunny,38.09,59.89,5.93,Muddy,Concrete,10.32,182.59,Morning,4.35,1,0.00,6.94,7.74,108.00,132.57,No
T01511,Demolition,LDR001,Loader,1,OP005,Intermediate,3,Sunny,10.77,45.30,19.10,Hilly,Rock,33.94,177.19,Evening,5.44,0,0.00,3.47,5.90,103.50,116.18,No
T01512,Trenching,DMP002,DumpTruck,5,OP007,Intermediate,3,Sunny,11.40,62.80,10.93,Rocky,Sand,23.18,81.51,Evening,2.23,1,12.91,10.13,3.69,51.75,60.40,No
T01513,Earth Excavation,GRD001,Grader,6,OP008,Beginner,0,Sunny,20.38,57.65,12.92,Flat,Soil,16.72,75.57,Afternoon,9.75,3,7.54,13.27,6.08,60.00,92.75,No
T01514,Material Loading,GRD001,Grader,6,OP002,Expert,10,Sunny,23.64,41.10,4.20,Sandy,Sand,41.11,105.60,Afternoon,4.16,1,0.96,13.42,1.75,33.00,32.46,No
T01515,Material Loading,LDR003,Loader,8,OP002,Expert,10,Sunny,23.59,44.16,2.39,Hilly,Concrete,12.45,457.84,Afternoon,4.87,1,6.96,1.99,2.33,34.50,38.85,No
T01516,Trenching,LDR002,Loader,4,OP004,Beginner,1,Rainy,14.52,72.53,10.00,Flat,Rock,54.63,313.19,Afternoon,4.89,0,0.00,14.49,4.45,51.75,78.80,No
T01517,Digging,EXC003,Excavator,5,OP013,Intermediate,3,Cloudy,9.25,60.91,3.18,Hilly,Rock,39.84,72.07,Afternoon,9.19,0,5.38,3.94,4.45,60.37,79.62,No
T01518,Grading,CRN002,Crane,6,OP003,Beginner,2,Sunny,15.32,61.76,11.37,Rocky,Concrete,41.51,338.27,Afternoon,4.52,1,0.00,17.60,4.04,40.25,63.56,No
T01519,Compacting,GRD001,Grader,6,OP016,Expert,10,Cloudy,18.82,40.98,0.00,Rocky,Soil,59.46,297.48,Night,3.90,2,0.00,3.25,3.60,66.41,66.00,No
T01520,Trenching,BLD003,Bulldozer,5,OP004,Beginner,1,Rainy,30.73,89.53,6.35,Muddy,Concrete,48.75,146.47,Evening,6.63,0,6.00,0.42,5.16,62.10,89.10,No
T01521,Compacting,CRN002,Crane,6,OP020,Intermediate,6,Sunny,24.00,46.14,0.33,Hilly,Concrete,35.53,234.99,Night,0.75,2,10.64,10.45,4.56,63.25,71.40,No
T01522,Trenching,EXC001,Excavator,7,OP020,Intermediate,6,Windy,20.81,43.29,31.45,Muddy,Debris,44.08,187.71,Evening,6.48,3,0.00,10.00,4.72,59.40,75.02,No
T01523,Digging,EXC002,Excavator,2,OP001,Beginner,0,Sunny,17.92,37.27,19.84,Rocky,Debris,37.78,373.55,Morning,5.62,2,7.93,11.70,4.82,57.50,89.61,Yes
T01524,Lifting,CRN001,Crane,3,OP002,Expert,10,Foggy,16.86,53.92,7.85,Sandy,Rock,16.35,458.47,Night,4.85,2,6.67,10.02,2.85,52.80,50.47,No
T01525,Trenching,LDR002,Loader,4,OP017,Intermediate,6,Sunny,26.77,52.90,0.00,Rocky,Sand,12.22,105.84,Evening,3.98,1,5.80,7.68,3.84,51.75,62.42,No
T01526,Demolition,CRN001,Crane,3,OP006,Intermediate,6,Sunny,24.48,32.06,0.00,Rocky,Debris,32.53,199.12,Night,7.33,2,13.02,1.47,6.94,103.50,122.29,No
T01527,Grading,LDR003,Loader,8,OP001,Beginner,0,Foggy,15.74,42.97,21.87,Rocky,Rock,28.37,206.33,Night,3.73,3,0.00,4.96,4.64,48.30,74.32,No
T01528,Material Loading,DMP001,DumpTruck,6,OP008,Beginner,0,Cloudy,12.93,55.24,0.00,Flat,Debris,40.39,293.60,Evening,9.97,3,6.60,9.68,3.77,31.50,56.28,No
T01529,Trenching,LDR001,Loader,1,OP018,Intermediate,4,Sunny,20.61,51.07,15.04,Muddy,Sand,6.96,412.52,Morning,1.10,0,5.90,2.10,3.08,54.00,57.44,No
T01530,Lifting,LDR002,Loader,4,OP020,Intermediate,6,Rainy,10.25,84.07,2.61,Muddy,Concrete,21.32,292.80,Morning,8.31,1,6.66,4.49,4.50,55.20,73.56,No
T01531,Demolition,CRN001,Crane,3,OP020,Intermediate,6,Rainy,22.21,73.30,18.67,Muddy,Concrete,50.08,307.42,Afternoon,7.08,3,13.15,4.65,7.14,124.20,130.73,No
T01532,Digging,GRD002,Grader,6,OP008,Beginner,0,Foggy,19.25,50.80,8.35,Hilly,Rock,56.20,244.91,Morning,7.28,1,0.00,9.19,6.26,69.00,106.45,No
T01533,Trenching,BLD003,Bulldozer,5,OP011,Intermediate,3,Foggy,26.19,40.82,10.72,Flat,Soil,55.85,364.14,Night,5.01,0,10.23,0.00,3.98,54.00,61.46,No
T01534,Digging,LDR001,Loader,1,OP004,Beginner,1,Rainy,19.87,75.94,5.70,Sandy,Rock,58.97,303.77,Night,0.20,2,0.68,20.35,3.91,63.25,73.44,No
T01535,Earth Excavation,CRN002,Crane,6,OP010,Beginner,0,Cloudy,21.87,52.62,10.33,Rocky,Debris,17.63,171.78,Afternoon,7.32,0,8.36,18.64,6.73,72.45,109.09,No
T01536,Material Loading,EXC002,Excavator,2,OP008,Beginner,0,Windy,15.56,35.67,36.91,Flat,Sand,13.52,389.14,Evening,4.93,0,7.58,6.38,2.56,33.00,53.00,No
T01537,Grading,EXC001,Excavator,7,OP003,Beginner,2,Windy,17.21,34.53,33.45,Muddy,Debris,23.39,499.60,Morning,4.05,0,3.97,14.61,4.85,46.20,74.54,No
T01538,Material Loading,GRD001,Grader,6,OP013,Intermediate,3,Windy,10.85,28.77,20.27,Muddy,Debris,19.58,58.93,Afternoon,4.09,3,8.02,2.50,3.08,39.60,54.01,No
T01539,Digging,BLD001,Bulldozer,2,OP015,Expert,9,Sunny,18.97,54.15,14.76,Flat,Sand,52.22,465.84,Afternoon,2.71,2,5.55,11.84,2.66,50.00,49.38,No
T01540,Grading,GRD001,Grader,6,OP003,Beginner,2,Sunny,11.47,58.01,9.11,Flat,Debris,11.97,164.73,Evening,2.73,3,0.00,10.37,2.73,35.00,47.71,No
T01541,Digging,BLD001,Bulldozer,2,OP013,Intermediate,3,Snowy,-5.28,32.41,9.45,Flat,Debris,39.90,324.58,Evening,1.94,1,0.00,4.45,4.20,65.00,75.82,No
T01542,Demolition,EXC001,Excavator,7,OP005,Intermediate,3,Sunny,16.00,33.47,11.86,Sandy,Concrete,54.17,367.41,Afternoon,8.24,1,3.86,6.94,8.60,99.00,138.91,No
T01543,Earth Excavation,BLD001,Bulldozer,2,OP011,Intermediate,3,Sunny,15.30,70.33,11.56,Hilly,Concrete,55.72,433.53,Afternoon,7.18,1,0.00,9.08,4.48,69.00,87.58,No
T01544,Trenching,EXC003,Excavator,5,OP012,Beginner,2,Rainy,14.88,86.75,14.49,Rocky,Rock,20.78,478.83,Afternoon,1.21,0,6.83,5.73,5.06,59.51,87.51,No
T01545,Trenching,LDR002,Loader,4,OP002,Expert,10,Sunny,14.88,47.38,12.52,Rocky,Concrete,20.64,205.82,Night,3.28,2,10.64,11.74,2.64,51.75,50.31,No
T01546,Material Loading,CRN002,Crane,6,OP012,Beginner,2,Rainy,16.71,59.32,9.46,Rocky,Concrete,33.19,139.72,Afternoon,0.92,3,0.00,13.82,3.21,39.67,55.01,No
T01547,Digging,LDR002,Loader,4,OP019,Intermediate,6,Cloudy,22.83,56.67,3.66,Flat,Debris,26.01,349.88,Morning,8.43,2,2.88,4.02,3.74,52.50,70.69,No
T01548,Grading,BLD003,Bulldozer,5,OP020,Intermediate,6,Cloudy,12.09,42.49,15.97,Sandy,Rock,54.49,344.52,Afternoon,5.70,1,0.00,11.46,3.13,40.43,50.21,No
T01549,Demolition,CRN002,Crane,6,OP007,Intermediate,3,Cloudy,17.17,56.13,10.26,Flat,Soil,18.87,74.39,Afternoon,5.00,3,0.93,7.18,6.16,94.50,104.37,No
T01550,Digging,BLD001,Bulldozer,2,OP001,Beginner,0,Sunny,17.46,43.80,8.75,Flat,Concrete,16.99,87.59,Afternoon,9.69,1,9.04,22.53,4.34,50.00,78.43,No
T01551,Lifting,LDR001,Loader,1,OP001,Beginner,0,Cloudy,15.09,41.87,5.19,Muddy,Soil,16.36,424.60,Evening,3.36,0,0.00,17.19,3.75,50.40,66.52,No
T01552,Lifting,BLD002,Bulldozer,5,OP002,Expert,10,Sunny,20.15,43.95,0.00,Hilly,Rock,23.02,173.73,Evening,9.70,2,0.00,4.93,2.92,46.00,56.75,No
T01553,Trenching,GRD001,Grader,6,OP018,Intermediate,4,Sunny,30.91,63.73,6.70,Flat,Soil,20.05,239.32,Afternoon,1.86,0,0.00,5.11,3.56,45.00,57.34,No
T01554,Grading,LDR002,Loader,4,OP014,Beginner,2,Sunny,17.83,60.34,3.76,Sandy,Sand,31.87,458.30,Night,5.42,2,15.88,18.26,3.30,38.50,57.00,No
T01555,Earth Excavation,LDR002,Loader,4,OP015,Expert,9,Windy,22.40,56.97,39.53,Flat,Debris,41.42,326.48,Afternoon,6.22,1,4.65,3.08,3.79,66.00,67.79,No
T01556,Trenching,LDR001,Loader,1,OP009,Beginner,2,Cloudy,12.04,19.08,6.17,Muddy,Soil,37.38,232.74,Morning,5.49,0,3.07,10.64,4.32,56.70,83.33,Yes
T01557,Earth Excavation,BLD003,Bulldozer,5,OP018,Intermediate,4,Windy,11.31,24.38,35.15,Sandy,Soil,11.56,300.18,Afternoon,6.34,2,14.15,8.17,4.95,72.60,82.75,No
T01558,Compacting,BLD001,Bulldozer,2,OP004,Beginner,1,Sunny,24.80,59.45,4.18,Muddy,Debris,59.47,285.35,Morning,3.57,2,4.49,16.46,5.40,66.00,91.24,No
T01559,Lifting,DMP001,DumpTruck,6,OP009,Beginner,2,Rainy,18.51,83.20,7.13,Sandy,Debris,53.85,258.05,Afternoon,4.02,0,10.09,14.20,4.77,50.60,71.85,No
T01560,Compacting,GRD002,Grader,6,OP001,Beginner,0,Foggy,15.38,31.88,8.50,Muddy,Debris,29.61,480.94,Afternoon,1.89,1,6.82,18.75,6.64,79.20,110.15,Yes
T01561,Compacting,BLD001,Bulldozer,2,OP015,Expert,9,Foggy,16.74,24.12,12.71,Muddy,Soil,53.07,206.76,Afternoon,2.15,1,5.26,8.38,3.66,79.20,75.72,No
T01562,Earth Excavation,CRN001,Crane,3,OP019,Intermediate,6,Cloudy,21.31,39.59,16.00,Hilly,Soil,12.30,268.12,Morning,8.42,0,7.30,12.53,4.52,72.45,89.36,No
T01563,Trenching,GRD001,Grader,6,OP009,Beginner,2,Sunny,23.96,54.73,5.41,Flat,Soil,15.94,485.97,Afternoon,0.57,2,8.77,13.90,3.78,45.00,69.48,No
T01564,Material Loading,LDR002,Loader,4,OP008,Beginner,0,Cloudy,14.82,49.25,4.42,Hilly,Sand,29.86,154.75,Morning,6.83,0,3.45,11.21,3.25,36.22,56.90,No
T01565,Demolition,DMP002,DumpTruck,5,OP011,Intermediate,3,Sunny,27.17,39.56,15.76,Rocky,Concrete,44.31,253.45,Morning,0.45,0,9.42,15.05,6.48,103.50,118.91,No
T01566,Digging,BLD001,Bulldozer,2,OP002,Expert,10,Sunny,22.82,46.90,12.06,Muddy,Rock,55.98,47.55,Morning,2.72,0,0.00,0.59,2.97,60.00,57.21,No
T01567,Earth Excavation,DMP002,DumpTruck,5,OP016,Expert,10,Cloudy,21.37,25.58,19.16,Rocky,Concrete,36.24,314.91,Evening,8.03,3,0.00,10.69,4.16,72.45,78.87,No
T01568,Digging,GRD001,Grader,6,OP009,Beginner,2,Sunny,20.08,51.13,9.08,Flat,Sand,28.29,413.41,Evening,4.36,0,7.95,10.67,4.78,50.00,74.39,Yes
T01569,Earth Excavation,EXC001,Excavator,7,OP007,Intermediate,3,Rainy,13.55,55.78,2.33,Hilly,Concrete,28.80,73.48,Evening,8.90,1,6.79,6.73,6.55,79.35,101.09,No
T01570,Trenching,EXC002,Excavator,2,OP008,Beginner,0,Sunny,15.94,28.38,8.40,Sandy,Sand,41.40,191.77,Morning,4.82,2,8.14,16.30,3.36,49.50,68.06,No
T01571,Demolition,LDR003,Loader,8,OP006,Intermediate,6,Rainy,17.66,59.89,12.29,Muddy,Concrete,5.09,208.02,Morning,4.69,3,2.42,7.99,9.15,124.20,138.98,No
T01572,Grading,DMP002,DumpTruck,5,OP014,Beginner,2,Sunny,27.47,57.27,9.99,Flat,Concrete,58.21,59.95,Evening,2.46,0,0.08,10.03,3.51,35.00,54.09,No
T01573,Demolition,LDR003,Loader,8,OP018,Intermediate,4,Rainy,15.77,77.93,14.10,Muddy,Rock,43.90,109.96,Morning,9.82,0,8.86,9.19,9.90,124.20,155.43,No
T01574,Digging,LDR002,Loader,4,OP005,Intermediate,3,Rainy,26.05,77.90,6.96,Hilly,Soil,20.73,52.60,Night,8.69,2,7.67,1.74,4.23,66.12,81.21,No
T01575,Earth Excavation,BLD001,Bulldozer,2,OP009,Beginner,2,Sunny,20.79,40.32,15.11,Hilly,Soil,14.63,287.18,Morning,8.09,1,4.56,11.11,5.46,69.00,93.74,No
T01576,Earth Excavation,LDR001,Loader,1,OP010,Beginner,0,Rainy,22.99,99.39,13.58,Rocky,Debris,13.79,102.80,Afternoon,6.36,1,3.75,14.82,5.77,79.35,109.64,No
T01577,Demolition,DMP001,DumpTruck,6,OP017,Intermediate,6,Windy,26.44,31.91,35.38,Flat,Concrete,25.92,25.61,Afternoon,2.11,0,0.00,11.25,6.82,99.00,115.56,No
T01578,Compacting,LDR002,Loader,4,OP016,Expert,10,Windy,19.98,64.50,13.04,Muddy,Concrete,23.47,405.68,Afternoon,9.23,0,2.30,1.73,4.92,72.60,85.85,No
T01579,Lifting,DMP002,DumpTruck,5,OP006,Intermediate,6,Cloudy,20.16,68.59,21.14,Hilly,Concrete,40.84,108.98,Night,9.96,1,5.93,7.29,4.13,48.30,72.22,No
T01580,Lifting,EXC001,Excavator,7,OP007,Intermediate,3,Sunny,33.78,62.30,14.40,Hilly,Debris,34.96,47.86,Afternoon,3.16,0,3.18,13.53,3.95,46.00,59.60,No
T01581,Material Loading,GRD002,Grader,6,OP016,Expert,10,Foggy,15.56,56.39,2.11,Flat,Rock,10.33,137.38,Afternoon,2.00,1,0.00,0.60,2.44,36.00,36.18,No
T01582,Earth Excavation,LDR002,Loader,4,OP005,Intermediate,3,Cloudy,16.94,46.92,7.64,Flat,Rock,13.15,456.90,Night,6.05,0,12.65,7.72,5.30,63.00,84.35,Yes
T01583,Trenching,CRN002,Crane,6,OP015,Expert,9,Cloudy,10.88,49.14,6.17,Muddy,Concrete,21.67,481.14,Morning,1.95,2,13.47,11.67,3.21,56.70,52.14,No
T01584,Trenching,EXC003,Excavator,5,OP004,Beginner,1,Windy,26.84,45.57,37.68,Muddy,Rock,53.25,246.32,Evening,0.58,0,7.10,11.23,5.00,59.40,79.58,No
T01585,Trenching,LDR003,Loader,8,OP011,Intermediate,3,Cloudy,22.20,41.48,5.08,Rocky,Soil,16.08,268.35,Afternoon,8.72,2,2.71,12.53,4.60,54.34,71.22,No
T01586,Digging,DMP001,DumpTruck,6,OP006,Intermediate,6,Sunny,31.67,51.27,15.98,Rocky,Rock,26.09,395.77,Evening,9.32,0,11.17,5.25,5.16,57.50,79.96,No
T01587,Demolition,BLD001,Bulldozer,2,OP008,Beginner,0,Sunny,17.88,45.66,4.44,Flat,Debris,12.96,309.14,Morning,4.93,1,10.01,7.61,6.45,90.00,119.86,No
T01588,Demolition,LDR001,Loader,1,OP001,Beginner,0,Sunny,13.45,69.84,10.70,Muddy,Rock,57.98,178.04,Evening,6.25,0,7.80,15.02,7.10,108.00,146.82,No
T01589,Demolition,DMP001,DumpTruck,6,OP009,Beginner,2,Cloudy,3.23,60.39,9.07,Sandy,Debris,28.07,146.81,Morning,6.77,3,3.31,10.88,9.22,103.95,164.01,No
T01590,Digging,BLD002,Bulldozer,5,OP020,Intermediate,6,Rainy,18.20,87.22,6.93,Muddy,Debris,30.51,171.47,Evening,7.17,2,3.91,0.52,4.63,69.00,76.91,No
T01591,Earth Excavation,LDR003,Loader,8,OP010,Beginner,0,Sunny,17.09,41.07,17.89,Hilly,Concrete,54.80,110.99,Afternoon,6.38,0,2.22,6.10,7.04,69.00,108.03,No
T01592,Compacting,EXC001,Excavator,7,OP003,Beginner,2,Sunny,22.18,36.64,20.19,Muddy,Soil,40.20,54.10,Evening,8.92,2,0.00,7.78,6.40,66.00,102.46,No
T01593,Earth Excavation,EXC001,Excavator,7,OP019,Intermediate,6,Sunny,22.22,47.79,19.47,Hilly,Concrete,45.91,284.13,Evening,9.03,1,7.02,5.93,6.20,69.00,101.16,No
T01594,Grading,DMP002,DumpTruck,5,OP008,Beginner,0,Rainy,19.16,80.46,5.72,Rocky,Rock,19.06,63.23,Evening,4.70,0,0.00,6.89,4.91,46.29,75.05,No
T01595,Material Loading,DMP002,DumpTruck,5,OP012,Beginner,2,Rainy,16.50,77.86,7.17,Muddy,Concrete,48.19,163.94,Morning,8.14,0,0.00,8.48,4.07,41.40,70.06,No
T01596,Lifting,LDR003,Loader,8,OP017,Intermediate,6,Sunny,16.45,66.49,9.97,Rocky,Rock,29.93,258.33,Evening,2.31,3,8.83,1.73,3.82,46.00,59.47,No
T01597,Lifting,LDR003,Loader,8,OP015,Expert,9,Sunny,9.22,55.66,5.73,Hilly,Sand,19.19,396.79,Afternoon,4.24,1,7.64,4.60,2.78,46.00,47.20,No
T01598,Earth Excavation,LDR001,Loader,1,OP005,Intermediate,3,Cloudy,18.12,57.58,15.50,Muddy,Debris,16.37,59.91,Afternoon,2.44,3,0.00,3.77,4.66,75.60,86.04,No
T01599,Digging,DMP002,DumpTruck,5,OP007,Intermediate,3,Cloudy,21.52,50.85,7.94,Hilly,Concrete,20.15,273.99,Morning,8.48,3,2.77,3.18,4.60,60.37,82.06,Yes
T01600,Demolition,GRD001,Grader,6,OP008,Beginner,0,Rainy,12.28,90.29,23.00,Rocky,Sand,52.49,406.99,Night,4.85,3,2.05,10.93,10.45,119.02,171.52,No
T01601,Lifting,DMP001,DumpTruck,6,OP020,Intermediate,6,Cloudy,19.13,43.51,16.04,Flat,Rock,56.52,54.99,Night,8.15,3,0.00,3.83,3.71,42.00,62.35,No
T01602,Lifting,CRN002,Crane,6,OP016,Expert,10,Sunny,16.64,70.50,0.00,Flat,Sand,15.02,214.62,Night,4.51,0,13.03,4.45,2.41,40.00,42.93,No
T01603,Material Loading,CRN001,Crane,3,OP002,Expert,10,Cloudy,27.39,46.97,8.98,Flat,Debris,31.98,283.95,Afternoon,8.45,3,0.00,7.37,2.81,31.50,44.74,No
T01604,Compacting,EXC003,Excavator,5,OP012,Beginner,2,Cloudy,12.32,50.59,22.09,Muddy,Soil,31.89,103.73,Night,4.90,2,0.68,7.49,5.24,69.30,98.86,No
T01605,Material Loading,GRD001,Grader,6,OP012,Beginner,2,Cloudy,18.63,57.52,26.35,Flat,Debris,16.27,180.98,Morning,7.07,0,7.24,8.22,4.02,31.50,57.26,No
T01606,Earth Excavation,LDR001,Loader,1,OP002,Expert,10,Rainy,14.37,87.34,0.00,Flat,Concrete,9.08,130.05,Night,6.95,1,6.26,11.82,3.62,69.00,69.35,No
T01607,Digging,LDR002,Loader,4,OP011,Intermediate,3,Sunny,20.72,48.18,10.35,Flat,Concrete,27.72,219.97,Night,1.29,0,5.01,0.00,3.02,50.00,59.41,No
T01608,Material Loading,BLD002,Bulldozer,5,OP016,Expert,10,Cloudy,15.46,47.19,14.79,Rocky,Soil,36.61,129.89,Afternoon,6.70,0,3.50,9.64,2.61,36.22,41.01,No
T01609,Earth Excavation,LDR001,Loader,1,OP006,Intermediate,6,Sunny,25.82,61.22,10.43,Sandy,Debris,9.38,222.02,Afternoon,2.00,2,0.00,6.88,4.19,66.00,72.05,No
T01610,Lifting,DMP001,DumpTruck,6,OP019,Intermediate,6,Cloudy,20.12,57.53,13.50,Flat,Debris,45.82,133.16,Night,3.26,1,0.00,9.02,3.26,42.00,52.58,No
T01611,Earth Excavation,BLD001,Bulldozer,2,OP013,Intermediate,3,Sunny,18.86,42.48,9.07,Flat,Debris,20.31,310.31,Afternoon,6.39,3,5.21,4.66,4.53,60.00,73.18,No
T01612,Material Loading,LDR003,Loader,8,OP003,Beginner,2,Cloudy,22.76,67.28,6.37,Flat,Debris,27.35,379.94,Afternoon,4.97,1,2.33,14.88,3.10,31.50,54.01,No
T01613,Digging,LDR003,Loader,8,OP007,Intermediate,3,Sunny,24.33,53.32,15.91,Muddy,Rock,20.04,417.94,Afternoon,6.63,0,0.00,7.52,4.99,60.00,74.85,No
T01614,Digging,CRN001,Crane,3,OP002,Expert,10,Cloudy,6.84,29.69,3.29,Muddy,Debris,42.96,334.62,Morning,1.14,1,4.17,10.17,3.16,63.00,57.68,No
T01615,Digging,DMP002,DumpTruck,5,OP014,Beginner,2,Snowy,3.50,53.58,13.93,Flat,Sand,28.40,446.52,Night,2.62,2,2.99,3.55,5.87,65.00,90.99,No
T01616,Material Loading,CRN002,Crane,6,OP005,Intermediate,3,Windy,19.21,46.55,34.72,Hilly,Debris,17.17,419.51,Afternoon,1.41,1,6.22,7.77,2.52,37.95,43.32,No
T01617,Demolition,LDR001,Loader,1,OP011,Intermediate,3,Sunny,30.39,36.87,12.90,Muddy,Sand,29.95,404.64,Morning,9.31,3,8.45,8.23,6.62,108.00,129.25,No
T01618,Trenching,BLD002,Bulldozer,5,OP001,Beginner,0,Cloudy,21.89,73.46,16.30,Muddy,Rock,8.39,310.88,Morning,9.12,0,6.04,8.83,5.63,56.70,96.53,No
T01619,Material Loading,LDR002,Loader,4,OP004,Beginner,1,Sunny,4.61,45.98,4.39,Muddy,Soil,15.63,269.39,Afternoon,3.04,3,0.77,16.05,2.78,36.00,53.35,No
T01620,Grading,BLD003,Bulldozer,5,OP006,Intermediate,6,Sunny,12.85,45.28,18.17,Flat,Rock,58.02,372.40,Night,4.03,1,0.00,12.50,2.71,35.00,41.16,No
T01621,Trenching,CRN001,Crane,3,OP006,Intermediate,6,Foggy,3.36,56.02,19.74,Flat,Concrete,13.76,419.40,Afternoon,7.39,1,16.15,5.38,3.94,54.00,74.63,No
T01622,Earth Excavation,EXC002,Excavator,2,OP007,Intermediate,3,Cloudy,8.97,35.44,7.96,Hilly,Soil,41.42,445.55,Afternoon,2.03,2,18.68,7.97,4.90,72.45,84.99,No
T01623,Compacting,DMP002,DumpTruck,5,OP005,Intermediate,3,Cloudy,11.08,66.31,0.47,Hilly,Soil,13.75,456.99,Morning,1.10,0,0.00,8.15,4.75,66.41,80.20,No
T01624,Lifting,LDR002,Loader,4,OP002,Expert,10,Windy,19.75,52.74,22.23,Sandy,Sand,21.95,172.04,Evening,5.87,0,17.33,6.75,2.65,48.40,53.66,No
T01625,Earth Excavation,CRN001,Crane,3,OP013,Intermediate,3,Foggy,20.24,50.42,6.38,Sandy,Sand,55.69,336.43,Night,0.04,1,4.39,9.66,4.59,79.20,86.94,No
T01626,Earth Excavation,BLD001,Bulldozer,2,OP015,Expert,9,Foggy,20.37,50.36,15.20,Sandy,Rock,46.51,77.47,Morning,8.05,3,0.00,3.49,3.64,79.20,75.50,No
T01627,Digging,EXC001,Excavator,7,OP007,Intermediate,3,Cloudy,16.03,45.32,18.16,Flat,Debris,56.12,177.13,Night,6.40,1,5.15,7.72,5.23,52.50,72.82,No
T01628,Material Loading,BLD001,Bulldozer,2,OP019,Intermediate,6,Sunny,21.28,68.44,14.71,Rocky,Debris,18.08,22.12,Evening,7.35,0,9.26,4.01,2.82,34.50,43.16,No
T01629,Earth Excavation,GRD001,Grader,6,OP014,Beginner,2,Rainy,15.37,88.10,12.18,Hilly,Rock,51.06,84.52,Evening,7.70,0,1.52,13.63,8.22,79.35,127.82,No
T01630,Lifting,CRN001,Crane,3,OP017,Intermediate,6,Rainy,15.55,74.02,1.77,Muddy,Debris,31.61,53.19,Night,4.80,2,2.90,1.55,3.92,55.20,68.50,Yes
T01631,Compacting,BLD002,Bulldozer,5,OP006,Intermediate,6,Windy,15.46,33.40,44.21,Sandy,Sand,33.53,297.76,Afternoon,1.52,3,3.12,4.59,4.10,66.55,69.49,No
T01632,Lifting,GRD002,Grader,6,OP020,Intermediate,6,Sunny,21.66,44.57,4.25,Rocky,Sand,9.80,321.61,Morning,1.08,3,0.46,9.48,3.45,46.00,54.22,No
T01633,Lifting,LDR002,Loader,4,OP002,Expert,10,Cloudy,8.73,64.33,5.72,Rocky,Debris,20.40,207.27,Night,0.88,0,9.56,0.49,2.79,48.30,49.30,No
T01634,Trenching,CRN002,Crane,6,OP018,Intermediate,4,Sunny,22.36,53.98,14.33,Hilly,Rock,10.89,236.07,Night,5.47,0,4.03,0.00,4.39,51.75,63.91,No
T01635,Trenching,CRN002,Crane,6,OP003,Beginner,2,Cloudy,14.35,62.54,21.73,Flat,Concrete,52.97,414.45,Morning,4.20,0,7.02,6.73,5.06,47.25,79.51,No
T01636,Grading,LDR002,Loader,4,OP015,Expert,9,Sunny,22.41,22.30,13.43,Sandy,Rock,43.42,65.81,Afternoon,0.22,1,6.69,9.47,1.87,38.50,36.30,No
T01637,Demolition,BLD001,Bulldozer,2,OP006,Intermediate,6,Sunny,27.16,37.86,17.24,Sandy,Soil,25.09,30.18,Afternoon,6.55,1,8.40,7.15,6.17,99.00,115.89,No
T01638,Lifting,BLD002,Bulldozer,5,OP001,Beginner,0,Windy,8.60,65.37,23.55,Muddy,Debris,40.32,298.11,Night,3.92,0,2.50,19.67,4.74,52.80,76.87,No
T01639,Compacting,LDR001,Loader,1,OP003,Beginner,2,Cloudy,10.91,50.03,11.03,Flat,Debris,18.54,73.13,Afternoon,0.37,3,11.24,11.40,3.65,57.75,68.01,No
T01640,Grading,EXC002,Excavator,2,OP003,Beginner,2,Snowy,3.63,41.97,25.13,Rocky,Soil,11.90,390.29,Night,3.16,3,7.71,6.76,3.63,52.32,71.21,No
T01641,Compacting,EXC001,Excavator,7,OP016,Expert,10,Cloudy,19.39,44.18,7.36,Sandy,Soil,31.81,227.68,Evening,9.60,3,9.53,5.61,4.38,63.53,77.70,No
T01642,Earth Excavation,LDR001,Loader,1,OP019,Intermediate,6,Cloudy,10.85,83.04,11.12,Rocky,Debris,55.59,465.29,Morning,5.39,1,0.00,12.52,4.09,72.45,79.35,No
T01643,Compacting,EXC001,Excavator,7,OP002,Expert,10,Sunny,23.60,37.57,9.91,Hilly,Debris,18.02,346.38,Night,1.46,1,6.45,9.68,3.34,63.25,54.99,No
T01644,Compacting,EXC001,Excavator,7,OP010,Beginner,0,Cloudy,14.01,63.04,7.47,Flat,Soil,47.67,285.23,Morning,3.92,3,6.79,13.62,4.96,57.75,83.97,No
T01645,Grading,GRD001,Grader,6,OP015,Expert,9,Cloudy,24.82,36.66,17.84,Hilly,Debris,45.18,35.59,Night,3.54,3,0.00,0.00,2.79,42.26,42.67,No
T01646,Material Loading,GRD001,Grader,6,OP018,Intermediate,4,Rainy,21.83,85.77,7.50,Flat,Rock,33.84,287.57,Evening,1.52,1,5.17,2.27,3.17,34.50,44.65,No
T01647,Material Loading,BLD002,Bulldozer,5,OP013,Intermediate,3,Foggy,21.30,73.87,21.80,Flat,Sand,6.74,326.77,Night,2.65,0,0.00,6.10,2.32,36.00,43.50,No
T01648,Demolition,BLD001,Bulldozer,2,OP004,Beginner,1,Rainy,21.80,71.23,9.50,Rocky,Rock,46.84,272.05,Afternoon,3.38,0,4.42,11.90,9.05,119.02,157.12,No
T01649,Compacting,EXC002,Excavator,2,OP002,Expert,10,Sunny,22.64,47.43,6.00,Hilly,Soil,48.59,279.24,Morning,4.24,0,2.80,0.00,3.14,63.25,57.94,No
T01650,Trenching,LDR001,Loader,1,OP013,Intermediate,3,Sunny,19.83,48.88,8.88,Flat,Debris,54.61,203.40,Morning,7.19,2,10.77,3.49,2.94,45.00,60.44,No
T01651,Digging,BLD003,Bulldozer,5,OP017,Intermediate,6,Snowy,14.13,52.27,15.12,Flat,Concrete,31.80,75.59,Morning,1.04,1,6.71,7.97,4.46,65.00,75.91,No
T01652,Grading,CRN001,Crane,3,OP007,Intermediate,3,Sunny,33.43,59.09,4.76,Hilly,Concrete,18.94,245.71,Night,1.01,3,0.00,8.64,1.86,40.25,40.72,No
T01653,Earth Excavation,CRN002,Crane,6,OP017,Intermediate,6,Sunny,22.51,41.90,2.09,Muddy,Soil,43.07,337.27,Morning,1.96,0,3.88,6.83,4.09,72.00,73.76,No
T01654,Demolition,EXC001,Excavator,7,OP014,Beginner,2,Rainy,14.65,76.44,11.33,Hilly,Soil,50.87,403.47,Evening,8.83,3,0.00,20.06,11.72,119.02,184.84,Yes
T01655,Digging,BLD001,Bulldozer,2,OP002,Expert,10,Sunny,18.83,52.08,5.79,Sandy,Soil,17.29,438.71,Afternoon,1.32,2,0.00,1.49,2.89,55.00,48.73,No
T01656,Lifting,DMP002,DumpTruck,5,OP020,Intermediate,6,Sunny,25.35,67.31,1.66,Hilly,Sand,34.30,30.67,Night,9.74,0,9.95,12.75,4.17,46.00,68.31,No
T01657,Trenching,EXC002,Excavator,2,OP013,Intermediate,3,Cloudy,9.59,41.21,2.10,Muddy,Sand,24.43,157.13,Morning,8.54,1,10.99,9.31,3.78,56.70,72.83,No
T01658,Lifting,LDR002,Loader,4,OP011,Intermediate,3,Snowy,0.24,56.71,18.69,Muddy,Concrete,27.59,147.47,Night,4.71,0,8.45,1.02,3.94,62.40,71.66,No
T01659,Trenching,CRN001,Crane,3,OP016,Expert,10,Cloudy,10.34,39.60,13.20,Muddy,Sand,22.50,181.17,Afternoon,5.48,3,0.00,9.11,3.25,56.70,55.16,No
T01660,Material Loading,BLD002,Bulldozer,5,OP009,Beginner,2,Rainy,25.37,62.77,18.15,Sandy,Debris,34.35,401.09,Morning,7.08,0,0.00,9.01,3.60,37.95,67.27,No
T01661,Compacting,CRN001,Crane,3,OP004,Beginner,1,Snowy,11.43,43.33,18.54,Muddy,Concrete,53.41,341.59,Afternoon,5.63,0,0.00,12.39,6.85,85.80,123.63,No
T01662,Grading,DMP002,DumpTruck,5,OP019,Intermediate,6,Snowy,13.33,48.22,0.00,Flat,Soil,11.82,155.03,Night,3.29,0,0.00,14.52,3.19,45.50,50.61,No
T01663,Trenching,EXC001,Excavator,7,OP009,Beginner,2,Sunny,22.30,36.92,6.52,Flat,Soil,19.58,66.54,Night,2.27,2,27.16,15.31,3.37,45.00,57.98,No
T01664,Lifting,DMP001,DumpTruck,6,OP018,Intermediate,4,Sunny,26.49,56.85,10.62,Hilly,Concrete,27.90,380.72,Night,9.99,3,13.77,3.25,4.15,46.00,63.93,Yes
T01665,Grading,LDR003,Loader,8,OP011,Intermediate,3,Windy,13.32,33.10,42.97,Hilly,Concrete,20.00,166.78,Afternoon,1.29,3,6.26,2.52,3.89,44.27,56.98,No
T01666,Lifting,BLD001,Bulldozer,2,OP001,Beginner,0,Rainy,26.02,65.75,7.28,Flat,Soil,6.65,37.48,Evening,8.00,0,3.55,11.93,3.91,46.00,72.68,No
T01667,Earth Excavation,BLD001,Bulldozer,2,OP007,Intermediate,3,Foggy,18.10,38.32,13.94,Flat,Sand,31.41,244.22,Afternoon,1.06,0,12.63,1.89,4.90,72.00,86.29,No
T01668,Lifting,EXC002,Excavator,2,OP001,Beginner,0,Cloudy,16.71,52.14,6.20,Muddy,Debris,56.21,412.62,Night,2.83,2,0.00,11.33,3.40,50.40,68.58,No
T01669,Trenching,EXC002,Excavator,2,OP019,Intermediate,6,Sunny,28.12,47.52,8.96,Muddy,Rock,10.59,447.96,Afternoon,2.80,2,0.00,0.00,4.04,54.00,63.81,No
T01670,Demolition,LDR001,Loader,1,OP019,Intermediate,6,Rainy,10.50,80.87,16.51,Muddy,Debris,44.70,386.66,Night,3.31,3,7.83,2.00,6.31,124.20,126.98,No
T01671,Trenching,BLD001,Bulldozer,2,OP019,Intermediate,6,Sunny,12.10,32.61,10.08,Hilly,Debris,20.30,296.65,Night,8.84,3,9.45,0.00,3.39,51.75,66.43,No
T01672,Material Loading,LDR001,Loader,1,OP001,Beginner,0,Rainy,22.79,53.98,6.19,Hilly,Soil,16.89,155.88,Morning,4.39,2,12.84,16.25,3.33,39.67,57.33,No
T01673,Material Loading,LDR003,Loader,8,OP001,Beginner,0,Cloudy,18.11,55.40,22.29,Sandy,Soil,9.21,90.58,Morning,6.31,3,4.30,10.67,3.90,34.65,59.37,No
T01674,Demolition,DMP002,DumpTruck,5,OP019,Intermediate,6,Sunny,24.27,33.97,2.41,Hilly,Debris,9.58,125.24,Morning,3.70,3,6.90,9.06,7.16,103.50,122.21,No
T01675,Grading,BLD001,Bulldozer,2,OP014,Beginner,2,Sunny,20.37,70.75,8.56,Muddy,Debris,9.18,177.82,Morning,9.32,0,8.83,17.51,3.51,42.00,67.41,Yes
T01676,Material Loading,DMP001,DumpTruck,6,OP009,Beginner,2,Sunny,25.82,48.06,0.00,Rocky,Debris,31.13,52.77,Morning,9.17,1,0.10,6.83,3.38,34.50,59.02,No
T01677,Compacting,EXC003,Excavator,5,OP008,Beginner,0,Sunny,17.46,50.28,17.84,Hilly,Rock,50.97,177.03,Night,1.24,2,16.24,18.44,5.13,63.25,86.78,No
T01678,Earth Excavation,LDR003,Loader,8,OP020,Intermediate,6,Windy,15.39,38.80,32.66,Muddy,Debris,29.06,97.96,Night,9.10,3,0.00,7.13,7.17,79.20,109.23,No
T01679,Digging,DMP002,DumpTruck,5,OP006,Intermediate,6,Windy,15.79,50.88,32.96,Sandy,Sand,49.23,326.35,Morning,0.30,2,0.84,6.32,4.41,60.50,70.51,No
T01680,Earth Excavation,DMP001,DumpTruck,6,OP017,Intermediate,6,Sunny,22.97,51.61,4.79,Sandy,Sand,29.49,47.97,Morning,1.85,3,12.23,9.38,4.72,66.00,70.69,No
T01681,Demolition,EXC002,Excavator,2,OP002,Expert,10,Cloudy,7.20,46.95,13.21,Flat,Soil,35.40,234.75,Afternoon,7.77,2,10.77,9.38,4.71,94.50,93.76,No
T01682,Trenching,CRN002,Crane,6,OP019,Intermediate,6,Rainy,21.19,85.65,13.12,Flat,Rock,43.53,177.94,Evening,5.61,3,1.80,10.85,3.29,51.75,60.92,Yes
T01683,Earth Excavation,EXC003,Excavator,5,OP019,Intermediate,6,Foggy,22.34,57.16,13.23,Hilly,Soil,47.10,232.57,Morning,9.14,3,9.28,10.53,5.72,82.80,102.07,No
T01684,Material Loading,DMP001,DumpTruck,6,OP003,Beginner,2,Cloudy,18.51,57.05,13.91,Muddy,Soil,5.01,477.07,Morning,7.00,1,5.88,18.70,4.04,37.80,62.70,No
T01685,Digging,DMP002,DumpTruck,5,OP019,Intermediate,6,Sunny,24.26,57.68,17.06,Muddy,Debris,27.88,391.70,Evening,3.35,0,3.38,0.00,4.41,60.00,69.96,No
T01686,Grading,BLD002,Bulldozer,5,OP001,Beginner,0,Cloudy,3.11,34.46,3.60,Hilly,Soil,13.19,46.83,Evening,8.73,1,13.55,10.89,3.95,42.26,72.79,Yes
T01687,Grading,BLD003,Bulldozer,5,OP012,Beginner,2,Sunny,17.75,56.59,5.60,Rocky,Concrete,21.00,341.73,Evening,9.58,2,12.14,11.13,4.00,40.25,67.03,No
T01688,Digging,CRN002,Crane,6,OP002,Expert,10,Foggy,17.04,47.69,12.02,Flat,Sand,21.31,148.47,Evening,9.17,3,2.70,7.64,3.65,60.00,66.65,No
T01689,Lifting,BLD002,Bulldozer,5,OP011,Intermediate,3,Windy,23.97,57.83,29.51,Rocky,Concrete,44.19,255.62,Morning,8.38,2,10.23,7.07,4.02,50.60,68.35,No
T01690,Digging,EXC003,Excavator,5,OP016,Expert,10,Cloudy,13.89,47.34,5.69,Sandy,Rock,27.68,151.67,Night,3.67,1,15.39,5.67,3.15,57.75,60.07,No
T01691,Grading,DMP001,DumpTruck,6,OP010,Beginner,0,Cloudy,17.94,54.52,8.44,Flat,Debris,55.14,211.60,Morning,1.59,2,0.00,10.94,3.50,36.75,59.22,No
T01692,Demolition,EXC001,Excavator,7,OP004,Beginner,1,Foggy,19.89,51.55,0.86,Rocky,Debris,50.19,171.79,Evening,4.92,3,0.00,4.62,11.70,124.20,190.67,No
T01693,Digging,EXC002,Excavator,2,OP007,Intermediate,3,Windy,13.17,75.67,31.86,Sandy,Soil,46.73,240.09,Evening,0.56,1,9.21,6.81,2.85,60.50,64.19,No
T01694,Trenching,BLD002,Bulldozer,5,OP011,Intermediate,3,Cloudy,11.39,62.28,1.82,Muddy,Soil,6.10,468.86,Morning,9.43,3,6.37,12.21,4.38,56.70,70.64,Yes
T01695,Earth Excavation,DMP001,DumpTruck,6,OP013,Intermediate,3,Cloudy,19.98,37.82,12.71,Rocky,Soil,48.45,391.05,Afternoon,8.18,0,0.00,8.55,6.52,72.45,101.33,No
T01696,Earth Excavation,CRN001,Crane,3,OP004,Beginner,1,Sunny,24.92,74.58,2.87,Flat,Rock,49.50,216.57,Evening,7.82,2,8.74,10.17,5.61,60.00,96.28,Yes
T01697,Digging,DMP001,DumpTruck,6,OP013,Intermediate,3,Cloudy,29.36,38.53,0.98,Muddy,Soil,56.88,183.26,Evening,3.29,0,3.20,3.79,4.65,63.00,75.61,No
T01698,Material Loading,LDR003,Loader,8,OP011,Intermediate,3,Sunny,19.98,46.01,8.22,Hilly,Sand,49.85,447.57,Afternoon,8.23,1,10.84,0.36,3.04,34.50,54.25,No
T01699,Compacting,GRD001,Grader,6,OP002,Expert,10,Cloudy,18.02,41.29,5.53,Rocky,Debris,17.00,389.65,Morning,3.43,3,0.00,0.00,3.89,66.41,65.10,No
T01700,Compacting,GRD002,Grader,6,OP019,Intermediate,6,Sunny,11.26,47.55,17.24,Muddy,Sand,30.59,318.65,Evening,1.35,3,0.00,5.59,4.36,66.00,76.95,No
T01701,Material Loading,CRN001,Crane,3,OP019,Intermediate,6,Cloudy,15.54,51.17,18.32,Flat,Sand,59.02,96.85,Morning,1.67,1,13.31,0.00,2.01,31.50,34.64,Yes
T01702,Earth Excavation,LDR002,Loader,4,OP007,Intermediate,3,Rainy,21.43,75.41,19.65,Muddy,Sand,46.53,119.14,Morning,2.49,1,0.00,9.99,5.32,82.80,90.23,No
T01703,Trenching,EXC001,Excavator,7,OP003,Beginner,2,Sunny,17.07,60.78,4.74,Sandy,Soil,5.34,134.21,Morning,8.91,2,0.54,9.80,4.85,49.50,84.19,No
T01704,Grading,EXC002,Excavator,2,OP010,Beginner,0,Rainy,10.31,100.00,11.48,Hilly,Rock,10.36,225.24,Afternoon,2.65,1,0.00,12.86,3.82,46.29,67.06,No
T01705,Compacting,LDR002,Loader,4,OP001,Beginner,0,Windy,11.85,46.37,44.55,Flat,Soil,42.35,222.17,Afternoon,3.78,3,7.85,11.48,5.54,60.50,89.37,No
T01706,Grading,GRD002,Grader,6,OP020,Intermediate,6,Cloudy,13.72,53.70,10.97,Hilly,Rock,59.60,332.45,Afternoon,9.70,3,0.78,9.12,3.58,42.26,62.50,No
T01707,Earth Excavation,CRN001,Crane,3,OP016,Expert,10,Rainy,21.71,74.99,12.07,Flat,Concrete,30.76,486.66,Afternoon,3.64,1,11.19,9.54,4.03,69.00,74.61,No
T01708,Trenching,EXC001,Excavator,7,OP003,Beginner,2,Windy,17.92,48.72,41.93,Muddy,Debris,49.00,362.24,Morning,4.63,3,14.19,14.11,5.72,59.40,92.16,No
T01709,Trenching,BLD003,Bulldozer,5,OP014,Beginner,2,Cloudy,18.08,64.62,11.42,Rocky,Rock,34.71,382.24,Morning,3.70,3,13.44,13.79,5.67,54.34,88.19,Yes
T01710,Lifting,BLD002,Bulldozer,5,OP014,Beginner,2,Sunny,23.48,47.55,13.71,Hilly,Rock,6.82,409.47,Morning,5.98,0,0.00,4.57,5.03,46.00,77.60,No
T01711,Digging,LDR003,Loader,8,OP005,Intermediate,3,Cloudy,11.24,39.41,29.13,Muddy,Soil,39.49,73.83,Morning,8.71,3,0.00,7.65,5.65,63.00,84.00,No
T01712,Compacting,DMP001,DumpTruck,6,OP011,Intermediate,3,Windy,24.17,58.70,34.71,Flat,Concrete,45.18,366.86,Afternoon,1.63,2,4.05,6.02,3.86,60.50,71.34,No
T01713,Compacting,LDR003,Loader,8,OP003,Beginner,2,Cloudy,10.32,48.36,12.05,Flat,Rock,8.90,253.52,Evening,9.17,0,6.02,5.59,6.38,57.75,94.92,No
T01714,Demolition,LDR003,Loader,8,OP017,Intermediate,6,Sunny,31.30,49.06,12.52,Sandy,Soil,53.98,343.60,Night,1.56,2,9.47,4.78,8.32,99.00,126.58,No
T01715,Demolition,DMP002,DumpTruck,5,OP005,Intermediate,3,Windy,8.58,50.74,33.52,Hilly,Rock,30.20,466.97,Morning,8.06,0,2.64,13.65,7.36,113.85,133.63,No
T01716,Earth Excavation,LDR001,Loader,1,OP011,Intermediate,3,Cloudy,14.14,38.22,16.53,Hilly,Soil,59.90,23.16,Night,1.65,1,10.52,6.99,3.40,72.45,69.65,No
T01717,Earth Excavation,LDR001,Loader,1,OP008,Beginner,0,Rainy,26.07,100.00,13.14,Rocky,Soil,45.30,165.50,Afternoon,3.87,1,0.00,14.83,5.35,79.35,105.64,No
T01718,Earth Excavation,BLD002,Bulldozer,5,OP015,Expert,9,Snowy,1.62,49.42,14.95,Flat,Sand,30.86,292.51,Afternoon,5.33,1,7.74,7.57,4.30,78.00,82.78,No
T01719,Earth Excavation,LDR002,Loader,4,OP003,Beginner,2,Foggy,19.54,50.07,18.81,Sandy,Debris,36.18,289.80,Evening,6.50,0,17.44,14.48,6.53,79.20,122.52,Yes
T01720,Grading,DMP001,DumpTruck,6,OP010,Beginner,0,Windy,25.50,37.12,36.56,Hilly,Soil,32.23,455.31,Afternoon,7.14,2,6.48,21.10,4.57,44.27,70.63,No
T01721,Digging,EXC003,Excavator,5,OP012,Beginner,2,Sunny,15.51,43.73,0.00,Muddy,Soil,8.60,354.65,Night,7.40,0,0.00,13.31,5.30,60.00,89.99,No
T01722,Lifting,BLD002,Bulldozer,5,OP013,Intermediate,3,Cloudy,9.30,59.02,15.67,Muddy,Debris,41.58,62.10,Afternoon,2.92,1,6.38,2.73,3.37,50.40,59.71,No
T01723,Grading,EXC002,Excavator,2,OP003,Beginner,2,Windy,22.33,58.24,32.78,Flat,Rock,8.21,444.72,Morning,9.82,0,5.12,11.21,4.08,38.50,65.96,No
T01724,Demolition,DMP001,DumpTruck,6,OP020,Intermediate,6,Rainy,21.08,93.69,10.35,Sandy,Concrete,55.27,22.83,Night,8.07,0,13.02,3.09,8.70,113.85,147.95,No
T01725,Material Loading,CRN001,Crane,3,OP005,Intermediate,3,Cloudy,24.32,41.90,18.95,Muddy,Soil,40.68,323.86,Night,6.63,2,10.66,7.14,2.86,37.80,53.59,No
T01726,Compacting,LDR003,Loader,8,OP001,Beginner,0,Cloudy,20.80,50.46,12.64,Sandy,Sand,5.93,416.86,Morning,4.85,1,3.91,13.62,6.13,63.53,92.01,No
T01727,Grading,EXC002,Excavator,2,OP008,Beginner,0,Sunny,19.09,50.42,13.98,Sandy,Debris,7.54,484.37,Afternoon,7.30,1,0.00,11.30,3.75,38.50,63.90,No
T01728,Digging,GRD002,Grader,6,OP016,Expert,10,Foggy,9.54,59.51,17.87,Rocky,Sand,34.69,470.21,Morning,6.62,3,0.00,5.05,4.39,69.00,74.77,No
T01729,Trenching,BLD003,Bulldozer,5,OP019,Intermediate,6,Sunny,13.55,54.46,2.95,Rocky,Sand,47.54,127.84,Night,8.96,1,10.45,8.58,3.65,51.75,75.26,No
T01730,Earth Excavation,CRN001,Crane,3,OP010,Beginner,0,Windy,24.35,44.55,31.94,Flat,Rock,8.47,222.66,Morning,4.29,3,12.75,13.18,5.18,66.00,87.53,No
T01731,Digging,EXC003,Excavator,5,OP009,Beginner,2,Sunny,24.72,28.00,15.30,Hilly,Sand,38.07,300.68,Morning,4.86,0,0.00,20.97,4.80,57.50,84.34,No
T01732,Compacting,BLD003,Bulldozer,5,OP016,Expert,10,Rainy,24.50,61.18,15.65,Rocky,Rock,18.77,390.15,Morning,7.28,0,3.63,8.08,4.22,72.74,67.79,No
T01733,Lifting,BLD001,Bulldozer,2,OP011,Intermediate,3,Cloudy,13.02,40.70,2.41,Sandy,Concrete,22.51,117.28,Morning,2.10,2,4.97,6.47,2.58,46.20,50.59,No
T01734,Lifting,LDR002,Loader,4,OP003,Beginner,2,Cloudy,19.53,52.36,3.61,Sandy,Sand,57.56,259.17,Morning,9.38,1,1.10,19.04,4.32,46.20,80.44,No
T01735,Trenching,LDR003,Loader,8,OP018,Intermediate,4,Sunny,23.41,33.95,19.12,Sandy,Debris,58.10,201.16,Afternoon,8.68,1,0.00,10.10,4.10,49.50,69.26,No
T01736,Digging,BLD003,Bulldozer,5,OP003,Beginner,2,Windy,21.94,48.93,36.50,Muddy,Concrete,5.10,168.75,Night,5.62,3,8.45,5.31,5.77,66.00,98.29,Yes
T01737,Lifting,CRN001,Crane,3,OP015,Expert,9,Cloudy,22.83,28.87,11.06,Flat,Soil,33.93,377.18,Afternoon,1.83,2,11.52,2.94,2.30,42.00,40.03,No
T01738,Demolition,CRN002,Crane,6,OP012,Beginner,2,Foggy,16.48,62.69,10.74,Flat,Debris,48.42,40.75,Night,1.42,3,15.89,7.50,9.42,108.00,160.15,No
T01739,Earth Excavation,DMP002,DumpTruck,5,OP016,Expert,10,Rainy,23.21,71.15,4.23,Sandy,Rock,49.31,395.89,Morning,0.39,1,0.00,3.60,3.95,75.90,70.25,No
T01740,Demolition,CRN002,Crane,6,OP004,Beginner,1,Cloudy,19.43,28.30,6.95,Sandy,Sand,59.21,318.73,Afternoon,7.00,3,0.00,7.56,9.46,103.95,161.06,No
T01741,Grading,LDR002,Loader,4,OP006,Intermediate,6,Sunny,19.49,24.33,10.03,Muddy,Debris,52.68,259.78,Evening,1.82,0,15.28,14.09,2.29,42.00,50.60,No
T01742,Material Loading,EXC002,Excavator,2,OP009,Beginner,2,Cloudy,22.21,33.02,13.17,Muddy,Concrete,55.25,252.46,Evening,2.52,3,5.91,11.06,3.27,37.80,55.36,No
T01743,Earth Excavation,BLD003,Bulldozer,5,OP009,Beginner,2,Cloudy,18.19,38.19,0.00,Sandy,Debris,37.28,379.22,Evening,9.90,1,9.07,9.17,6.92,69.30,111.64,No
T01744,Earth Excavation,LDR003,Loader,8,OP005,Intermediate,3,Cloudy,19.40,48.80,7.53,Rocky,Rock,14.75,428.28,Evening,4.93,2,6.11,0.00,6.29,72.45,93.01,No
T01745,Compacting,DMP001,DumpTruck,6,OP015,Expert,9,Sunny,20.12,62.97,0.00,Hilly,Rock,22.07,150.88,Night,5.33,3,15.69,10.56,4.00,63.25,63.55,No
T01746,Digging,LDR002,Loader,4,OP019,Intermediate,6,Sunny,22.91,63.80,20.81,Hilly,Soil,13.41,126.31,Afternoon,2.79,3,5.78,2.80,3.79,57.50,67.61,No
T01747,Compacting,EXC002,Excavator,2,OP018,Intermediate,4,Sunny,19.08,42.86,8.72,Sandy,Rock,54.83,113.71,Evening,1.88,2,8.69,8.26,3.67,60.50,67.36,No
T01748,Earth Excavation,DMP001,DumpTruck,6,OP011,Intermediate,3,Rainy,26.09,99.06,15.89,Rocky,Sand,50.08,474.87,Morning,5.89,1,7.12,5.76,5.80,79.35,93.73,Yes
T01749,Material Loading,BLD002,Bulldozer,5,OP015,Expert,9,Sunny,9.90,58.08,12.87,Muddy,Sand,12.77,302.67,Evening,7.86,2,0.01,4.91,2.39,36.00,44.69,No
T01750,Lifting,CRN001,Crane,3,OP016,Expert,10,Rainy,12.23,88.89,5.67,Muddy,Rock,5.03,84.21,Night,2.50,3,7.19,6.49,3.39,55.20,57.77,No
T01751,Digging,GRD001,Grader,6,OP004,Beginner,1,Windy,15.73,66.21,32.73,Hilly,Rock,29.04,92.24,Evening,6.42,1,5.61,8.40,5.39,63.25,100.71,Yes
T01752,Demolition,GRD002,Grader,6,OP013,Intermediate,3,Sunny,19.09,39.31,19.82,Rocky,Sand,33.00,171.43,Morning,8.15,0,6.25,8.87,7.80,103.50,126.78,No
T01753,Earth Excavation,LDR001,Loader,1,OP012,Beginner,2,Sunny,19.61,55.79,5.74,Sandy,Sand,16.12,384.64,Evening,1.95,2,6.53,12.01,5.12,66.00,90.64,No
T01754,Demolition,LDR002,Loader,4,OP012,Beginner,2,Sunny,24.95,27.48,21.16,Hilly,Sand,27.53,215.21,Morning,0.16,0,2.53,5.13,8.57,103.50,147.87,No
T01755,Compacting,GRD001,Grader,6,OP012,Beginner,2,Sunny,25.19,58.12,4.22,Hilly,Debris,13.12,315.86,Afternoon,7.21,2,0.00,6.55,5.84,63.25,100.45,No
T01756,Compacting,CRN001,Crane,3,OP009,Beginner,2,Cloudy,24.70,47.37,5.19,Muddy,Rock,11.76,333.27,Afternoon,7.30,3,8.07,12.82,6.13,69.30,104.10,Yes
T01757,Trenching,EXC002,Excavator,2,OP017,Intermediate,6,Sunny,17.70,46.39,12.72,Hilly,Rock,11.60,425.65,Evening,2.65,1,12.87,7.19,3.02,51.75,59.58,No
T01758,Trenching,GRD001,Grader,6,OP006,Intermediate,6,Sunny,29.91,64.92,4.62,Rocky,Rock,43.74,402.90,Morning,8.70,3,0.00,2.96,4.58,51.75,72.08,No
T01759,Material Loading,CRN002,Crane,6,OP005,Intermediate,3,Windy,14.10,35.83,33.45,Rocky,Debris,10.97,426.91,Afternoon,0.76,0,2.50,9.48,2.43,37.95,44.93,No
T01760,Lifting,DMP001,DumpTruck,6,OP008,Beginner,0,Windy,27.26,49.44,34.73,Flat,Sand,23.90,302.34,Morning,8.95,1,0.12,17.84,4.31,44.00,68.39,Yes
T01761,Lifting,EXC003,Excavator,5,OP009,Beginner,2,Rainy,12.54,81.98,15.68,Flat,Soil,45.68,109.99,Night,9.68,1,16.25,18.25,4.36,46.00,79.06,No
T01762,Digging,GRD001,Grader,6,OP016,Expert,10,Sunny,27.64,43.16,11.41,Rocky,Rock,16.75,438.66,Morning,3.02,3,0.22,5.32,4.05,57.50,64.13,No
T01763,Trenching,DMP001,DumpTruck,6,OP004,Beginner,1,Sunny,15.96,34.30,11.11,Hilly,Rock,11.11,217.08,Night,2.63,2,15.99,11.58,4.98,51.75,79.06,No
T01764,Material Loading,CRN001,Crane,3,OP010,Beginner,0,Sunny,23.66,64.83,13.99,Muddy,Soil,5.37,422.58,Afternoon,4.73,2,15.36,15.80,2.89,36.00,54.54,No
T01765,Compacting,GRD001,Grader,6,OP007,Intermediate,3,Foggy,8.11,39.27,19.36,Rocky,Sand,41.01,288.87,Evening,9.38,3,9.96,1.43,5.89,75.90,101.71,Yes
T01766,Compacting,DMP001,DumpTruck,6,OP012,Beginner,2,Sunny,19.81,56.05,9.94,Muddy,Rock,9.67,46.92,Morning,3.49,1,6.82,10.76,6.24,66.00,98.91,No
T01767,Digging,EXC002,Excavator,2,OP010,Beginner,0,Cloudy,12.12,53.33,1.86,Muddy,Debris,47.58,179.65,Evening,8.51,1,2.99,13.85,4.58,63.00,93.51,No
T01768,Digging,BLD002,Bulldozer,5,OP001,Beginner,0,Windy,20.71,71.57,42.86,Rocky,Sand,56.73,123.46,Morning,7.09,3,3.37,18.73,5.36,63.25,98.31,Yes
T01769,Demolition,BLD001,Bulldozer,2,OP010,Beginner,0,Sunny,28.35,61.66,16.12,Rocky,Soil,52.36,28.69,Morning,5.15,3,9.33,13.40,6.87,103.50,144.36,No
T01770,Grading,EXC003,Excavator,5,OP001,Beginner,0,Cloudy,11.59,62.52,5.11,Muddy,Concrete,50.96,175.21,Morning,7.78,0,0.00,12.04,4.53,44.10,72.35,No
T01771,Digging,LDR003,Loader,8,OP009,Beginner,2,Foggy,19.41,32.36,12.09,Hilly,Sand,53.22,444.76,Morning,2.69,2,0.00,8.94,7.17,69.00,103.96,No
T01772,Lifting,EXC001,Excavator,7,OP012,Beginner,2,Sunny,17.84,39.55,5.23,Rocky,Rock,48.45,37.24,Afternoon,8.09,3,8.86,12.72,4.96,46.00,78.27,No
T01773,Trenching,BLD001,Bulldozer,2,OP006,Intermediate,6,Rainy,25.36,73.07,8.57,Muddy,Rock,47.73,387.57,Night,7.47,1,0.87,0.00,3.64,62.10,76.54,No
T01774,Digging,EXC002,Excavator,2,OP002,Expert,10,Sunny,18.29,71.04,10.77,Hilly,Sand,41.40,436.50,Morning,7.47,0,11.04,8.06,3.70,57.50,63.04,No
T01775,Material Loading,DMP002,DumpTruck,5,OP005,Intermediate,3,Rainy,24.59,83.04,10.61,Rocky,Concrete,14.06,43.08,Morning,8.78,2,3.92,4.53,3.51,39.67,55.49,No
T01776,Grading,EXC002,Excavator,2,OP012,Beginner,2,Windy,10.83,68.77,27.68,Hilly,Rock,41.35,79.35,Afternoon,9.45,1,2.20,9.27,3.84,44.27,74.17,Yes
T01777,Demolition,LDR003,Loader,8,OP014,Beginner,2,Cloudy,19.90,38.26,5.49,Rocky,Concrete,24.36,262.51,Morning,2.03,0,17.43,10.72,10.17,108.67,154.53,No
T01778,Earth Excavation,BLD002,Bulldozer,5,OP009,Beginner,2,Sunny,21.88,40.69,1.18,Sandy,Rock,38.18,92.87,Night,2.06,1,5.10,10.12,5.77,66.00,93.09,No
T01779,Demolition,LDR001,Loader,1,OP008,Beginner,0,Sunny,20.16,60.00,0.00,Flat,Concrete,21.91,94.54,Afternoon,5.33,2,10.35,13.24,6.47,90.00,122.20,No
T01780,Digging,BLD002,Bulldozer,5,OP008,Beginner,0,Foggy,20.12,50.59,13.85,Flat,Concrete,58.28,254.76,Morning,7.57,3,0.00,12.32,4.82,60.00,89.03,Yes
T01781,Earth Excavation,DMP001,DumpTruck,6,OP001,Beginner,0,Sunny,30.20,52.87,12.84,Flat,Sand,25.53,101.47,Morning,8.21,0,7.45,20.22,6.40,60.00,99.14,No
T01782,Grading,EXC001,Excavator,7,OP005,Intermediate,3,Cloudy,21.61,54.53,12.37,Flat,Sand,41.89,367.27,Afternoon,1.73,3,0.55,11.36,2.49,36.75,42.93,No
T01783,Compacting,DMP001,DumpTruck,6,OP013,Intermediate,3,Cloudy,20.33,55.10,11.41,Flat,Rock,58.98,496.24,Morning,3.56,0,7.81,9.88,4.30,57.75,68.87,No
T01784,Trenching,GRD002,Grader,6,OP009,Beginner,2,Sunny,28.63,57.93,10.02,Flat,Sand,35.54,384.11,Morning,1.01,3,0.80,14.39,3.44,45.00,62.80,No
T01785,Material Loading,GRD002,Grader,6,OP018,Intermediate,4,Rainy,10.42,73.12,8.01,Rocky,Soil,18.63,152.45,Night,5.60,2,14.05,7.44,2.92,39.67,49.99,No
T01786,Earth Excavation,BLD001,Bulldozer,2,OP018,Intermediate,4,Sunny,22.81,45.96,10.78,Flat,Debris,8.91,27.11,Afternoon,9.20,1,12.31,5.54,5.09,60.00,89.42,Yes
T01787,Lifting,LDR001,Loader,1,OP010,Beginner,0,Windy,22.04,45.98,37.43,Hilly,Sand,11.58,99.15,Morning,2.86,1,13.17,11.16,3.32,50.60,71.09,No
T01788,Demolition,LDR001,Loader,1,OP016,Expert,10,Rainy,17.48,77.42,13.19,Hilly,Debris,41.72,273.12,Night,1.24,3,0.41,9.13,5.25,119.02,98.97,No
T01789,Demolition,BLD002,Bulldozer,5,OP003,Beginner,2,Sunny,23.83,34.12,16.33,Rocky,Debris,23.72,392.74,Night,3.21,1,4.57,11.07,8.70,103.50,151.20,No
T01790,Digging,EXC002,Excavator,2,OP017,Intermediate,6,Sunny,24.58,44.65,18.54,Flat,Concrete,34.28,488.09,Night,4.10,2,11.16,6.20,3.08,50.00,60.06,No
T01791,Grading,EXC003,Excavator,5,OP012,Beginner,2,Rainy,25.70,72.14,3.39,Hilly,Soil,40.19,483.33,Evening,8.85,3,0.00,16.48,4.78,46.29,80.58,No
T01792,Lifting,CRN002,Crane,6,OP013,Intermediate,3,Cloudy,17.44,35.26,9.88,Muddy,Debris,29.82,233.91,Evening,6.11,2,4.00,5.74,3.36,50.40,63.73,No
T01793,Earth Excavation,EXC002,Excavator,2,OP015,Expert,9,Sunny,14.18,41.93,27.73,Sandy,Debris,6.25,319.81,Evening,6.93,3,0.98,0.00,3.78,66.00,66.83,No
T01794,Material Loading,BLD003,Bulldozer,5,OP007,Intermediate,3,Cloudy,15.88,48.79,8.86,Flat,Concrete,9.40,44.89,Evening,2.19,3,12.08,4.89,2.05,31.50,34.47,No
T01795,Material Loading,BLD001,Bulldozer,2,OP008,Beginner,0,Sunny,22.03,41.05,6.24,Sandy,Rock,30.19,63.37,Morning,5.03,1,17.72,14.82,3.23,33.00,50.46,No
T01796,Compacting,LDR001,Loader,1,OP018,Intermediate,4,Sunny,18.93,50.12,13.98,Rocky,Rock,54.31,209.68,Night,2.49,0,11.97,6.30,3.26,63.25,63.43,Yes
T01797,Material Loading,GRD001,Grader,6,OP011,Intermediate,3,Sunny,20.48,62.23,7.59,Rocky,Debris,29.77,290.13,Morning,6.93,1,8.74,8.13,2.77,34.50,50.92,No
T01798,Earth Excavation,EXC001,Excavator,7,OP002,Expert,10,Windy,18.21,44.10,31.98,Hilly,Rock,19.16,329.97,Evening,1.50,0,8.23,10.25,5.26,75.90,75.89,No
T01799,Earth Excavation,BLD002,Bulldozer,5,OP002,Expert,10,Sunny,25.58,67.00,22.80,Muddy,Sand,59.18,327.01,Night,7.61,3,5.46,9.10,4.51,72.00,71.29,No
T01800,Digging,LDR003,Loader,8,OP019,Intermediate,6,Rainy,5.07,70.58,10.63,Muddy,Debris,28.66,452.76,Morning,0.39,0,0.00,8.40,4.85,69.00,77.45,Yes
T01801,Grading,EXC001,Excavator,7,OP014,Beginner,2,Rainy,19.93,100.00,1.27,Muddy,Debris,53.88,481.40,Night,8.97,0,6.25,8.52,5.28,48.30,81.21,No
T01802,Demolition,LDR001,Loader,1,OP017,Intermediate,6,Sunny,27.09,29.05,9.54,Muddy,Concrete,12.59,46.21,Night,0.85,0,8.35,7.05,5.85,108.00,111.15,No
T01803,Trenching,GRD002,Grader,6,OP004,Beginner,1,Sunny,12.16,48.59,10.45,Hilly,Concrete,41.26,124.84,Morning,0.21,2,6.82,9.23,4.71,51.75,76.76,No
T01804,Trenching,GRD002,Grader,6,OP017,Intermediate,6,Cloudy,23.69,67.41,3.78,Hilly,Sand,17.63,239.65,Morning,1.16,3,2.53,6.87,4.60,54.34,69.86,No
T01805,Trenching,GRD001,Grader,6,OP020,Intermediate,6,Sunny,35.20,32.73,6.63,Rocky,Concrete,5.91,91.61,Afternoon,5.09,0,5.53,9.17,3.52,51.75,64.46,No
T01806,Material Loading,LDR003,Loader,8,OP001,Beginner,0,Windy,24.70,49.00,32.38,Sandy,Debris,18.87,430.84,Afternoon,9.73,3,3.63,11.88,4.37,36.30,69.02,Yes
T01807,Trenching,LDR003,Loader,8,OP013,Intermediate,3,Windy,21.44,55.71,30.97,Flat,Debris,27.18,322.97,Afternoon,6.64,0,0.00,7.20,4.22,49.50,70.21,No
T01808,Compacting,BLD002,Bulldozer,5,OP009,Beginner,2,Sunny,17.60,56.35,10.23,Flat,Sand,59.97,147.54,Morning,8.83,1,14.74,12.98,5.03,55.00,87.59,No
T01809,Material Loading,LDR002,Loader,4,OP016,Expert,10,Foggy,13.02,68.14,16.63,Muddy,Sand,58.64,435.19,Afternoon,6.82,1,0.00,12.44,2.15,43.20,44.38,No
T01810,Digging,LDR002,Loader,4,OP008,Beginner,0,Rainy,17.97,62.94,18.92,Flat,Sand,50.27,386.07,Afternoon,6.25,2,9.71,17.25,4.58,57.50,91.21,No
T01811,Grading,BLD002,Bulldozer,5,OP008,Beginner,0,Snowy,3.91,45.36,8.10,Rocky,Debris,12.42,336.33,Afternoon,7.17,1,11.03,11.53,5.09,52.32,86.09,No
T01812,Trenching,EXC001,Excavator,7,OP006,Intermediate,6,Sunny,27.61,53.50,6.49,Muddy,Debris,52.57,453.16,Evening,3.29,0,0.00,6.98,4.61,54.00,75.35,No
T01813,Digging,EXC003,Excavator,5,OP007,Intermediate,3,Rainy,14.55,58.83,1.74,Hilly,Soil,23.18,404.45,Morning,7.50,1,12.87,5.42,4.43,66.12,77.22,No
T01814,Lifting,BLD001,Bulldozer,2,OP001,Beginner,0,Cloudy,4.57,67.80,9.55,Flat,Soil,54.52,410.49,Night,2.94,2,0.99,9.61,3.43,42.00,63.33,No
T01815,Material Loading,DMP002,DumpTruck,5,OP002,Expert,10,Windy,20.99,37.56,34.71,Flat,Sand,7.44,456.89,Afternoon,2.69,0,10.23,7.83,2.00,33.00,33.70,No
T01816,Lifting,EXC003,Excavator,5,OP001,Beginner,0,Sunny,35.54,32.70,17.56,Hilly,Concrete,28.99,388.60,Evening,8.29,3,12.15,9.29,4.13,46.00,71.78,Yes
T01817,Compacting,DMP002,DumpTruck,5,OP018,Intermediate,4,Cloudy,10.85,45.48,9.99,Muddy,Concrete,19.63,316.81,Evening,8.05,3,3.79,3.13,4.94,69.30,84.19,No
T01818,Compacting,BLD002,Bulldozer,5,OP004,Beginner,1,Sunny,21.71,61.25,0.75,Flat,Sand,46.04,165.90,Afternoon,2.50,1,4.36,12.85,3.96,55.00,72.70,No
T01819,Digging,BLD003,Bulldozer,5,OP001,Beginner,0,Sunny,14.96,83.67,0.91,Flat,Concrete,6.99,389.50,Evening,7.13,2,9.74,4.88,4.42,50.00,71.59,No
T01820,Material Loading,DMP002,DumpTruck,5,OP017,Intermediate,6,Cloudy,11.59,59.25,8.25,Sandy,Rock,49.88,365.76,Night,0.73,0,0.24,10.39,2.36,34.65,37.59,No
T01821,Demolition,BLD003,Bulldozer,5,OP009,Beginner,2,Rainy,20.05,98.33,10.47,Flat,Concrete,39.72,170.59,Afternoon,6.13,3,0.00,11.35,9.12,103.50,153.44,No
T01822,Compacting,EXC001,Excavator,7,OP011,Intermediate,3,Windy,13.99,53.87,29.70,Sandy,Soil,55.08,141.90,Evening,8.46,2,8.11,2.62,5.39,66.55,90.45,Yes
T01823,Compacting,CRN001,Crane,3,OP002,Expert,10,Foggy,19.24,75.06,4.47,Rocky,Rock,53.11,464.57,Morning,5.48,2,0.00,0.00,4.08,75.90,78.95,No
T01824,Material Loading,DMP001,DumpTruck,6,OP012,Beginner,2,Cloudy,20.66,50.59,11.05,Flat,Debris,22.77,358.68,Night,8.88,2,0.00,15.18,3.23,31.50,55.93,No
T01825,Material Loading,BLD001,Bulldozer,2,OP018,Intermediate,4,Foggy,22.31,40.94,0.74,Hilly,Sand,18.15,335.13,Evening,6.80,3,7.38,7.39,3.17,41.40,52.06,No
T01826,Earth Excavation,CRN002,Crane,6,OP015,Expert,9,Cloudy,22.91,50.22,3.72,Flat,Soil,54.34,168.37,Afternoon,9.90,1,0.00,2.10,4.08,63.00,68.43,No
T01827,Digging,GRD001,Grader,6,OP004,Beginner,1,Sunny,17.92,36.00,11.13,Sandy,Sand,16.26,286.53,Afternoon,9.61,2,13.30,9.84,5.31,55.00,92.85,No
T01828,Lifting,EXC001,Excavator,7,OP007,Intermediate,3,Sunny,18.86,51.98,14.66,Flat,Debris,38.59,485.01,Night,7.67,3,2.14,5.28,3.21,40.00,54.50,No
T01829,Demolition,BLD002,Bulldozer,5,OP004,Beginner,1,Windy,30.01,60.61,44.08,Flat,Soil,30.77,470.82,Morning,5.63,2,0.00,6.62,8.50,99.00,150.89,No
T01830,Lifting,CRN001,Crane,3,OP014,Beginner,2,Foggy,13.16,49.91,19.99,Hilly,Soil,24.17,199.78,Afternoon,7.06,0,8.13,7.72,4.53,55.20,84.23,Yes
T01831,Demolition,GRD002,Grader,6,OP014,Beginner,2,Sunny,22.43,73.64,1.39,Flat,Soil,29.76,47.10,Evening,7.23,1,5.27,7.35,8.01,90.00,135.40,No
T01832,Lifting,EXC003,Excavator,5,OP012,Beginner,2,Sunny,25.51,28.55,15.17,Flat,Soil,53.74,119.78,Evening,2.56,0,13.72,7.96,3.52,40.00,56.98,No
T01833,Grading,LDR002,Loader,4,OP007,Intermediate,3,Sunny,20.17,59.14,15.20,Hilly,Debris,49.99,426.01,Night,7.93,1,17.27,7.96,3.25,40.25,56.95,No
T01834,Digging,GRD002,Grader,6,OP019,Intermediate,6,Sunny,21.43,49.09,10.98,Muddy,Rock,54.33,385.51,Afternoon,8.43,1,12.55,9.53,4.27,60.00,77.37,No
T01835,Material Loading,DMP001,DumpTruck,6,OP016,Expert,10,Cloudy,21.97,51.65,12.11,Rocky,Sand,39.00,213.81,Night,0.82,3,0.00,4.12,1.63,36.22,37.19,No
T01836,Trenching,LDR003,Loader,8,OP002,Expert,10,Rainy,8.37,92.37,15.05,Muddy,Debris,37.27,123.65,Night,5.81,1,0.00,9.99,4.18,62.10,66.81,No
T01837,Material Loading,GRD001,Grader,6,OP015,Expert,9,Rainy,10.50,73.74,20.23,Flat,Concrete,29.87,372.71,Morning,3.63,1,14.57,12.92,1.68,34.50,36.98,No
T01838,Demolition,EXC001,Excavator,7,OP008,Beginner,0,Cloudy,19.64,68.22,9.64,Rocky,Debris,59.00,355.43,Night,5.59,0,0.00,18.20,9.40,108.67,159.57,Yes
T01839,Lifting,GRD001,Grader,6,OP011,Intermediate,3,Windy,21.83,50.32,34.64,Rocky,Debris,39.96,324.65,Night,5.33,2,8.67,5.38,3.59,50.60,65.84,No
T01840,Digging,BLD001,Bulldozer,2,OP005,Intermediate,3,Cloudy,13.04,68.18,13.98,Muddy,Rock,47.49,300.91,Afternoon,1.75,1,2.80,3.33,3.36,63.00,71.44,No
T01841,Earth Excavation,BLD001,Bulldozer,2,OP007,Intermediate,3,Cloudy,11.39,54.01,0.00,Flat,Soil,34.96,471.58,Afternoon,0.64,1,16.99,0.00,3.66,63.00,73.23,No
T01842,Grading,LDR003,Loader,8,OP008,Beginner,0,Cloudy,13.74,83.12,8.06,Flat,Rock,18.44,490.23,Afternoon,3.51,2,0.00,10.40,3.59,36.75,58.19,No
T01843,Grading,EXC002,Excavator,2,OP017,Intermediate,6,Cloudy,26.68,35.12,14.65,Rocky,Rock,50.67,21.40,Afternoon,0.89,2,8.60,1.10,2.24,42.26,45.88,No
T01844,Grading,EXC002,Excavator,2,OP004,Beginner,1,Cloudy,21.93,60.16,15.65,Hilly,Debris,31.12,445.28,Afternoon,6.45,2,2.46,10.93,2.91,42.26,54.67,No
T01845,Grading,CRN002,Crane,6,OP019,Intermediate,6,Cloudy,17.84,55.89,8.17,Flat,Sand,49.50,403.98,Evening,4.50,0,3.71,3.92,3.29,36.75,49.73,No
T01846,Material Loading,LDR003,Loader,8,OP017,Intermediate,6,Sunny,22.24,42.20,17.92,Muddy,Soil,58.41,280.18,Evening,4.08,3,11.01,10.24,2.99,36.00,46.36,No
T01847,Trenching,CRN001,Crane,3,OP004,Beginner,1,Sunny,25.55,37.09,6.13,Rocky,Sand,32.60,133.09,Evening,0.83,2,1.87,18.39,3.77,51.75,68.96,No
T01848,Material Loading,BLD001,Bulldozer,2,OP017,Intermediate,6,Rainy,19.09,92.79,22.68,Flat,Soil,14.45,92.98,Night,8.85,3,0.00,8.63,2.50,34.50,47.73,No
T01849,Material Loading,EXC001,Excavator,7,OP019,Intermediate,6,Rainy,18.66,67.12,13.23,Hilly,Concrete,41.75,487.16,Night,3.26,3,0.00,10.56,3.15,39.67,52.27,No
T01850,Compacting,BLD003,Bulldozer,5,OP012,Beginner,2,Foggy,19.16,31.80,5.68,Flat,Soil,36.10,336.02,Morning,1.34,3,0.00,9.19,4.87,66.00,89.84,Yes
T01851,Compacting,CRN001,Crane,3,OP011,Intermediate,3,Cloudy,19.15,48.42,0.27,Sandy,Debris,20.56,293.53,Afternoon,0.30,1,13.68,7.30,3.59,63.53,75.40,No
T01852,Digging,BLD003,Bulldozer,5,OP008,Beginner,0,Cloudy,20.93,59.21,6.42,Sandy,Concrete,37.56,210.97,Night,4.97,1,10.67,9.17,5.38,57.75,89.65,No
T01853,Lifting,GRD001,Grader,6,OP020,Intermediate,6,Rainy,22.70,82.63,7.45,Sandy,Rock,27.44,402.73,Morning,9.65,3,4.30,4.24,4.33,50.60,71.24,No
T01854,Earth Excavation,DMP002,DumpTruck,5,OP017,Intermediate,6,Sunny,21.96,31.42,6.88,Hilly,Soil,51.79,165.01,Evening,3.77,0,8.53,9.83,4.88,69.00,84.23,No
T01855,Trenching,GRD002,Grader,6,OP013,Intermediate,3,Windy,11.75,52.23,47.24,Flat,Debris,15.84,383.82,Night,2.02,0,1.36,0.96,3.95,49.50,65.55,No
T01856,Earth Excavation,EXC003,Excavator,5,OP018,Intermediate,4,Sunny,32.80,54.72,13.01,Muddy,Soil,10.53,325.62,Evening,8.44,3,13.12,0.00,5.23,72.00,87.10,No
T01857,Lifting,EXC003,Excavator,5,OP016,Expert,10,Sunny,19.01,66.92,15.61,Hilly,Concrete,15.50,301.56,Afternoon,6.21,1,6.10,7.41,3.05,46.00,46.32,No
T01858,Earth Excavation,BLD003,Bulldozer,5,OP003,Beginner,2,Foggy,19.45,51.25,7.60,Rocky,Sand,42.25,312.58,Afternoon,7.46,1,0.83,14.19,7.37,82.80,125.74,No
T01859,Demolition,DMP001,DumpTruck,6,OP014,Beginner,2,Cloudy,18.73,61.54,10.20,Flat,Rock,15.41,415.47,Morning,5.05,3,17.78,13.57,8.24,94.50,144.99,No
T01860,Demolition,GRD002,Grader,6,OP010,Beginner,0,Foggy,18.14,39.73,12.01,Hilly,Debris,55.19,314.83,Evening,0.17,3,16.28,10.35,10.83,124.20,176.36,No
T01861,Digging,CRN001,Crane,3,OP002,Expert,10,Rainy,15.07,70.22,5.99,Muddy,Soil,13.74,184.17,Afternoon,6.93,1,12.06,6.52,4.50,69.00,76.84,No
T01862,Digging,CRN002,Crane,6,OP015,Expert,9,Windy,18.30,67.93,29.29,Hilly,Soil,39.93,449.42,Afternoon,0.19,1,7.74,8.73,3.58,63.25,55.17,No
T01863,Grading,EXC002,Excavator,2,OP016,Expert,10,Sunny,16.51,32.85,13.75,Hilly,Sand,16.79,102.15,Morning,8.52,2,0.00,0.80,2.51,40.25,49.31,No
T01864,Demolition,LDR003,Loader,8,OP001,Beginner,0,Sunny,22.92,40.93,3.51,Muddy,Soil,32.62,349.69,Evening,3.01,0,10.87,9.70,10.75,108.00,162.63,No
T01865,Earth Excavation,LDR002,Loader,4,OP006,Intermediate,6,Foggy,10.63,49.37,9.45,Flat,Debris,31.14,124.41,Night,0.90,1,3.20,10.21,5.13,72.00,85.07,No
T01866,Compacting,GRD001,Grader,6,OP020,Intermediate,6,Foggy,13.82,49.15,3.11,Sandy,Soil,43.92,447.24,Morning,8.65,0,0.75,11.83,5.92,72.60,102.79,No
T01867,Material Loading,CRN002,Crane,6,OP012,Beginner,2,Rainy,20.75,77.70,6.92,Sandy,Soil,49.79,284.48,Evening,1.04,3,3.52,12.26,2.95,37.95,53.61,Yes
T01868,Trenching,BLD002,Bulldozer,5,OP007,Intermediate,3,Cloudy,8.46,24.64,17.05,Muddy,Rock,7.56,444.00,Morning,0.13,1,4.22,6.88,4.06,56.70,60.42,Yes
T01869,Grading,LDR001,Loader,1,OP009,Beginner,2,Cloudy,18.14,55.92,4.33,Muddy,Sand,12.49,117.86,Evening,0.21,1,7.06,14.79,2.87,44.10,58.70,No
T01870,Grading,EXC003,Excavator,5,OP005,Intermediate,3,Windy,7.57,35.68,31.09,Rocky,Rock,49.12,165.85,Morning,1.05,2,5.39,3.42,3.29,44.27,54.01,No
T01871,Trenching,CRN001,Crane,3,OP012,Beginner,2,Rainy,14.67,62.53,12.95,Muddy,Soil,49.71,303.93,Morning,5.18,3,3.37,9.87,5.33,62.10,91.98,Yes
T01872,Compacting,CRN002,Crane,6,OP004,Beginner,1,Snowy,0.04,59.56,8.48,Rocky,Rock,57.91,103.10,Night,5.68,3,2.19,12.64,7.16,82.22,116.16,No
T01873,Lifting,BLD001,Bulldozer,2,OP002,Expert,10,Cloudy,9.67,41.76,9.25,Flat,Soil,35.78,297.31,Evening,8.92,2,14.25,3.22,2.54,42.00,49.98,No
T01874,Trenching,EXC002,Excavator,2,OP002,Expert,10,Sunny,19.06,58.09,16.26,Sandy,Rock,29.26,238.23,Night,2.17,3,0.00,0.00,2.24,49.50,43.62,No
T01875,Grading,LDR002,Loader,4,OP002,Expert,10,Cloudy,16.94,46.15,0.00,Rocky,Rock,38.51,114.49,Afternoon,7.87,3,12.42,4.56,2.76,42.26,46.14,Yes
T01876,Earth Excavation,BLD003,Bulldozer,5,OP012,Beginner,2,Sunny,17.94,26.22,3.66,Muddy,Soil,35.76,353.84,Morning,1.36,1,4.46,13.61,5.91,72.00,104.77,Yes
T01877,Digging,BLD003,Bulldozer,5,OP012,Beginner,2,Rainy,10.34,84.38,14.63,Muddy,Sand,34.67,277.95,Evening,7.88,2,12.01,14.84,6.11,69.00,104.22,No
T01878,Grading,GRD002,Grader,6,OP018,Intermediate,4,Sunny,23.16,39.01,8.06,Rocky,Concrete,58.17,300.82,Morning,1.73,3,5.71,8.28,2.80,40.25,44.83,No
T01879,Trenching,BLD002,Bulldozer,5,OP008,Beginner,0,Windy,25.22,36.20,47.36,Muddy,Debris,21.71,108.18,Afternoon,4.11,0,8.20,8.73,4.51,59.40,78.73,No
T01880,Material Loading,GRD001,Grader,6,OP017,Intermediate,6,Windy,14.34,48.47,45.53,Hilly,Rock,33.70,489.32,Morning,0.01,2,6.32,5.87,2.82,37.95,43.90,No
T01881,Grading,EXC003,Excavator,5,OP007,Intermediate,3,Windy,26.86,53.34,44.24,Hilly,Soil,55.75,338.42,Morning,6.26,2,9.29,6.51,3.73,44.27,55.97,No
T01882,Compacting,CRN001,Crane,3,OP004,Beginner,1,Windy,13.14,43.31,36.94,Rocky,Soil,41.33,277.95,Morning,8.73,2,15.10,11.33,5.70,69.58,99.44,No
T01883,Earth Excavation,BLD001,Bulldozer,2,OP018,Intermediate,4,Sunny,20.39,68.38,12.44,Flat,Debris,50.29,402.56,Morning,1.06,3,13.30,8.48,3.23,60.00,69.47,No
T01884,Compacting,LDR001,Loader,1,OP004,Beginner,1,Sunny,18.59,71.97,6.89,Muddy,Sand,26.77,416.54,Afternoon,4.25,2,5.68,14.35,4.92,66.00,97.97,No
T01885,Material Loading,LDR001,Loader,1,OP006,Intermediate,6,Sunny,25.38,31.66,16.28,Flat,Debris,35.55,192.95,Night,5.53,3,5.63,7.01,2.07,30.00,38.43,No
T01886,Demolition,CRN002,Crane,6,OP017,Intermediate,6,Rainy,13.68,61.52,6.46,Rocky,Concrete,28.81,316.54,Morning,2.67,0,11.47,0.67,8.92,119.02,148.71,No
T01887,Digging,LDR001,Loader,1,OP008,Beginner,0,Rainy,19.49,83.67,17.09,Rocky,Soil,57.78,389.93,Afternoon,1.45,1,8.94,9.58,4.44,66.12,83.47,No
T01888,Lifting,EXC001,Excavator,7,OP020,Intermediate,6,Foggy,18.48,23.43,10.18,Sandy,Soil,43.90,368.77,Night,4.16,0,3.88,8.94,4.27,52.80,67.34,No
T01889,Material Loading,EXC002,Excavator,2,OP003,Beginner,2,Sunny,18.71,79.34,8.27,Flat,Rock,12.03,242.39,Morning,8.07,2,0.00,11.13,2.89,30.00,49.71,No
T01890,Earth Excavation,BLD002,Bulldozer,5,OP001,Beginner,0,Sunny,31.42,38.26,19.74,Rocky,Concrete,6.80,453.20,Afternoon,3.31,1,0.34,13.07,6.19,69.00,102.19,No
T01891,Compacting,LDR003,Loader,8,OP007,Intermediate,3,Sunny,32.03,45.64,2.24,Hilly,Debris,48.44,63.58,Evening,9.47,0,2.19,7.02,5.06,63.25,91.57,No
T01892,Demolition,LDR003,Loader,8,OP014,Beginner,2,Rainy,17.66,71.44,1.09,Hilly,Debris,8.70,74.33,Evening,5.19,2,0.00,7.85,11.56,119.02,178.29,No
T01893,Material Loading,BLD002,Bulldozer,5,OP004,Beginner,1,Rainy,17.51,85.78,0.00,Flat,Rock,26.27,260.42,Afternoon,8.32,2,0.82,7.84,3.51,34.50,60.35,No
T01894,Lifting,DMP002,DumpTruck,5,OP005,Intermediate,3,Sunny,31.01,36.01,14.29,Muddy,Debris,10.85,146.02,Night,6.85,1,0.00,13.33,4.32,48.00,68.37,No
T01895,Grading,LDR003,Loader,8,OP005,Intermediate,3,Cloudy,26.10,53.69,12.62,Muddy,Soil,28.66,47.55,Evening,0.41,3,7.10,11.37,3.17,44.10,55.36,No
T01896,Trenching,DMP002,DumpTruck,5,OP015,Expert,9,Sunny,37.31,23.61,6.85,Rocky,Concrete,56.87,109.25,Afternoon,4.38,2,10.89,1.68,3.25,51.75,56.35,No
T01897,Earth Excavation,EXC002,Excavator,2,OP002,Expert,10,Rainy,12.58,71.15,8.63,Rocky,Soil,21.30,33.53,Morning,7.75,3,0.00,10.02,4.53,79.35,82.41,No
T01898,Demolition,CRN001,Crane,3,OP016,Expert,10,Sunny,34.22,49.48,3.42,Flat,Soil,56.79,492.94,Evening,3.83,3,9.47,7.75,4.60,90.00,81.98,No
T01899,Demolition,EXC001,Excavator,7,OP016,Expert,10,Foggy,16.18,40.29,0.00,Muddy,Soil,6.85,90.69,Night,1.24,2,10.70,6.83,7.98,129.60,129.70,No
T01900,Trenching,LDR003,Loader,8,OP016,Expert,10,Sunny,22.12,62.24,5.74,Sandy,Rock,51.74,179.48,Evening,0.05,3,0.70,2.43,3.85,49.50,55.29,No
T01901,Lifting,CRN002,Crane,6,OP002,Expert,10,Cloudy,13.90,34.54,6.57,Flat,Soil,59.15,180.25,Evening,3.97,3,0.10,5.28,2.82,42.00,42.77,No
T01902,Compacting,BLD001,Bulldozer,2,OP014,Beginner,2,Foggy,15.28,72.88,4.37,Rocky,Concrete,30.05,164.85,Afternoon,9.46,2,0.00,12.81,6.51,75.90,116.60,No
T01903,Digging,CRN001,Crane,3,OP002,Expert,10,Cloudy,19.21,48.69,7.70,Muddy,Rock,30.52,118.55,Evening,2.39,1,8.05,4.73,3.33,63.00,56.73,No
T01904,Trenching,EXC003,Excavator,5,OP019,Intermediate,6,Sunny,25.07,49.23,2.08,Flat,Sand,7.16,79.63,Afternoon,1.33,1,0.30,7.76,3.37,45.00,56.68,No
T01905,Lifting,EXC001,Excavator,7,OP017,Intermediate,6,Rainy,9.70,76.34,0.00,Sandy,Debris,34.49,312.87,Morning,8.64,0,1.71,7.38,3.88,50.60,65.93,No
T01906,Trenching,GRD002,Grader,6,OP001,Beginner,0,Sunny,16.53,45.99,13.36,Flat,Soil,58.10,264.39,Evening,2.63,2,0.00,10.20,4.35,45.00,67.26,No
T01907,Lifting,GRD002,Grader,6,OP006,Intermediate,6,Cloudy,9.87,57.77,0.09,Muddy,Soil,14.08,401.82,Night,9.73,3,6.97,2.70,4.42,50.40,75.54,No
T01908,Digging,BLD003,Bulldozer,5,OP001,Beginner,0,Foggy,1.94,61.98,6.40,Rocky,Rock,26.21,27.40,Morning,0.48,2,5.19,15.03,5.80,69.00,98.62,No
T01909,Earth Excavation,LDR001,Loader,1,OP004,Beginner,1,Rainy,24.83,84.66,8.45,Hilly,Sand,54.82,83.11,Afternoon,0.90,1,8.95,13.14,6.04,79.35,105.11,No
T01910,Lifting,EXC001,Excavator,7,OP020,Intermediate,6,Snowy,7.74,46.51,11.68,Rocky,Rock,49.31,173.83,Morning,4.96,2,2.74,1.07,4.98,59.80,78.48,No
T01911,Lifting,DMP001,DumpTruck,6,OP005,Intermediate,3,Sunny,26.08,42.37,12.23,Rocky,Concrete,8.39,391.18,Evening,3.53,1,3.94,0.00,2.98,46.00,58.65,No
T01912,Grading,BLD001,Bulldozer,2,OP011,Intermediate,3,Sunny,18.65,29.96,6.18,Hilly,Rock,35.92,144.25,Morning,4.87,3,2.40,15.70,2.44,40.25,45.20,No
T01913,Grading,LDR001,Loader,1,OP011,Intermediate,3,Cloudy,22.05,30.80,10.99,Sandy,Debris,33.72,347.89,Morning,1.57,1,6.08,10.80,2.80,40.43,46.84,No
T01914,Trenching,CRN002,Crane,6,OP004,Beginner,1,Rainy,24.85,91.72,6.02,Hilly,Concrete,54.82,154.70,Evening,7.81,3,5.49,5.48,5.71,59.51,98.84,No
T01915,Demolition,LDR003,Loader,8,OP005,Intermediate,3,Cloudy,12.00,56.93,22.38,Muddy,Sand,33.82,463.13,Evening,0.07,1,6.86,4.21,9.07,113.40,147.55,No
T01916,Trenching,BLD001,Bulldozer,2,OP015,Expert,9,Sunny,25.10,41.03,7.58,Muddy,Debris,22.65,157.30,Night,6.84,3,7.04,5.72,2.75,54.00,51.84,No
T01917,Material Loading,DMP002,DumpTruck,5,OP006,Intermediate,6,Snowy,-3.01,38.95,14.93,Sandy,Concrete,14.75,217.38,Morning,9.25,1,2.97,0.00,3.66,42.90,59.09,No
T01918,Earth Excavation,LDR001,Loader,1,OP010,Beginner,0,Snowy,-1.92,49.61,3.70,Sandy,Concrete,27.37,269.08,Evening,5.47,3,8.05,7.74,6.35,85.80,118.78,No
T01919,Material Loading,DMP002,DumpTruck,5,OP007,Intermediate,3,Sunny,14.90,55.84,3.30,Muddy,Rock,39.04,347.74,Afternoon,2.03,2,8.54,5.38,3.18,36.00,44.09,No
T01920,Lifting,GRD002,Grader,6,OP010,Beginner,0,Sunny,33.88,48.51,5.41,Hilly,Rock,53.19,266.76,Evening,3.33,2,1.73,9.48,3.97,46.00,70.00,No
T01921,Trenching,DMP002,DumpTruck,5,OP014,Beginner,2,Windy,27.66,62.39,32.32,Rocky,Soil,19.51,447.61,Afternoon,4.46,2,6.44,15.51,5.07,56.93,86.87,No
T01922,Compacting,BLD003,Bulldozer,5,OP018,Intermediate,4,Sunny,26.90,57.49,9.35,Muddy,Soil,54.22,262.40,Night,7.83,2,0.00,11.10,5.37,66.00,81.79,Yes
T01923,Earth Excavation,GRD001,Grader,6,OP009,Beginner,2,Rainy,15.36,75.33,9.35,Sandy,Sand,33.71,387.51,Morning,6.47,0,4.06,13.60,6.97,75.90,115.11,No
T01924,Material Loading,EXC001,Excavator,7,OP005,Intermediate,3,Windy,7.78,33.84,29.45,Sandy,Soil,44.94,429.25,Morning,9.70,1,23.59,8.39,3.63,36.30,57.00,No
T01925,Trenching,DMP002,DumpTruck,5,OP016,Expert,10,Sunny,20.61,44.92,17.24,Muddy,Sand,52.33,110.93,Night,2.73,3,0.00,0.00,3.70,54.00,56.54,No
T01926,Earth Excavation,DMP001,DumpTruck,6,OP013,Intermediate,3,Windy,18.37,59.01,46.08,Hilly,Concrete,26.23,312.73,Evening,3.94,1,1.52,3.92,5.14,75.90,89.86,No
T01927,Grading,BLD002,Bulldozer,5,OP006,Intermediate,6,Sunny,8.91,64.99,12.66,Muddy,Rock,48.95,355.03,Night,3.42,1,8.76,8.88,2.99,42.00,52.30,No
T01928,Digging,EXC003,Excavator,5,OP005,Intermediate,3,Rainy,26.35,82.82,10.11,Muddy,Concrete,44.90,22.49,Afternoon,2.86,3,5.13,15.95,5.06,69.00,81.56,No
T01929,Earth Excavation,EXC003,Excavator,5,OP020,Intermediate,6,Sunny,21.77,36.85,16.38,Flat,Soil,15.72,97.41,Morning,7.72,1,0.63,4.05,3.97,60.00,73.21,No
T01930,Demolition,BLD002,Bulldozer,5,OP009,Beginner,2,Rainy,27.66,90.92,5.48,Hilly,Sand,9.45,357.69,Night,4.64,1,5.02,13.53,9.19,119.02,163.20,No
T01931,Demolition,BLD002,Bulldozer,5,OP018,Intermediate,4,Windy,22.72,39.54,30.43,Rocky,Debris,11.01,237.68,Morning,5.84,3,0.05,5.97,7.70,113.85,136.00,No
T01932,Trenching,LDR002,Loader,4,OP002,Expert,10,Rainy,11.20,77.65,6.08,Flat,Sand,40.84,428.78,Evening,5.81,2,0.19,4.85,3.14,51.75,59.11,No
T01933,Lifting,BLD002,Bulldozer,5,OP012,Beginner,2,Sunny,23.04,50.76,9.70,Muddy,Rock,47.82,483.35,Night,5.62,2,14.45,16.28,4.72,48.00,71.80,No
T01934,Material Loading,LDR003,Loader,8,OP018,Intermediate,4,Sunny,29.36,68.31,11.29,Rocky,Debris,55.58,459.12,Afternoon,7.76,0,3.33,0.00,3.07,34.50,48.08,No
T01935,Material Loading,CRN002,Crane,6,OP010,Beginner,0,Windy,31.32,45.05,34.04,Flat,Sand,46.37,399.78,Morning,5.02,0,0.00,10.42,2.95,33.00,51.99,No
T01936,Trenching,BLD001,Bulldozer,2,OP007,Intermediate,3,Cloudy,14.01,65.75,2.16,Flat,Soil,37.93,304.23,Night,2.66,1,7.69,8.66,3.03,47.25,56.92,No
T01937,Digging,BLD002,Bulldozer,5,OP005,Intermediate,3,Foggy,17.47,30.85,11.91,Flat,Concrete,59.51,25.45,Afternoon,4.80,2,0.00,11.45,4.57,60.00,76.81,No
T01938,Grading,LDR003,Loader,8,OP008,Beginner,0,Windy,12.15,41.00,41.92,Flat,Concrete,8.26,361.90,Night,1.87,0,5.72,14.56,4.09,38.50,60.38,No
T01939,Lifting,CRN001,Crane,3,OP007,Intermediate,3,Snowy,8.14,53.55,15.11,Flat,Sand,27.57,72.07,Evening,7.88,3,10.76,13.04,4.08,52.00,67.74,No
T01940,Digging,CRN001,Crane,3,OP012,Beginner,2,Sunny,20.97,55.81,0.57,Muddy,Concrete,38.31,66.28,Evening,3.17,1,0.00,6.83,4.24,60.00,83.74,No
T01941,Grading,GRD001,Grader,6,OP007,Intermediate,3,Snowy,3.54,35.82,14.29,Rocky,Sand,21.85,187.08,Night,4.48,2,0.00,0.62,4.17,52.32,61.71,No
T01942,Trenching,LDR003,Loader,8,OP014,Beginner,2,Rainy,23.48,61.62,10.64,Flat,Debris,14.62,194.00,Evening,6.47,0,12.47,18.61,5.66,51.75,86.38,No
T01943,Digging,DMP001,DumpTruck,6,OP001,Beginner,0,Sunny,30.80,51.96,1.53,Muddy,Sand,13.74,469.65,Evening,0.04,3,4.48,19.56,5.12,60.00,86.08,Yes
T01944,Lifting,LDR002,Loader,4,OP015,Expert,9,Sunny,29.51,45.76,13.77,Flat,Sand,35.00,303.05,Night,9.46,2,1.21,0.00,3.10,40.00,55.09,No
T01945,Lifting,GRD001,Grader,6,OP002,Expert,10,Foggy,21.61,74.68,10.10,Flat,Debris,37.90,273.05,Morning,2.87,2,0.66,7.81,2.67,48.00,51.04,No
T01946,Trenching,GRD001,Grader,6,OP001,Beginner,0,Rainy,21.04,72.86,15.96,Hilly,Soil,22.18,109.94,Morning,5.61,2,0.00,12.63,5.43,59.51,86.47,No
T01947,Grading,LDR001,Loader,1,OP016,Expert,10,Cloudy,19.16,71.30,2.18,Hilly,Rock,36.80,150.86,Evening,4.01,0,4.78,1.38,1.95,42.26,43.28,No
T01948,Earth Excavation,LDR002,Loader,4,OP016,Expert,10,Sunny,21.61,35.62,12.84,Rocky,Debris,50.17,44.17,Afternoon,9.16,0,0.00,3.14,4.25,69.00,77.05,No
T01949,Earth Excavation,LDR002,Loader,4,OP003,Beginner,2,Sunny,30.57,67.43,12.42,Muddy,Soil,34.63,336.26,Morning,4.59,2,5.54,14.48,6.22,72.00,100.10,No
T01950,Grading,CRN002,Crane,6,OP002,Expert,10,Sunny,22.97,59.41,10.60,Hilly,Soil,26.42,414.52,Afternoon,9.29,0,2.59,10.72,3.01,40.25,51.75,No
T01951,Material Loading,GRD002,Grader,6,OP006,Intermediate,6,Sunny,25.36,54.43,0.00,Muddy,Debris,28.73,164.78,Evening,4.12,3,0.00,9.03,2.47,36.00,49.52,No
T01952,Lifting,EXC001,Excavator,7,OP018,Intermediate,4,Sunny,22.45,33.06,17.60,Flat,Rock,48.97,488.38,Night,0.04,2,3.52,4.63,3.47,40.00,53.79,No
T01953,Lifting,CRN002,Crane,6,OP017,Intermediate,6,Rainy,20.31,68.12,0.00,Hilly,Soil,58.41,269.57,Night,4.91,0,4.53,2.61,4.08,52.90,68.55,No
T01954,Digging,BLD003,Bulldozer,5,OP013,Intermediate,3,Rainy,21.11,82.54,4.55,Muddy,Sand,18.34,26.66,Night,9.14,0,18.06,3.10,4.41,69.00,83.85,No
T01955,Compacting,EXC002,Excavator,2,OP005,Intermediate,3,Sunny,15.22,49.56,6.27,Muddy,Soil,5.53,398.94,Evening,8.85,1,4.64,4.19,5.00,66.00,82.05,No
T01956,Digging,EXC002,Excavator,2,OP001,Beginner,0,Windy,21.08,46.12,30.97,Sandy,Debris,9.75,334.45,Night,3.42,0,1.31,14.74,3.79,60.50,77.69,No
T01957,Grading,BLD001,Bulldozer,2,OP019,Intermediate,6,Cloudy,36.14,37.60,10.48,Rocky,Rock,51.50,77.18,Afternoon,7.35,0,6.00,2.70,3.51,42.26,54.38,No
T01958,Lifting,EXC001,Excavator,7,OP009,Beginner,2,Sunny,27.73,77.70,0.00,Sandy,Rock,11.59,164.20,Night,2.25,3,3.05,17.68,4.01,44.00,68.76,No
T01959,Digging,EXC002,Excavator,2,OP015,Expert,9,Rainy,19.92,72.53,16.27,Flat,Soil,29.14,116.55,Evening,3.21,3,15.61,1.77,2.68,57.50,54.71,No
T01960,Material Loading,DMP002,DumpTruck,5,OP001,Beginner,0,Rainy,11.53,78.97,10.11,Rocky,Concrete,30.48,252.08,Afternoon,3.57,3,3.50,12.84,3.70,39.67,61.24,No
T01961,Digging,BLD003,Bulldozer,5,OP004,Beginner,1,Foggy,20.14,49.22,17.00,Sandy,Soil,35.21,114.36,Night,4.75,3,0.00,13.66,5.83,66.00,95.49,No
T01962,Trenching,BLD001,Bulldozer,2,OP008,Beginner,0,Windy,3.29,53.90,37.69,Sandy,Rock,48.65,488.76,Evening,7.39,0,3.71,21.28,4.55,54.45,83.54,No
T01963,Trenching,LDR003,Loader,8,OP002,Expert,10,Snowy,5.03,41.73,1.56,Flat,Soil,52.80,136.22,Afternoon,8.96,1,0.00,10.17,4.42,58.50,66.31,No
T01964,Compacting,EXC001,Excavator,7,OP011,Intermediate,3,Cloudy,25.91,51.84,15.11,Rocky,Debris,21.17,25.10,Evening,5.73,3,2.43,10.75,4.54,66.41,81.28,No
T01965,Compacting,DMP001,DumpTruck,6,OP007,Intermediate,3,Cloudy,14.23,54.09,10.55,Flat,Rock,9.15,396.79,Evening,4.82,0,7.64,2.91,4.33,57.75,66.69,No
T01966,Trenching,LDR001,Loader,1,OP007,Intermediate,3,Windy,18.43,47.03,40.14,Hilly,Sand,35.27,303.02,Afternoon,0.61,2,9.95,0.21,2.96,56.93,57.01,No
T01967,Lifting,BLD003,Bulldozer,5,OP013,Intermediate,3,Cloudy,10.90,42.16,2.62,Flat,Soil,48.66,468.97,Morning,2.27,0,12.48,11.37,3.08,42.00,47.46,No
T01968,Material Loading,LDR003,Loader,8,OP016,Expert,10,Windy,15.21,47.62,33.12,Flat,Rock,14.48,412.09,Night,2.03,2,5.10,3.39,1.76,33.00,34.40,No
T01969,Earth Excavation,CRN001,Crane,3,OP014,Beginner,2,Rainy,25.12,99.53,0.00,Hilly,Soil,45.49,499.02,Afternoon,4.12,0,4.08,13.75,5.51,79.35,102.30,No
T01970,Grading,LDR002,Loader,4,OP003,Beginner,2,Sunny,19.38,23.23,8.47,Flat,Soil,37.88,395.09,Afternoon,9.01,2,10.09,12.08,2.97,35.00,59.12,No
T01971,Lifting,GRD001,Grader,6,OP015,Expert,9,Rainy,1.61,67.04,16.77,Flat,Rock,23.04,399.82,Evening,0.66,0,5.15,2.95,2.66,46.00,41.22,No
T01972,Compacting,LDR003,Loader,8,OP018,Intermediate,4,Windy,22.02,33.01,33.15,Muddy,Rock,39.02,337.31,Night,3.94,0,7.37,11.63,6.04,72.60,91.89,No
T01973,Digging,EXC002,Excavator,2,OP019,Intermediate,6,Sunny,29.22,71.10,8.85,Rocky,Rock,47.55,189.89,Evening,2.88,1,6.29,8.51,3.73,57.50,69.47,No
T01974,Lifting,DMP002,DumpTruck,5,OP015,Expert,9,Rainy,12.49,86.41,14.47,Rocky,Debris,38.97,305.25,Afternoon,6.36,3,13.80,9.53,2.89,52.90,56.83,No
T01975,Digging,LDR002,Loader,4,OP014,Beginner,2,Rainy,23.32,97.05,0.00,Sandy,Sand,14.66,356.69,Morning,7.61,0,21.00,11.78,5.64,63.25,97.85,No
T01976,Trenching,BLD002,Bulldozer,5,OP005,Intermediate,3,Cloudy,23.77,39.25,7.07,Rocky,Soil,50.80,217.84,Night,3.63,3,8.03,5.30,3.21,54.34,58.60,No
T01977,Demolition,DMP002,DumpTruck,5,OP020,Intermediate,6,Rainy,25.21,71.39,11.05,Sandy,Soil,56.15,337.91,Night,3.72,3,14.20,11.84,8.14,113.85,140.74,No
T01978,Material Loading,EXC001,Excavator,7,OP008,Beginner,0,Sunny,23.74,43.88,12.24,Flat,Soil,43.09,156.42,Morning,2.49,2,11.83,8.01,2.48,30.00,48.53,No
T01979,Grading,EXC003,Excavator,5,OP009,Beginner,2,Rainy,24.42,70.86,10.88,Muddy,Rock,24.34,116.42,Evening,9.79,1,12.03,18.01,5.23,48.30,83.95,No
T01980,Demolition,EXC001,Excavator,7,OP020,Intermediate,6,Sunny,30.43,44.96,3.70,Muddy,Sand,54.41,354.69,Afternoon,4.90,2,0.00,3.79,7.28,108.00,121.78,No
T01981,Digging,LDR001,Loader,1,OP003,Beginner,2,Sunny,19.25,49.60,12.84,Sandy,Soil,34.98,118.54,Afternoon,1.64,1,5.32,11.28,3.71,55.00,78.32,No
T01982,Trenching,BLD003,Bulldozer,5,OP001,Beginner,0,Rainy,22.32,82.61,4.57,Rocky,Sand,24.76,495.01,Night,7.07,2,17.41,9.41,4.94,59.51,89.11,Yes
T01983,Trenching,BLD001,Bulldozer,2,OP016,Expert,10,Cloudy,24.35,45.03,10.36,Hilly,Soil,7.40,232.01,Night,1.77,0,0.00,3.23,2.26,54.34,53.18,No
T01984,Digging,CRN001,Crane,3,OP009,Beginner,2,Windy,7.01,61.12,34.13,Flat,Sand,49.36,156.26,Evening,3.30,3,12.59,11.54,4.91,55.00,76.74,No
T01985,Compacting,LDR001,Loader,1,OP012,Beginner,2,Cloudy,24.38,59.34,9.91,Muddy,Rock,11.43,120.60,Morning,3.75,2,0.00,10.61,4.40,69.30,92.15,No
T01986,Compacting,BLD003,Bulldozer,5,OP008,Beginner,0,Cloudy,25.47,42.65,16.64,Muddy,Soil,9.22,51.23,Evening,7.81,3,4.81,9.27,6.19,69.30,108.71,No
T01987,Digging,EXC001,Excavator,7,OP011,Intermediate,3,Windy,13.04,45.83,30.43,Hilly,Debris,8.18,183.92,Evening,4.02,3,0.00,8.71,5.15,63.25,77.90,No
T01988,Trenching,DMP002,DumpTruck,5,OP003,Beginner,2,Cloudy,21.61,32.23,5.09,Sandy,Soil,13.17,399.68,Night,5.59,2,7.21,8.26,4.34,51.98,79.90,No
T01989,Trenching,EXC001,Excavator,7,OP014,Beginner,2,Sunny,25.32,51.61,2.90,Sandy,Rock,40.78,326.28,Afternoon,0.49,1,5.77,17.08,4.65,49.50,75.30,No
T01990,Trenching,DMP002,DumpTruck,5,OP003,Beginner,2,Cloudy,21.52,60.83,11.05,Muddy,Rock,32.58,154.60,Night,0.95,2,5.72,7.62,4.65,56.70,72.68,No
T01991,Lifting,EXC003,Excavator,5,OP016,Expert,10,Sunny,10.32,45.37,19.63,Sandy,Debris,34.45,323.56,Evening,4.43,1,6.00,4.86,2.63,44.00,46.66,No
T01992,Earth Excavation,LDR001,Loader,1,OP018,Intermediate,4,Cloudy,13.95,51.42,12.48,Sandy,Debris,9.45,313.59,Afternoon,0.43,1,12.83,0.67,4.07,69.30,73.26,No
T01993,Trenching,EXC002,Excavator,2,OP005,Intermediate,3,Snowy,-1.23,50.89,13.84,Hilly,Sand,12.52,108.22,Evening,8.40,2,11.92,6.89,4.35,67.27,85.31,Yes
T01994,Demolition,LDR003,Loader,8,OP011,Intermediate,3,Sunny,29.62,60.71,5.75,Rocky,Soil,37.54,466.64,Night,6.54,3,16.22,3.84,7.68,103.50,132.49,No
T01995,Lifting,EXC002,Excavator,2,OP002,Expert,10,Sunny,18.37,55.36,10.36,Flat,Rock,6.64,499.99,Afternoon,1.24,2,6.25,16.82,2.29,40.00,42.17,No
T01996,Material Loading,EXC001,Excavator,7,OP004,Beginner,1,Cloudy,10.71,50.67,12.25,Flat,Soil,9.86,140.10,Morning,9.69,0,6.22,3.14,3.97,31.50,61.06,No
T01997,Lifting,GRD001,Grader,6,OP020,Intermediate,6,Cloudy,11.64,50.67,16.29,Rocky,Rock,7.50,473.61,Night,4.88,1,11.91,12.40,3.78,48.30,62.40,No
T01998,Grading,EXC001,Excavator,7,OP020,Intermediate,6,Sunny,23.30,64.52,5.14,Flat,Sand,36.13,416.47,Afternoon,0.17,3,6.88,5.74,2.97,35.00,39.60,No
T01999,Material Loading,LDR003,Loader,8,OP006,Intermediate,6,Sunny,9.07,50.19,0.89,Rocky,Concrete,16.85,282.71,Evening,5.52,1,5.40,12.53,3.24,34.50,50.52,No
T02000,Lifting,EXC002,Excavator,2,OP017,Intermediate,6,Sunny,28.60,59.49,16.63,Muddy,Soil,27.62,471.94,Afternoon,4.14,0,6.41,7.09,2.68,48.00,53.20,No
